customerID,gender,SeniorCitizen,Partner,Dependents,tenure,PhoneService,MultipleLines,InternetService,OnlineSecurity,OnlineBackup,DeviceProtection,TechSupport,StreamingTV,StreamingMovies,Contract,PaperlessBilling,PaymentMethod,MonthlyCharges,TotalCharges,Churn
CUST-00000,Male,0,No,Yes,44,Yes,No,DSL,No,No,No,No,No,No,Month-to-month,Yes,Credit card (automatic),65.56,2945.11,1
CUST-00001,Female,1,No,No,34,Yes,Yes,DSL,Yes,Yes,No,No,No,Yes,Month-to-month,Yes,Credit card (automatic),77.25,2678.74,0
CUST-00002,Male,0,No,No,26,Yes,No,Fiber optic,No,No,No,No,No,No,Month-to-month,No,Electronic check,102.64,2770.12,1
CUST-00003,Male,0,Yes,No,17,Yes,No,DSL,No,Yes,No,Yes,Yes,Yes,Two year,Yes,Bank transfer (automatic),18.82,322.28,0
CUST-00004,Male,0,Yes,No,35,No,No phone service,Fiber optic,No,No,No,No,Yes,No,Month-to-month,Yes,Credit card (automatic),62.73,2168.19,0
CUST-00005,Female,1,Yes,No,16,Yes,Yes,DSL,No,Yes,Yes,No,Yes,No,Month-to-month,No,Mailed check,66.18,1063.05,1
CUST-00006,Male,0,Yes,Yes,25,Yes,No,No,No internet service,No internet service,No internet service,No internet service,No internet service,No internet service,Month-to-month,Yes,Electronic check,19.33,473.78,0
CUST-00007,Male,0,Yes,No,28,Yes,No,Fiber optic,No,Yes,Yes,No,No,No,Month-to-month,No,Bank transfer (automatic),79.68,2140.01,0
CUST-00008,Male,0,Yes,No,9,No,No phone service,DSL,No,No,Yes,No,No,Yes,Two year,Yes,Mailed check,68.54,643.91,1
CUST-00009,Female,0,Yes,Yes,13,Yes,No,DSL,No,Yes,No,No,Yes,No,Month-to-month,Yes,Electronic check,37.07,465.14,0
CUST-00010,Male,0,Yes,Yes,1,Yes,Yes,DSL,No,No,No,No,No,Yes,One year,No,Electronic check,47.62,47.96,0
CUST-00011,Male,0,Yes,No,61,Yes,No,Fiber optic,No,No,Yes,Yes,No,Yes,One year,Yes,Electronic check,82.84,4875.47,0
CUST-00012,Male,0,No,No,45,No,No phone service,DSL,No,No,No,No,No,No,Month-to-month,No,Bank transfer (automatic),42.8,1896.76,0
CUST-00013,Male,0,No,No,6,No,No phone service,Fiber optic,No,No,Yes,No,Yes,Yes,Month-to-month,Yes,Credit card (automatic),75.64,461.53,1
CUST-00014,Female,0,Yes,No,14,Yes,Yes,No,No internet service,No internet service,No internet service,No internet service,No internet service,No internet service,One year,Yes,Credit card (automatic),20.08,273.85,0
CUST-00015,Male,0,Yes,No,17,Yes,No,No,No internet service,No internet service,No internet service,No internet service,No internet service,No internet service,Month-to-month,Yes,Mailed check,19.38,325.04,0
CUST-00016,Female,0,Yes,Yes,13,Yes,Yes,Fiber optic,No,No,No,No,Yes,No,One year,No,Mailed check,69.09,881.74,0
CUST-00017,Female,0,No,No,51,Yes,No,Fiber optic,No,Yes,No,No,Yes,Yes,Month-to-month,Yes,Bank transfer (automatic),50.43,2694.32,0
CUST-00018,Female,1,Yes,No,41,Yes,Yes,Fiber optic,No,No,No,Yes,No,Yes,Month-to-month,No,Bank transfer (automatic),90.61,3742.95,1
CUST-00019,Male,0,No,No,46,Yes,No,DSL,No,No,No,Yes,No,Yes,Two year,No,Credit card (automatic),55.61,2598.1,0
CUST-00020,Female,1,Yes,No,72,Yes,No,Fiber optic,No,Yes,No,No,No,Yes,Month-to-month,No,Credit card (automatic),78.86,5617.36,0
CUST-00021,Male,0,Yes,No,28,Yes,Yes,No,No internet service,No internet service,No internet service,No internet service,No internet service,No internet service,One year,No,Electronic check,24.85,668.84,0
CUST-00022,Female,0,Yes,Yes,30,Yes,No,No,No internet service,No internet service,No internet service,No internet service,No internet service,No internet service,Month-to-month,Yes,Credit card (automatic),18.66,541.73,0
CUST-00023,Female,1,Yes,No,40,Yes,Yes,Fiber optic,No,Yes,Yes,Yes,Yes,Yes,Two year,No,Electronic check,63.81,2517.3,0
CUST-00024,Female,0,No,No,36,Yes,Yes,DSL,Yes,Yes,Yes,No,No,No,Two year,Yes,Bank transfer (automatic),82.4,2993.63,0
CUST-00025,Female,0,No,No,65,Yes,Yes,Fiber optic,No,No,No,No,No,No,One year,No,Electronic check,62.54,3875.14,1
CUST-00026,Female,0,No,No,47,Yes,Yes,Fiber optic,No,No,No,Yes,No,No,One year,Yes,Bank transfer (automatic),95.65,4357.43,0
CUST-00027,Female,0,No,No,4,Yes,Yes,Fiber optic,Yes,No,Yes,Yes,Yes,No,Two year,No,Electronic check,63.13,259.25,0
CUST-00028,Female,0,No,No,72,No,No phone service,Fiber optic,No,Yes,Yes,No,No,No,Month-to-month,No,Mailed check,96.48,7039.73,0
CUST-00029,Female,0,No,No,36,Yes,No,DSL,No,No,Yes,No,No,No,Two year,No,Electronic check,52.4,1880.68,0
CUST-00030,Male,0,Yes,Yes,4,Yes,No,DSL,Yes,No,No,No,No,No,Month-to-month,Yes,Credit card (automatic),60.45,237.52,1
CUST-00031,Male,0,Yes,No,47,Yes,Yes,DSL,Yes,Yes,No,No,Yes,No,Month-to-month,No,Electronic check,51.78,2367.35,0
CUST-00032,Female,0,Yes,Yes,14,Yes,No,No,No internet service,No internet service,No internet service,No internet service,No internet service,No internet service,Two year,Yes,Electronic check,18.0,261.96,0
CUST-00033,Female,0,No,No,52,Yes,Yes,Fiber optic,No,Yes,No,No,Yes,No,One year,No,Mailed check,84.84,4201.76,0
CUST-00034,Female,0,Yes,Yes,72,Yes,No,DSL,No,No,No,No,No,Yes,Month-to-month,Yes,Bank transfer (automatic),77.22,5393.45,0
CUST-00035,Male,0,No,No,9,Yes,No,Fiber optic,No,No,Yes,No,Yes,No,Two year,No,Bank transfer (automatic),55.88,488.65,0
CUST-00036,Female,1,Yes,No,62,No,No phone service,Fiber optic,Yes,No,No,No,No,No,Two year,Yes,Electronic check,57.31,3481.07,0
CUST-00037,Male,0,No,No,47,Yes,No,Fiber optic,No,No,No,No,No,No,Month-to-month,No,Electronic check,50.92,2438.89,0
CUST-00038,Male,1,Yes,Yes,35,Yes,No,No,No internet service,No internet service,No internet service,No internet service,No internet service,No internet service,One year,Yes,Electronic check,20.94,766.57,0
CUST-00039,Male,0,Yes,No,15,Yes,No,DSL,No,No,No,Yes,Yes,No,Month-to-month,No,Electronic check,59.71,908.88,1
CUST-00040,Male,0,No,Yes,3,No,No phone service,No,No internet service,No internet service,No internet service,No internet service,No internet service,No internet service,Two year,Yes,Bank transfer (automatic),21.16,66.14,0
CUST-00041,Male,0,Yes,Yes,21,No,No phone service,No,No internet service,No internet service,No internet service,No internet service,No internet service,No internet service,Month-to-month,No,Credit card (automatic),20.83,444.84,0
CUST-00042,Female,0,No,No,3,Yes,No,Fiber optic,No,No,Yes,No,No,No,Month-to-month,Yes,Bank transfer (automatic),83.49,252.9,1
CUST-00043,Female,0,Yes,Yes,22,Yes,No,No,No internet service,No internet service,No internet service,No internet service,No internet service,No internet service,Month-to-month,No,Electronic check,23.31,510.39,0
CUST-00044,Female,0,Yes,No,54,Yes,Yes,DSL,No,No,No,Yes,No,No,Month-to-month,Yes,Electronic check,77.79,4284.03,0
CUST-00045,Female,0,No,No,72,Yes,No,DSL,No,No,No,No,No,Yes,Month-to-month,Yes,Electronic check,62.86,4547.6,0
CUST-00046,Female,1,No,No,7,Yes,No,Fiber optic,Yes,No,Yes,No,No,Yes,Month-to-month,No,Electronic check,97.95,679.27,1
CUST-00047,Male,0,Yes,No,7,Yes,No,No,No internet service,No internet service,No internet service,No internet service,No internet service,No internet service,One year,No,Bank transfer (automatic),18.0,129.45,0
CUST-00048,Female,0,No,No,53,Yes,Yes,DSL,Yes,No,No,No,Yes,No,Month-to-month,No,Bank transfer (automatic),62.77,3217.03,0
CUST-00049,Female,0,No,No,20,Yes,Yes,Fiber optic,No,Yes,No,Yes,Yes,No,Month-to-month,Yes,Electronic check,77.72,1541.77,1
CUST-00050,Male,0,No,No,72,Yes,Yes,No,No internet service,No internet service,No internet service,No internet service,No internet service,No internet service,Month-to-month,No,Mailed check,18.0,1319.73,0
CUST-00051,Female,0,Yes,Yes,46,Yes,No,DSL,No,No,Yes,Yes,No,No,One year,No,Bank transfer (automatic),62.17,2949.13,0
CUST-00052,Male,0,Yes,Yes,42,Yes,No,DSL,No,No,No,No,Yes,Yes,Month-to-month,Yes,Electronic check,63.97,2761.77,1
CUST-00053,Female,1,No,No,3,Yes,Yes,Fiber optic,Yes,No,Yes,No,No,No,Month-to-month,Yes,Credit card (automatic),96.23,295.34,1
CUST-00054,Male,0,No,No,1,Yes,No,Fiber optic,No,Yes,Yes,Yes,No,No,Month-to-month,Yes,Mailed check,100.78,101.35,0
CUST-00055,Female,0,No,No,12,Yes,No,DSL,Yes,No,Yes,Yes,No,No,One year,Yes,Mailed check,27.67,330.14,0
CUST-00056,Female,0,Yes,Yes,7,Yes,Yes,No,No internet service,No internet service,No internet service,No internet service,No internet service,No internet service,Month-to-month,Yes,Electronic check,19.73,143.79,0
CUST-00057,Male,0,Yes,No,39,Yes,Yes,Fiber optic,Yes,No,Yes,No,No,No,Month-to-month,No,Mailed check,76.45,2985.18,0
CUST-00058,Male,0,No,No,19,Yes,Yes,Fiber optic,No,Yes,Yes,No,No,No,Two year,Yes,Electronic check,89.35,1760.25,1
CUST-00059,Male,0,Yes,No,23,Yes,No,No,No internet service,No internet service,No internet service,No internet service,No internet service,No internet service,Month-to-month,No,Credit card (automatic),20.01,447.24,0
CUST-00060,Male,0,Yes,Yes,53,Yes,No,Fiber optic,No,Yes,Yes,Yes,No,Yes,Two year,Yes,Mailed check,91.48,4745.32,0
CUST-00061,Male,0,Yes,No,20,Yes,No,Fiber optic,Yes,No,No,Yes,Yes,Yes,Two year,Yes,Credit card (automatic),92.95,1878.01,0
CUST-00062,Male,0,No,No,25,Yes,Yes,Fiber optic,Yes,No,No,Yes,No,Yes,Month-to-month,Yes,Bank transfer (automatic),105.44,2672.31,0
CUST-00063,Male,0,Yes,No,59,Yes,Yes,Fiber optic,No,No,Yes,Yes,Yes,No,One year,No,Electronic check,82.96,4879.55,1
CUST-00064,Male,0,No,No,18,Yes,Yes,DSL,No,Yes,No,No,No,No,Month-to-month,Yes,Credit card (automatic),57.26,1046.17,0
CUST-00065,Female,0,No,No,2,Yes,Yes,DSL,No,No,No,No,Yes,No,Month-to-month,Yes,Electronic check,61.97,117.83,1
CUST-00066,Female,0,No,Yes,23,Yes,Yes,No,No internet service,No internet service,No internet service,No internet service,No internet service,No internet service,Two year,Yes,Mailed check,23.96,538.11,0
CUST-00067,Male,1,Yes,No,27,Yes,Yes,Fiber optic,No,No,No,No,No,No,Month-to-month,Yes,Credit card (automatic),65.73,1783.89,1
CUST-00068,Female,1,Yes,No,22,Yes,No,DSL,No,Yes,No,Yes,No,Yes,Month-to-month,No,Credit card (automatic),52.97,1174.72,0
CUST-00069,Female,0,No,No,9,Yes,No,Fiber optic,Yes,No,No,No,Yes,No,Two year,No,Mailed check,66.68,585.95,0
CUST-00070,Female,0,No,Yes,8,No,No phone service,DSL,Yes,Yes,No,No,No,Yes,Month-to-month,Yes,Electronic check,98.62,827.79,1
CUST-00071,Female,0,No,No,14,Yes,No,No,No internet service,No internet service,No internet service,No internet service,No internet service,No internet service,Month-to-month,Yes,Mailed check,18.0,241.1,1
CUST-00072,Male,0,No,No,5,Yes,No,DSL,No,Yes,No,No,Yes,No,Month-to-month,No,Mailed check,83.69,417.88,0
CUST-00073,Female,1,No,No,35,No,No phone service,DSL,No,No,No,Yes,No,Yes,Month-to-month,Yes,Credit card (automatic),67.74,2349.43,0
CUST-00074,Male,0,No,No,30,Yes,Yes,Fiber optic,No,No,Yes,No,No,Yes,Month-to-month,No,Credit card (automatic),101.49,3105.93,1
CUST-00075,Female,1,Yes,Yes,32,Yes,Yes,No,No internet service,No internet service,No internet service,No internet service,No internet service,No internet service,One year,Yes,Credit card (automatic),22.73,712.7,0
CUST-00076,Female,1,Yes,No,8,Yes,Yes,Fiber optic,No,No,No,No,Yes,No,Two year,Yes,Credit card (automatic),105.03,823.35,0
CUST-00077,Female,0,No,No,9,No,No phone service,No,No internet service,No internet service,No internet service,No internet service,No internet service,No internet service,Month-to-month,Yes,Mailed check,20.38,177.87,1
CUST-00078,Male,0,Yes,No,49,Yes,Yes,Fiber optic,No,No,Yes,No,Yes,No,Month-to-month,No,Bank transfer (automatic),62.65,3053.76,1
CUST-00079,Female,0,No,No,37,Yes,Yes,Fiber optic,Yes,Yes,No,No,No,Yes,Two year,Yes,Mailed check,67.13,2563.51,0
CUST-00080,Male,1,Yes,No,66,Yes,Yes,Fiber optic,No,No,No,No,No,No,One year,Yes,Electronic check,87.39,5873.37,0
CUST-00081,Female,0,No,Yes,16,Yes,Yes,Fiber optic,No,No,No,Yes,Yes,No,One year,Yes,Mailed check,83.26,1328.83,0
CUST-00082,Male,1,Yes,Yes,25,Yes,No,DSL,Yes,No,No,No,No,No,Month-to-month,Yes,Bank transfer (automatic),56.51,1475.62,1
CUST-00083,Female,0,Yes,Yes,42,Yes,No,Fiber optic,Yes,No,No,Yes,Yes,No,Month-to-month,Yes,Electronic check,62.51,2728.08,0
CUST-00084,Male,0,No,No,72,Yes,No,No,No internet service,No internet service,No internet service,No internet service,No internet service,No internet service,Month-to-month,Yes,Bank transfer (automatic),25.69,1861.74,0
CUST-00085,Male,1,Yes,No,72,No,No phone service,Fiber optic,No,Yes,No,No,No,No,Month-to-month,No,Electronic check,79.39,5891.72,1
CUST-00086,Female,0,Yes,No,72,Yes,No,DSL,No,Yes,No,No,Yes,Yes,Month-to-month,Yes,Mailed check,39.62,2736.38,1
CUST-00087,Male,0,Yes,No,70,No,No phone service,DSL,No,No,No,No,Yes,No,Month-to-month,Yes,Bank transfer (automatic),69.8,5089.8,0
CUST-00088,Female,0,No,No,32,Yes,No,Fiber optic,No,Yes,No,No,No,No,Month-to-month,No,Electronic check,95.36,3174.3,1
CUST-00089,Female,0,No,No,1,Yes,Yes,DSL,No,No,Yes,Yes,Yes,No,Month-to-month,No,Credit card (automatic),54.09,53.67,0
CUST-00090,Female,0,No,Yes,38,Yes,No,DSL,No,No,Yes,No,No,No,Month-to-month,No,Electronic check,53.89,2141.07,1
CUST-00091,Female,0,Yes,No,8,Yes,No,Fiber optic,No,Yes,No,No,No,No,Month-to-month,No,Bank transfer (automatic),50.37,388.99,1
CUST-00092,Female,1,No,No,1,Yes,No,Fiber optic,Yes,No,Yes,No,No,Yes,Two year,No,Electronic check,73.39,71.68,0
CUST-00093,Female,1,Yes,No,38,Yes,No,Fiber optic,No,Yes,Yes,Yes,No,No,One year,Yes,Bank transfer (automatic),71.86,2794.87,0
CUST-00094,Female,0,No,No,45,Yes,Yes,DSL,No,No,No,Yes,No,No,One year,No,Mailed check,43.11,2016.34,0
CUST-00095,Female,0,No,No,34,Yes,No,Fiber optic,No,No,No,No,No,No,Month-to-month,Yes,Electronic check,59.43,1961.8,1
CUST-00096,Female,0,No,No,14,No,No phone service,Fiber optic,No,Yes,No,No,No,No,Month-to-month,Yes,Bank transfer (automatic),72.65,1062.14,1
CUST-00097,Female,0,No,No,22,Yes,No,Fiber optic,No,No,No,No,Yes,Yes,Month-to-month,Yes,Bank transfer (automatic),44.21,995.15,1
CUST-00098,Female,1,No,No,72,Yes,Yes,No,No internet service,No internet service,No internet service,No internet service,No internet service,No internet service,Month-to-month,No,Mailed check,20.86,1567.1,0
CUST-00099,Male,0,No,No,41,Yes,No,DSL,Yes,Yes,No,No,No,Yes,Two year,No,Bank transfer (automatic),56.37,2283.77,0
CUST-00100,Male,0,Yes,No,22,Yes,No,No,No internet service,No internet service,No internet service,No internet service,No internet service,No internet service,Month-to-month,No,Credit card (automatic),19.94,451.93,0
CUST-00101,Female,0,No,No,28,No,No phone service,Fiber optic,No,No,No,Yes,Yes,No,Two year,Yes,Bank transfer (automatic),64.68,1805.69,0
CUST-00102,Female,0,Yes,Yes,72,Yes,Yes,Fiber optic,No,No,No,No,No,No,Month-to-month,Yes,Credit card (automatic),57.33,4311.13,0
CUST-00103,Female,0,Yes,No,16,Yes,No,Fiber optic,Yes,No,Yes,No,No,Yes,Two year,No,Mailed check,70.18,1083.99,0
CUST-00104,Female,0,Yes,Yes,3,No,No phone service,Fiber optic,Yes,No,No,No,Yes,Yes,Month-to-month,No,Electronic check,94.82,297.29,1
CUST-00105,Female,0,Yes,No,12,No,No phone service,DSL,No,No,Yes,No,Yes,No,Two year,Yes,Electronic check,56.48,671.61,0
CUST-00106,Female,0,Yes,No,17,Yes,No,DSL,Yes,No,No,No,Yes,No,Month-to-month,Yes,Electronic check,67.25,1196.42,0
CUST-00107,Female,0,No,No,10,Yes,No,DSL,Yes,No,No,No,Yes,Yes,Month-to-month,No,Electronic check,31.89,303.9,0
CUST-00108,Female,0,Yes,Yes,24,Yes,No,No,No internet service,No internet service,No internet service,No internet service,No internet service,No internet service,Two year,Yes,Mailed check,18.19,450.7,0
CUST-00109,Male,0,Yes,No,11,Yes,Yes,No,No internet service,No internet service,No internet service,No internet service,No internet service,No internet service,Month-to-month,Yes,Electronic check,23.5,262.07,0
CUST-00110,Female,0,No,No,3,Yes,No,DSL,No,No,No,No,Yes,Yes,Two year,No,Mailed check,40.77,127.22,0
CUST-00111,Male,0,Yes,Yes,6,Yes,No,Fiber optic,No,Yes,No,No,No,No,Month-to-month,Yes,Mailed check,78.03,450.64,0
CUST-00112,Female,0,No,No,72,Yes,Yes,No,No internet service,No internet service,No internet service,No internet service,No internet service,No internet service,Month-to-month,Yes,Mailed check,21.72,1597.88,0
CUST-00113,Female,0,No,No,31,Yes,No,No,No internet service,No internet service,No internet service,No internet service,No internet service,No internet service,Month-to-month,No,Mailed check,22.37,724.17,0
CUST-00114,Male,0,No,No,12,Yes,Yes,Fiber optic,Yes,No,Yes,No,Yes,No,One year,No,Mailed check,88.49,1106.43,1
CUST-00115,Female,1,No,No,14,Yes,No,Fiber optic,No,No,Yes,No,Yes,No,One year,Yes,Mailed check,97.43,1322.84,1
CUST-00116,Male,1,Yes,Yes,21,Yes,No,Fiber optic,Yes,No,Yes,No,No,No,Month-to-month,Yes,Credit card (automatic),55.38,1164.08,0
CUST-00117,Female,0,Yes,Yes,35,Yes,No,DSL,No,No,No,No,Yes,Yes,One year,Yes,Mailed check,46.3,1684.55,0
CUST-00118,Female,1,Yes,No,27,Yes,Yes,Fiber optic,Yes,No,No,No,No,No,Month-to-month,Yes,Bank transfer (automatic),61.91,1726.38,1
CUST-00119,Male,0,No,No,72,Yes,Yes,DSL,No,No,No,Yes,No,No,Two year,No,Mailed check,68.09,4982.76,0
CUST-00120,Female,0,Yes,No,31,Yes,No,Fiber optic,No,No,No,Yes,No,No,Month-to-month,Yes,Electronic check,26.09,802.93,0
CUST-00121,Male,0,Yes,Yes,72,No,No phone service,DSL,No,No,No,No,No,No,Month-to-month,No,Credit card (automatic),56.12,4110.97,0
CUST-00122,Female,0,Yes,Yes,1,Yes,Yes,Fiber optic,No,Yes,Yes,Yes,Yes,No,Month-to-month,No,Bank transfer (automatic),89.07,87.67,1
CUST-00123,Male,0,No,No,70,Yes,No,No,No internet service,No internet service,No internet service,No internet service,No internet service,No internet service,Two year,Yes,Bank transfer (automatic),18.0,1283.88,0
CUST-00124,Male,0,Yes,Yes,40,Yes,Yes,Fiber optic,Yes,No,Yes,No,No,Yes,Month-to-month,Yes,Electronic check,90.9,3724.71,0
CUST-00125,Female,0,No,No,6,Yes,No,Fiber optic,Yes,Yes,No,No,No,No,Month-to-month,No,Electronic check,61.0,347.99,1
CUST-00126,Female,0,Yes,No,9,Yes,Yes,Fiber optic,No,Yes,No,Yes,Yes,No,One year,No,Electronic check,92.01,845.92,0
CUST-00127,Male,0,Yes,Yes,25,Yes,No,Fiber optic,No,No,Yes,Yes,No,No,Two year,Yes,Mailed check,105.68,2566.02,0
CUST-00128,Female,1,Yes,No,4,Yes,No,Fiber optic,No,No,Yes,No,No,No,Month-to-month,No,Credit card (automatic),81.63,322.36,1
CUST-00129,Female,0,No,No,49,Yes,No,DSL,No,No,Yes,No,Yes,No,Month-to-month,No,Credit card (automatic),69.6,3387.5,0
CUST-00130,Female,0,No,No,50,Yes,No,No,No internet service,No internet service,No internet service,No internet service,No internet service,No internet service,One year,Yes,Bank transfer (automatic),20.98,1099.87,0
CUST-00131,Male,0,Yes,No,11,Yes,No,DSL,No,No,No,Yes,Yes,Yes,Month-to-month,Yes,Mailed check,41.26,431.41,0
CUST-00132,Male,0,Yes,No,2,Yes,No,No,No internet service,No internet service,No internet service,No internet service,No internet service,No internet service,Month-to-month,Yes,Electronic check,18.0,36.99,1
CUST-00133,Male,0,No,Yes,72,No,No phone service,Fiber optic,No,Yes,No,No,No,No,Month-to-month,No,Mailed check,85.1,6351.04,0
CUST-00134,Male,0,Yes,No,9,Yes,No,Fiber optic,Yes,No,No,No,No,No,One year,Yes,Bank transfer (automatic),52.64,461.5,0
CUST-00135,Male,0,Yes,Yes,2,Yes,No,DSL,No,No,Yes,No,No,No,One year,Yes,Bank transfer (automatic),67.5,131.65,1
CUST-00136,Male,0,Yes,Yes,12,Yes,No,Fiber optic,No,No,No,No,No,Yes,Two year,Yes,Mailed check,45.59,566.25,0
CUST-00137,Male,0,Yes,No,72,Yes,No,DSL,No,No,No,No,No,Yes,Month-to-month,No,Mailed check,72.53,5297.29,1
CUST-00138,Male,0,Yes,No,50,Yes,Yes,No,No internet service,No internet service,No internet service,No internet service,No internet service,No internet service,Month-to-month,Yes,Bank transfer (automatic),20.67,1074.2,1
CUST-00139,Male,0,Yes,No,20,Yes,No,DSL,No,No,No,No,No,No,Month-to-month,No,Credit card (automatic),72.14,1444.41,0
CUST-00140,Female,0,Yes,No,11,Yes,Yes,DSL,Yes,No,Yes,No,Yes,No,Two year,Yes,Bank transfer (automatic),63.17,676.12,0
CUST-00141,Male,0,No,No,17,Yes,No,DSL,No,Yes,Yes,Yes,Yes,No,Month-to-month,No,Credit card (automatic),76.62,1351.67,1
CUST-00142,Female,0,Yes,No,1,No,No phone service,Fiber optic,Yes,Yes,Yes,No,No,Yes,Two year,No,Bank transfer (automatic),62.16,61.72,0
CUST-00143,Female,1,No,No,40,Yes,No,Fiber optic,No,Yes,No,No,Yes,No,Month-to-month,Yes,Mailed check,97.1,3800.02,1
CUST-00144,Female,1,Yes,No,3,Yes,No,DSL,Yes,No,Yes,No,No,No,Month-to-month,Yes,Bank transfer (automatic),50.12,146.1,0
CUST-00145,Male,1,No,No,23,No,No phone service,No,No internet service,No internet service,No internet service,No internet service,No internet service,No internet service,Month-to-month,Yes,Mailed check,22.02,524.56,0
CUST-00146,Male,0,Yes,Yes,26,Yes,No,Fiber optic,Yes,Yes,No,No,No,No,Two year,Yes,Mailed check,78.84,2080.46,0
CUST-00147,Male,0,No,Yes,1,Yes,No,Fiber optic,No,No,Yes,No,No,No,Two year,No,Credit card (automatic),62.01,63.37,0
CUST-00148,Male,0,Yes,No,72,Yes,Yes,DSL,No,No,No,No,No,No,Two year,Yes,Electronic check,47.03,3415.62,0
CUST-00149,Female,0,No,No,11,Yes,Yes,DSL,No,No,No,No,Yes,No,One year,No,Electronic check,69.87,805.12,0
CUST-00150,Male,0,Yes,No,2,Yes,No,DSL,No,No,No,No,No,Yes,Month-to-month,Yes,Bank transfer (automatic),65.1,124.36,0
CUST-00151,Male,0,Yes,Yes,61,Yes,Yes,DSL,Yes,Yes,No,No,Yes,No,Month-to-month,Yes,Electronic check,51.98,3199.39,0
CUST-00152,Male,1,No,No,5,Yes,No,No,No internet service,No internet service,No internet service,No internet service,No internet service,No internet service,Month-to-month,Yes,Electronic check,24.35,126.46,1
CUST-00153,Male,0,No,No,1,Yes,No,Fiber optic,No,Yes,No,No,Yes,Yes,One year,Yes,Credit card (automatic),82.7,79.39,1
CUST-00154,Male,1,Yes,No,21,Yes,Yes,Fiber optic,No,Yes,No,Yes,No,No,Month-to-month,Yes,Electronic check,79.54,1706.56,0
CUST-00155,Female,0,No,No,4,Yes,No,DSL,Yes,No,No,No,No,No,One year,Yes,Electronic check,65.13,252.87,0
CUST-00156,Male,0,Yes,No,72,Yes,Yes,Fiber optic,No,No,Yes,Yes,Yes,No,Month-to-month,Yes,Electronic check,61.01,4594.43,1
CUST-00157,Female,0,Yes,No,1,Yes,Yes,Fiber optic,Yes,No,No,No,Yes,No,Two year,No,Mailed check,82.48,83.17,0
CUST-00158,Male,0,No,Yes,1,Yes,No,DSL,No,No,No,No,No,Yes,Two year,No,Mailed check,60.88,60.41,1
CUST-00159,Female,0,Yes,No,57,Yes,Yes,DSL,Yes,No,No,No,No,Yes,One year,No,Bank transfer (automatic),38.66,2112.83,0
CUST-00160,Male,0,No,No,8,Yes,No,Fiber optic,No,No,Yes,No,Yes,No,Two year,No,Electronic check,86.9,721.53,1
CUST-00161,Male,0,Yes,No,72,Yes,Yes,DSL,No,Yes,No,Yes,No,Yes,Month-to-month,No,Bank transfer (automatic),48.92,3461.03,0
CUST-00162,Female,0,No,No,11,Yes,No,Fiber optic,No,No,Yes,No,No,No,Month-to-month,Yes,Mailed check,92.68,1029.06,0
CUST-00163,Female,1,No,No,2,Yes,Yes,No,No internet service,No internet service,No internet service,No internet service,No internet service,No internet service,Two year,Yes,Electronic check,22.86,46.52,0
CUST-00164,Female,0,No,No,1,No,No phone service,Fiber optic,No,No,No,No,Yes,Yes,Month-to-month,Yes,Bank transfer (automatic),63.11,63.78,1
CUST-00165,Male,1,No,No,10,Yes,Yes,Fiber optic,No,No,No,Yes,No,Yes,Month-to-month,Yes,Mailed check,108.05,1046.43,1
CUST-00166,Female,0,Yes,Yes,20,Yes,Yes,No,No internet service,No internet service,No internet service,No internet service,No internet service,No internet service,Month-to-month,No,Bank transfer (automatic),18.8,360.84,0
CUST-00167,Male,0,No,No,1,Yes,Yes,Fiber optic,No,No,Yes,No,No,No,One year,Yes,Credit card (automatic),98.43,96.67,0
CUST-00168,Male,0,Yes,No,27,Yes,No,DSL,No,No,No,No,No,No,One year,No,Mailed check,56.14,1457.88,0
CUST-00169,Female,0,No,No,12,Yes,Yes,DSL,Yes,Yes,No,Yes,Yes,No,Month-to-month,Yes,Credit card (automatic),61.31,749.22,0
CUST-00170,Female,0,No,No,15,Yes,No,DSL,Yes,Yes,Yes,No,No,No,Two year,No,Electronic check,70.42,1066.8,0
CUST-00171,Male,0,No,No,9,Yes,Yes,Fiber optic,No,No,No,Yes,Yes,Yes,Two year,No,Electronic check,79.78,753.48,0
CUST-00172,Male,0,No,No,24,Yes,No,DSL,No,No,No,Yes,No,Yes,Month-to-month,Yes,Bank transfer (automatic),55.1,1284.07,1
CUST-00173,Female,0,Yes,No,8,Yes,No,Fiber optic,No,No,No,No,Yes,Yes,One year,Yes,Electronic check,77.97,637.23,0
CUST-00174,Female,0,No,No,4,Yes,No,No,No internet service,No internet service,No internet service,No internet service,No internet service,No internet service,Two year,No,Mailed check,22.92,91.83,0
CUST-00175,Female,0,Yes,No,70,Yes,Yes,No,No internet service,No internet service,No internet service,No internet service,No internet service,No internet service,Month-to-month,No,Electronic check,19.72,1350.32,0
CUST-00176,Male,0,No,No,15,Yes,Yes,Fiber optic,No,Yes,No,Yes,No,No,Month-to-month,No,Bank transfer (automatic),70.3,1052.21,0
CUST-00177,Male,0,Yes,No,2,Yes,No,No,No internet service,No internet service,No internet service,No internet service,No internet service,No internet service,Month-to-month,No,Credit card (automatic),23.64,49.14,1
CUST-00178,Male,0,No,No,8,Yes,No,Fiber optic,No,No,No,No,Yes,No,Two year,Yes,Electronic check,94.44,747.23,1
CUST-00179,Male,0,Yes,No,11,Yes,No,DSL,No,No,No,No,No,No,Month-to-month,Yes,Mailed check,94.11,1022.59,1
CUST-00180,Male,0,No,No,46,Yes,Yes,No,No internet service,No internet service,No internet service,No internet service,No internet service,No internet service,One year,No,Bank transfer (automatic),18.44,876.39,0
CUST-00181,Male,0,Yes,Yes,1,Yes,No,Fiber optic,No,No,Yes,No,No,No,One year,Yes,Mailed check,89.02,87.75,1
CUST-00182,Female,0,No,No,20,Yes,No,DSL,Yes,Yes,No,No,No,No,Month-to-month,Yes,Electronic check,67.84,1332.64,1
CUST-00183,Male,0,Yes,No,16,Yes,No,Fiber optic,No,No,No,No,No,Yes,Month-to-month,Yes,Bank transfer (automatic),77.56,1209.04,0
CUST-00184,Male,0,No,No,72,Yes,Yes,No,No internet service,No internet service,No internet service,No internet service,No internet service,No internet service,Month-to-month,No,Electronic check,19.16,1405.49,0
CUST-00185,Male,0,Yes,No,6,Yes,No,No,No internet service,No internet service,No internet service,No internet service,No internet service,No internet service,Month-to-month,No,Mailed check,21.41,133.28,0
CUST-00186,Female,1,No,No,31,Yes,No,Fiber optic,No,No,No,No,No,Yes,Month-to-month,Yes,Credit card (automatic),68.77,2189.38,1
CUST-00187,Male,0,Yes,Yes,7,No,No phone service,DSL,No,No,Yes,No,Yes,No,Month-to-month,Yes,Mailed check,57.72,409.64,0
CUST-00188,Male,0,No,No,25,Yes,Yes,DSL,Yes,No,No,No,Yes,No,One year,Yes,Credit card (automatic),49.1,1204.96,0
CUST-00189,Female,0,Yes,No,25,Yes,Yes,No,No internet service,No internet service,No internet service,No internet service,No internet service,No internet service,Month-to-month,No,Credit card (automatic),20.36,496.26,0
CUST-00190,Male,0,No,No,2,Yes,No,Fiber optic,No,No,No,Yes,Yes,No,Month-to-month,No,Electronic check,71.87,143.89,1
CUST-00191,Male,0,Yes,Yes,19,Yes,No,Fiber optic,Yes,No,No,No,No,Yes,Month-to-month,Yes,Bank transfer (automatic),59.58,1086.66,1
CUST-00192,Male,0,Yes,No,19,Yes,No,DSL,No,No,Yes,No,No,Yes,Month-to-month,Yes,Credit card (automatic),79.03,1491.4,0
CUST-00193,Male,0,No,No,12,Yes,Yes,Fiber optic,No,No,No,No,No,No,One year,No,Bank transfer (automatic),86.71,1052.36,1
CUST-00194,Male,0,Yes,No,10,Yes,No,Fiber optic,No,No,No,No,Yes,No,Month-to-month,Yes,Credit card (automatic),45.34,468.89,1
CUST-00195,Female,0,Yes,Yes,8,Yes,Yes,Fiber optic,No,No,No,No,No,No,Month-to-month,Yes,Mailed check,60.85,480.51,1
CUST-00196,Female,0,No,No,1,Yes,No,DSL,No,No,No,No,No,No,One year,Yes,Bank transfer (automatic),35.39,34.38,0
CUST-00197,Female,1,No,No,1,Yes,No,Fiber optic,No,Yes,No,Yes,No,No,Month-to-month,No,Electronic check,59.36,59.55,1
CUST-00198,Male,0,No,No,28,No,No phone service,Fiber optic,Yes,No,No,No,No,No,Month-to-month,Yes,Bank transfer (automatic),72.55,2025.55,1
CUST-00199,Male,1,Yes,Yes,11,No,No phone service,No,No internet service,No internet service,No internet service,No internet service,No internet service,No internet service,One year,No,Bank transfer (automatic),18.0,194.93,1
CUST-00200,Male,0,Yes,Yes,5,Yes,Yes,DSL,No,No,Yes,No,No,No,Month-to-month,Yes,Mailed check,70.11,338.38,1
CUST-00201,Female,1,No,No,36,Yes,No,No,No internet service,No internet service,No internet service,No internet service,No internet service,No internet service,Month-to-month,Yes,Mailed check,22.3,822.98,0
CUST-00202,Male,1,Yes,No,24,Yes,No,DSL,Yes,Yes,No,No,No,Yes,Month-to-month,Yes,Electronic check,62.73,1472.05,1
CUST-00203,Male,0,No,No,72,Yes,No,Fiber optic,Yes,No,Yes,Yes,No,Yes,Month-to-month,No,Mailed check,102.99,7433.09,1
CUST-00204,Female,0,Yes,No,56,Yes,No,DSL,No,No,No,Yes,Yes,Yes,One year,No,Electronic check,50.32,2728.77,0
CUST-00205,Male,0,No,Yes,41,Yes,No,No,No internet service,No internet service,No internet service,No internet service,No internet service,No internet service,Two year,Yes,Credit card (automatic),20.66,886.58,0
CUST-00206,Female,0,No,Yes,4,No,No phone service,Fiber optic,No,Yes,No,Yes,Yes,Yes,Two year,Yes,Mailed check,77.17,318.28,1
CUST-00207,Female,0,No,No,35,Yes,No,Fiber optic,No,Yes,Yes,No,Yes,Yes,Month-to-month,Yes,Electronic check,88.59,3174.91,0
CUST-00208,Female,0,Yes,Yes,37,Yes,Yes,Fiber optic,Yes,Yes,Yes,No,No,No,Two year,Yes,Mailed check,60.66,2231.23,0
CUST-00209,Male,0,No,No,46,Yes,No,Fiber optic,Yes,Yes,Yes,Yes,No,Yes,One year,No,Credit card (automatic),72.32,3459.65,0
CUST-00210,Male,0,Yes,No,9,Yes,No,DSL,Yes,Yes,Yes,No,No,Yes,Month-to-month,No,Electronic check,60.54,518.27,1
CUST-00211,Male,1,No,No,32,Yes,No,No,No internet service,No internet service,No internet service,No internet service,No internet service,No internet service,Two year,Yes,Electronic check,19.46,629.35,0
CUST-00212,Male,0,No,Yes,30,No,No phone service,Fiber optic,No,No,No,Yes,No,No,One year,No,Mailed check,111.87,3318.36,0
CUST-00213,Male,0,Yes,No,15,No,No phone service,Fiber optic,No,No,Yes,No,No,Yes,Month-to-month,No,Bank transfer (automatic),97.63,1396.78,1
CUST-00214,Male,0,Yes,No,34,Yes,No,DSL,No,No,No,No,No,Yes,Month-to-month,Yes,Bank transfer (automatic),69.99,2316.5,0
CUST-00215,Male,1,No,Yes,2,Yes,No,Fiber optic,No,No,Yes,Yes,No,No,One year,Yes,Mailed check,90.28,174.29,0
CUST-00216,Female,0,Yes,Yes,33,Yes,Yes,Fiber optic,Yes,No,No,No,No,No,Month-to-month,Yes,Credit card (automatic),74.47,2445.37,1
CUST-00217,Male,0,No,Yes,29,Yes,No,Fiber optic,No,No,No,No,Yes,Yes,Month-to-month,Yes,Electronic check,82.06,2459.75,1
CUST-00218,Female,0,Yes,Yes,7,Yes,Yes,DSL,No,No,No,Yes,Yes,No,Two year,Yes,Credit card (automatic),89.12,608.57,0
CUST-00219,Male,0,Yes,No,54,Yes,No,Fiber optic,No,No,No,No,Yes,No,Month-to-month,No,Electronic check,59.38,3251.11,0
CUST-00220,Male,0,No,No,66,Yes,No,No,No internet service,No internet service,No internet service,No internet service,No internet service,No internet service,Month-to-month,Yes,Electronic check,22.49,1442.87,0
CUST-00221,Male,1,No,No,7,No,No phone service,No,No internet service,No internet service,No internet service,No internet service,No internet service,No internet service,Two year,Yes,Electronic check,22.46,152.68,0
CUST-00222,Female,0,Yes,No,2,Yes,No,DSL,No,No,No,No,No,No,Month-to-month,No,Credit card (automatic),59.41,114.71,0
CUST-00223,Female,0,No,Yes,29,Yes,Yes,DSL,No,No,No,No,No,No,Month-to-month,No,Mailed check,59.1,1713.04,0
CUST-00224,Female,1,No,No,20,Yes,Yes,Fiber optic,Yes,Yes,No,No,No,No,One year,No,Mailed check,51.7,1022.73,0
CUST-00225,Female,0,No,No,17,Yes,Yes,Fiber optic,No,Yes,No,No,Yes,Yes,Month-to-month,No,Mailed check,30.4,499.46,1
CUST-00226,Male,0,Yes,No,45,Yes,Yes,Fiber optic,Yes,Yes,Yes,Yes,No,Yes,Two year,Yes,Bank transfer (automatic),60.24,2673.46,0
CUST-00227,Female,1,Yes,No,72,Yes,Yes,DSL,No,No,No,Yes,No,No,Month-to-month,Yes,Mailed check,54.19,3766.75,0
CUST-00228,Male,0,No,Yes,20,No,No phone service,Fiber optic,Yes,Yes,No,Yes,Yes,No,Two year,No,Credit card (automatic),61.95,1224.76,0
CUST-00229,Male,0,No,No,1,Yes,Yes,Fiber optic,No,No,Yes,Yes,Yes,Yes,Month-to-month,No,Electronic check,66.52,67.64,1
CUST-00230,Female,0,Yes,Yes,29,Yes,Yes,No,No internet service,No internet service,No internet service,No internet service,No internet service,No internet service,Month-to-month,Yes,Mailed check,21.37,644.56,0
CUST-00231,Female,0,No,Yes,33,Yes,No,Fiber optic,No,No,No,No,No,No,Month-to-month,Yes,Mailed check,68.19,2212.03,1
CUST-00232,Female,0,Yes,No,56,Yes,No,DSL,Yes,Yes,No,No,No,No,Month-to-month,Yes,Bank transfer (automatic),53.89,2939.63,1
CUST-00233,Female,0,Yes,No,7,Yes,No,DSL,No,No,Yes,No,Yes,No,Month-to-month,No,Credit card (automatic),67.89,468.09,1
CUST-00234,Female,0,No,No,23,No,No phone service,Fiber optic,No,No,No,No,No,No,One year,No,Electronic check,80.08,1821.53,0
CUST-00235,Female,1,No,No,18,Yes,No,No,No internet service,No internet service,No internet service,No internet service,No internet service,No internet service,Two year,No,Credit card (automatic),18.61,333.95,0
CUST-00236,Female,0,Yes,No,34,Yes,No,Fiber optic,No,No,No,No,No,Yes,Month-to-month,Yes,Credit card (automatic),62.74,2109.17,0
CUST-00237,Female,1,No,No,2,No,No phone service,No,No internet service,No internet service,No internet service,No internet service,No internet service,No internet service,Month-to-month,Yes,Credit card (automatic),24.63,51.35,0
CUST-00238,Male,0,No,No,68,Yes,No,DSL,No,No,No,No,No,No,Month-to-month,Yes,Electronic check,42.98,2883.6,0
CUST-00239,Female,0,No,Yes,22,Yes,No,Fiber optic,No,No,No,Yes,Yes,Yes,Month-to-month,Yes,Credit card (automatic),85.01,1785.49,1
CUST-00240,Female,0,No,No,67,Yes,No,DSL,No,No,No,Yes,No,No,Month-to-month,No,Credit card (automatic),59.44,4090.16,0
CUST-00241,Male,0,Yes,No,13,Yes,No,DSL,Yes,Yes,No,No,No,No,Month-to-month,Yes,Bank transfer (automatic),60.94,785.21,1
CUST-00242,Female,0,Yes,No,33,Yes,No,No,No internet service,No internet service,No internet service,No internet service,No internet service,No internet service,Month-to-month,Yes,Electronic check,19.44,651.33,0
CUST-00243,Male,1,Yes,Yes,72,Yes,No,Fiber optic,No,Yes,No,No,No,Yes,Two year,No,Mailed check,96.63,7029.18,0
CUST-00244,Male,0,No,No,72,Yes,Yes,DSL,Yes,No,Yes,Yes,Yes,No,One year,Yes,Credit card (automatic),55.44,4130.03,0
CUST-00245,Female,0,No,No,72,Yes,No,No,No internet service,No internet service,No internet service,No internet service,No internet service,No internet service,Month-to-month,No,Mailed check,25.66,1891.54,0
CUST-00246,Male,0,Yes,No,1,Yes,Yes,Fiber optic,No,No,No,No,No,Yes,Month-to-month,Yes,Mailed check,55.53,53.94,1
CUST-00247,Male,0,Yes,Yes,16,Yes,No,Fiber optic,Yes,No,Yes,No,Yes,No,Month-to-month,No,Electronic check,88.29,1458.03,0
CUST-00248,Male,0,Yes,No,2,Yes,No,DSL,Yes,No,No,No,No,Yes,Two year,No,Electronic check,60.59,121.06,0
CUST-00249,Male,0,Yes,Yes,11,Yes,No,No,No internet service,No internet service,No internet service,No internet service,No internet service,No internet service,Month-to-month,Yes,Mailed check,20.41,220.6,1
CUST-00250,Female,0,No,Yes,6,Yes,No,Fiber optic,Yes,No,No,Yes,No,No,One year,Yes,Bank transfer (automatic),42.91,255.27,0
CUST-00251,Male,0,No,No,30,Yes,Yes,No,No internet service,No internet service,No internet service,No internet service,No internet service,No internet service,One year,Yes,Electronic check,18.0,564.61,0
CUST-00252,Female,0,Yes,No,48,Yes,No,No,No internet service,No internet service,No internet service,No internet service,No internet service,No internet service,One year,Yes,Credit card (automatic),18.0,825.69,0
CUST-00253,Male,0,No,No,23,Yes,No,DSL,Yes,No,No,No,Yes,Yes,Two year,Yes,Mailed check,77.15,1851.43,0
CUST-00254,Male,0,No,No,50,No,No phone service,Fiber optic,No,No,Yes,No,No,No,Two year,No,Credit card (automatic),108.16,5647.77,0
CUST-00255,Male,1,No,No,1,Yes,No,DSL,No,No,Yes,Yes,No,No,Month-to-month,Yes,Bank transfer (automatic),64.63,62.33,0
CUST-00256,Male,0,Yes,Yes,54,Yes,No,Fiber optic,No,No,Yes,Yes,No,No,Two year,Yes,Electronic check,97.83,5226.59,0
CUST-00257,Female,0,Yes,No,6,Yes,No,Fiber optic,No,No,Yes,No,No,No,One year,Yes,Credit card (automatic),67.11,414.4,0
CUST-00258,Female,0,Yes,No,19,Yes,No,Fiber optic,No,No,No,Yes,Yes,No,Month-to-month,No,Bank transfer (automatic),65.5,1301.35,1
CUST-00259,Male,0,No,Yes,18,Yes,Yes,Fiber optic,No,Yes,No,Yes,Yes,No,One year,No,Electronic check,68.55,1201.24,0
CUST-00260,Male,1,No,No,66,Yes,Yes,DSL,No,Yes,No,No,No,No,Two year,Yes,Bank transfer (automatic),59.1,3727.18,0
CUST-00261,Female,0,No,No,72,Yes,Yes,Fiber optic,Yes,No,No,No,No,Yes,Month-to-month,Yes,Mailed check,74.98,5485.82,0
CUST-00262,Male,0,Yes,No,9,Yes,Yes,DSL,No,Yes,Yes,No,No,No,Two year,Yes,Credit card (automatic),48.49,417.81,1
CUST-00263,Male,0,Yes,No,2,Yes,No,DSL,No,No,Yes,Yes,No,No,One year,Yes,Electronic check,28.29,54.91,0
CUST-00264,Male,0,Yes,No,33,Yes,Yes,DSL,No,Yes,No,Yes,No,Yes,Month-to-month,No,Bank transfer (automatic),83.54,2737.75,0
CUST-00265,Female,0,No,No,22,Yes,No,DSL,No,No,No,No,No,No,One year,Yes,Electronic check,57.32,1268.58,0
CUST-00266,Female,0,Yes,Yes,26,Yes,Yes,Fiber optic,Yes,No,No,Yes,No,No,One year,No,Electronic check,52.06,1349.17,0
CUST-00267,Female,0,Yes,Yes,1,Yes,Yes,DSL,No,Yes,Yes,No,No,Yes,Month-to-month,Yes,Electronic check,45.15,46.64,1
CUST-00268,Male,0,No,No,47,Yes,No,DSL,Yes,No,No,No,No,No,One year,No,Electronic check,80.4,3735.74,0
CUST-00269,Male,0,No,Yes,8,Yes,Yes,DSL,No,No,No,Yes,No,Yes,One year,Yes,Mailed check,49.93,400.11,0
CUST-00270,Female,1,No,No,13,Yes,Yes,No,No internet service,No internet service,No internet service,No internet service,No internet service,No internet service,Two year,No,Mailed check,25.67,333.77,0
CUST-00271,Female,0,Yes,Yes,8,Yes,No,No,No internet service,No internet service,No internet service,No internet service,No internet service,No internet service,Month-to-month,No,Bank transfer (automatic),18.0,139.72,1
CUST-00272,Female,0,No,No,72,Yes,Yes,Fiber optic,No,No,No,No,No,Yes,Month-to-month,No,Mailed check,70.81,5033.73,0
CUST-00273,Female,0,Yes,No,5,Yes,Yes,Fiber optic,Yes,Yes,No,No,No,Yes,One year,No,Electronic check,80.83,421.19,0
CUST-00274,Male,1,No,No,42,Yes,No,No,No internet service,No internet service,No internet service,No internet service,No internet service,No internet service,Month-to-month,Yes,Mailed check,25.37,1062.52,0
CUST-00275,Female,0,Yes,No,9,Yes,Yes,DSL,No,No,No,Yes,No,Yes,Month-to-month,Yes,Electronic check,55.51,480.44,1
CUST-00276,Male,1,Yes,Yes,17,Yes,No,Fiber optic,No,No,No,No,No,No,One year,No,Credit card (automatic),68.63,1178.17,1
CUST-00277,Female,0,No,No,72,Yes,Yes,DSL,No,No,Yes,No,Yes,Yes,Two year,No,Electronic check,38.26,2745.86,0
CUST-00278,Male,0,No,Yes,3,Yes,Yes,Fiber optic,No,Yes,No,Yes,Yes,No,Month-to-month,Yes,Electronic check,89.31,270.01,1
CUST-00279,Female,0,No,No,68,Yes,No,No,No internet service,No internet service,No internet service,No internet service,No internet service,No internet service,Two year,No,Mailed check,21.34,1515.43,0
CUST-00280,Female,0,Yes,No,72,Yes,No,No,No internet service,No internet service,No internet service,No internet service,No internet service,No internet service,Two year,No,Credit card (automatic),18.77,1359.15,0
CUST-00281,Female,0,Yes,Yes,38,Yes,Yes,Fiber optic,No,Yes,Yes,Yes,No,No,Month-to-month,Yes,Electronic check,99.42,3890.26,1
CUST-00282,Female,0,No,No,1,Yes,Yes,No,No internet service,No internet service,No internet service,No internet service,No internet service,No internet service,Two year,Yes,Mailed check,18.0,18.04,0
CUST-00283,Male,0,No,No,55,Yes,No,DSL,No,No,Yes,No,No,Yes,Month-to-month,Yes,Credit card (automatic),58.63,3227.67,1
CUST-00284,Female,0,No,No,68,Yes,No,No,No internet service,No internet service,No internet service,No internet service,No internet service,No internet service,Two year,Yes,Bank transfer (automatic),28.41,1987.81,0
CUST-00285,Male,0,No,No,72,Yes,Yes,No,No internet service,No internet service,No internet service,No internet service,No internet service,No internet service,Month-to-month,No,Bank transfer (automatic),19.34,1371.98,0
CUST-00286,Male,0,No,No,58,Yes,Yes,Fiber optic,Yes,Yes,No,Yes,No,Yes,Month-to-month,Yes,Credit card (automatic),69.06,4002.52,0
CUST-00287,Male,0,No,No,18,Yes,No,DSL,No,Yes,Yes,No,Yes,Yes,Month-to-month,Yes,Mailed check,54.29,996.21,0
CUST-00288,Male,0,Yes,No,37,Yes,No,No,No internet service,No internet service,No internet service,No internet service,No internet service,No internet service,Month-to-month,No,Electronic check,18.21,702.64,1
CUST-00289,Female,0,Yes,No,21,Yes,Yes,DSL,No,No,Yes,No,No,No,Month-to-month,No,Electronic check,63.99,1359.12,0
CUST-00290,Male,0,Yes,No,13,Yes,Yes,DSL,No,No,No,No,No,Yes,Month-to-month,Yes,Bank transfer (automatic),62.97,824.15,0
CUST-00291,Male,1,Yes,No,31,Yes,No,Fiber optic,Yes,Yes,No,No,Yes,Yes,Month-to-month,Yes,Electronic check,70.64,2127.4,0
CUST-00292,Male,0,No,No,47,Yes,Yes,DSL,No,Yes,Yes,No,No,No,Month-to-month,No,Mailed check,62.1,2856.04,0
CUST-00293,Female,0,No,No,32,Yes,Yes,Fiber optic,No,No,No,No,No,No,Month-to-month,Yes,Mailed check,53.67,1684.42,0
CUST-00294,Female,0,No,No,56,Yes,Yes,Fiber optic,No,No,No,No,No,Yes,One year,Yes,Bank transfer (automatic),102.81,5886.42,0
CUST-00295,Female,1,Yes,No,6,Yes,Yes,DSL,No,Yes,Yes,No,Yes,Yes,Month-to-month,No,Electronic check,67.17,411.6,1
CUST-00296,Female,0,Yes,Yes,14,Yes,Yes,Fiber optic,No,Yes,No,No,No,No,Month-to-month,Yes,Bank transfer (automatic),20.93,285.73,1
CUST-00297,Male,0,Yes,Yes,11,Yes,No,DSL,No,Yes,Yes,Yes,No,No,One year,Yes,Credit card (automatic),47.34,496.36,0
CUST-00298,Male,1,No,No,6,Yes,No,DSL,Yes,No,Yes,No,Yes,No,Month-to-month,Yes,Electronic check,47.26,271.82,1
CUST-00299,Female,0,Yes,No,18,Yes,No,Fiber optic,No,Yes,No,No,Yes,No,Month-to-month,Yes,Mailed check,63.73,1165.54,0
CUST-00300,Male,0,No,No,72,Yes,No,Fiber optic,No,No,No,Yes,Yes,Yes,Month-to-month,No,Bank transfer (automatic),47.93,3499.63,0
CUST-00301,Male,0,Yes,Yes,24,Yes,No,Fiber optic,Yes,Yes,Yes,Yes,No,No,Two year,Yes,Electronic check,38.04,945.57,0
CUST-00302,Male,0,Yes,Yes,10,Yes,Yes,No,No internet service,No internet service,No internet service,No internet service,No internet service,No internet service,Two year,Yes,Mailed check,23.85,227.43,0
CUST-00303,Female,0,No,No,13,Yes,No,No,No internet service,No internet service,No internet service,No internet service,No internet service,No internet service,Month-to-month,No,Bank transfer (automatic),22.0,273.59,0
CUST-00304,Female,0,No,Yes,30,Yes,Yes,Fiber optic,No,No,No,No,No,No,One year,No,Credit card (automatic),67.36,2090.21,0
CUST-00305,Male,0,Yes,Yes,13,No,No phone service,Fiber optic,No,No,No,No,No,No,Month-to-month,No,Mailed check,90.22,1203.65,1
CUST-00306,Female,1,No,No,24,Yes,Yes,No,No internet service,No internet service,No internet service,No internet service,No internet service,No internet service,Month-to-month,Yes,Mailed check,20.95,526.29,1
CUST-00307,Female,0,No,No,10,Yes,No,DSL,No,Yes,No,Yes,No,Yes,Month-to-month,Yes,Electronic check,65.92,649.17,0
CUST-00308,Female,0,No,No,13,Yes,No,No,No internet service,No internet service,No internet service,No internet service,No internet service,No internet service,Two year,Yes,Electronic check,21.18,284.68,0
CUST-00309,Female,0,No,No,39,Yes,Yes,DSL,No,Yes,No,No,Yes,No,Month-to-month,Yes,Electronic check,91.27,3498.24,1
CUST-00310,Female,0,No,No,28,Yes,Yes,DSL,No,Yes,No,No,No,No,One year,Yes,Electronic check,67.04,1927.11,0
CUST-00311,Male,0,Yes,No,3,Yes,Yes,DSL,No,No,No,No,No,Yes,Two year,No,Mailed check,50.21,153.06,0
CUST-00312,Female,0,No,No,72,Yes,No,No,No internet service,No internet service,No internet service,No internet service,No internet service,No internet service,Month-to-month,No,Mailed check,25.78,1876.24,0
CUST-00313,Male,0,Yes,Yes,1,Yes,No,No,No internet service,No internet service,No internet service,No internet service,No internet service,No internet service,Two year,Yes,Bank transfer (automatic),23.27,22.8,0
CUST-00314,Male,0,No,No,2,Yes,Yes,Fiber optic,Yes,No,No,No,No,Yes,Two year,Yes,Mailed check,92.96,180.74,0
CUST-00315,Female,0,Yes,No,38,Yes,Yes,Fiber optic,No,No,No,No,No,No,One year,No,Electronic check,107.91,4147.72,0
CUST-00316,Male,0,Yes,Yes,39,Yes,Yes,Fiber optic,Yes,No,Yes,Yes,Yes,Yes,Month-to-month,Yes,Bank transfer (automatic),64.15,2454.07,0
CUST-00317,Male,0,No,Yes,1,Yes,Yes,DSL,Yes,No,No,Yes,No,No,One year,Yes,Mailed check,49.95,51.38,0
CUST-00318,Male,0,Yes,Yes,32,Yes,No,No,No internet service,No internet service,No internet service,No internet service,No internet service,No internet service,Two year,Yes,Credit card (automatic),21.6,718.64,0
CUST-00319,Female,0,Yes,No,1,Yes,No,Fiber optic,No,No,Yes,Yes,No,No,One year,No,Bank transfer (automatic),94.56,93.87,0
CUST-00320,Female,1,No,Yes,72,Yes,Yes,Fiber optic,No,No,No,Yes,No,No,Month-to-month,Yes,Mailed check,64.71,4706.65,1
CUST-00321,Male,0,No,No,38,Yes,No,Fiber optic,No,No,No,No,No,Yes,Two year,Yes,Electronic check,60.74,2245.15,0
CUST-00322,Female,0,No,No,6,Yes,No,DSL,No,Yes,No,No,Yes,No,Two year,No,Electronic check,93.24,566.74,0
CUST-00323,Female,0,Yes,No,5,Yes,No,No,No internet service,No internet service,No internet service,No internet service,No internet service,No internet service,Month-to-month,Yes,Electronic check,25.99,127.71,0
CUST-00324,Female,0,No,No,26,Yes,Yes,DSL,No,Yes,No,No,No,No,One year,No,Mailed check,55.91,1453.49,0
CUST-00325,Female,0,Yes,No,32,Yes,Yes,Fiber optic,No,Yes,Yes,No,No,Yes,Month-to-month,Yes,Electronic check,73.01,2405.01,0
CUST-00326,Male,1,Yes,Yes,56,Yes,Yes,DSL,Yes,Yes,Yes,No,No,No,Month-to-month,Yes,Credit card (automatic),70.65,3963.03,0
CUST-00327,Male,1,No,No,72,Yes,No,Fiber optic,No,No,No,No,No,Yes,Month-to-month,Yes,Credit card (automatic),92.49,6524.69,1
CUST-00328,Female,0,No,No,15,Yes,No,DSL,Yes,No,Yes,Yes,No,No,Month-to-month,No,Bank transfer (automatic),46.64,710.0,0
CUST-00329,Female,0,No,No,59,Yes,Yes,No,No internet service,No internet service,No internet service,No internet service,No internet service,No internet service,One year,Yes,Electronic check,18.86,1134.47,0
CUST-00330,Male,0,No,No,25,Yes,No,Fiber optic,No,No,No,No,No,No,One year,Yes,Electronic check,62.67,1613.64,1
CUST-00331,Male,0,Yes,No,20,Yes,Yes,No,No internet service,No internet service,No internet service,No internet service,No internet service,No internet service,Month-to-month,Yes,Bank transfer (automatic),21.86,444.79,0
CUST-00332,Female,0,No,No,38,Yes,Yes,No,No internet service,No internet service,No internet service,No internet service,No internet service,No internet service,Month-to-month,Yes,Bank transfer (automatic),20.41,813.21,0
CUST-00333,Male,0,Yes,No,3,Yes,Yes,DSL,Yes,No,No,No,No,No,Month-to-month,Yes,Electronic check,67.83,193.64,1
CUST-00334,Female,0,No,No,9,Yes,No,Fiber optic,No,No,No,Yes,No,Yes,One year,No,Electronic check,32.05,292.68,0
CUST-00335,Female,0,No,No,54,Yes,No,No,No internet service,No internet service,No internet service,No internet service,No internet service,No internet service,Month-to-month,Yes,Electronic check,18.95,981.45,0
CUST-00336,Male,0,No,Yes,22,Yes,No,Fiber optic,No,No,No,Yes,No,Yes,Month-to-month,Yes,Electronic check,51.35,1172.65,0
CUST-00337,Male,1,No,No,72,Yes,No,DSL,No,Yes,No,No,Yes,Yes,Two year,Yes,Mailed check,45.69,3147.02,0
CUST-00338,Female,0,No,No,2,Yes,Yes,Fiber optic,No,Yes,No,No,No,No,Month-to-month,Yes,Electronic check,51.92,109.03,1
CUST-00339,Female,0,No,No,12,Yes,No,Fiber optic,No,Yes,Yes,Yes,Yes,No,One year,No,Electronic check,62.6,773.24,0
CUST-00340,Male,0,Yes,No,14,No,No phone service,Fiber optic,No,Yes,No,Yes,No,Yes,Month-to-month,Yes,Mailed check,85.11,1250.11,1
CUST-00341,Female,1,Yes,Yes,17,Yes,Yes,Fiber optic,No,No,No,No,No,Yes,Month-to-month,Yes,Mailed check,91.67,1612.54,1
CUST-00342,Male,1,No,No,72,Yes,No,DSL,Yes,No,No,No,No,No,Month-to-month,No,Credit card (automatic),79.79,5594.7,0
CUST-00343,Female,0,No,Yes,11,Yes,Yes,Fiber optic,Yes,No,Yes,No,No,Yes,One year,Yes,Electronic check,111.55,1188.42,1
CUST-00344,Male,0,Yes,No,23,No,No phone service,Fiber optic,Yes,No,Yes,No,Yes,No,Month-to-month,No,Mailed check,70.98,1589.1,1
CUST-00345,Male,0,Yes,No,24,Yes,No,DSL,Yes,Yes,Yes,No,Yes,Yes,Month-to-month,Yes,Credit card (automatic),64.38,1504.39,0
CUST-00346,Male,0,Yes,No,47,Yes,No,No,No internet service,No internet service,No internet service,No internet service,No internet service,No internet service,One year,Yes,Credit card (automatic),18.28,860.57,0
CUST-00347,Female,0,No,No,23,Yes,Yes,Fiber optic,Yes,No,Yes,No,Yes,No,Month-to-month,Yes,Bank transfer (automatic),88.8,2050.26,0
CUST-00348,Female,0,Yes,Yes,29,No,No phone service,Fiber optic,No,Yes,Yes,No,No,Yes,Month-to-month,Yes,Bank transfer (automatic),100.82,3026.25,1
CUST-00349,Male,0,Yes,No,44,Yes,No,No,No internet service,No internet service,No internet service,No internet service,No internet service,No internet service,Two year,No,Mailed check,25.41,1094.48,0
CUST-00350,Female,0,No,No,3,Yes,No,Fiber optic,Yes,No,No,No,No,Yes,Month-to-month,No,Credit card (automatic),100.86,294.78,1
CUST-00351,Male,0,No,No,72,Yes,No,Fiber optic,Yes,No,Yes,No,No,No,Two year,Yes,Bank transfer (automatic),71.69,5067.87,0
CUST-00352,Male,1,Yes,Yes,59,Yes,Yes,DSL,Yes,Yes,Yes,No,Yes,No,Two year,Yes,Bank transfer (automatic),51.8,2919.63,0
CUST-00353,Female,0,Yes,Yes,15,Yes,No,Fiber optic,No,No,Yes,No,Yes,No,Month-to-month,Yes,Bank transfer (automatic),83.88,1204.3,1
CUST-00354,Female,0,No,No,41,Yes,No,Fiber optic,Yes,No,No,No,Yes,Yes,Two year,Yes,Bank transfer (automatic),103.71,4169.89,1
CUST-00355,Male,0,Yes,Yes,45,Yes,Yes,DSL,No,Yes,No,Yes,No,Yes,Two year,No,Bank transfer (automatic),54.52,2513.51,0
CUST-00356,Female,0,No,No,60,Yes,Yes,DSL,Yes,Yes,No,No,Yes,Yes,Two year,Yes,Electronic check,41.01,2478.41,0
CUST-00357,Female,0,No,No,6,Yes,No,DSL,No,No,Yes,No,Yes,Yes,One year,Yes,Bank transfer (automatic),70.37,410.48,0
CUST-00358,Male,0,Yes,Yes,38,Yes,No,Fiber optic,No,Yes,Yes,No,No,No,Two year,Yes,Bank transfer (automatic),89.57,3494.69,1
CUST-00359,Male,1,No,Yes,1,Yes,Yes,No,No internet service,No internet service,No internet service,No internet service,No internet service,No internet service,One year,Yes,Electronic check,18.0,17.85,1
CUST-00360,Female,0,Yes,No,3,Yes,Yes,DSL,Yes,Yes,No,No,No,No,Two year,Yes,Credit card (automatic),57.41,178.1,0
CUST-00361,Male,0,Yes,Yes,47,No,No phone service,Fiber optic,No,No,No,Yes,Yes,Yes,One year,Yes,Credit card (automatic),45.67,2232.54,0
CUST-00362,Male,0,No,No,53,Yes,Yes,Fiber optic,No,Yes,No,No,No,Yes,Two year,No,Electronic check,81.29,4439.34,0
CUST-00363,Female,0,No,No,28,Yes,No,DSL,Yes,No,No,No,No,No,Month-to-month,Yes,Mailed check,54.76,1606.56,0
CUST-00364,Male,0,Yes,Yes,27,Yes,Yes,Fiber optic,No,No,No,No,No,No,One year,Yes,Electronic check,65.94,1756.89,0
CUST-00365,Male,0,Yes,No,44,Yes,No,No,No internet service,No internet service,No internet service,No internet service,No internet service,No internet service,Two year,Yes,Electronic check,23.88,998.74,0
CUST-00366,Female,0,Yes,No,72,Yes,Yes,Fiber optic,Yes,No,Yes,No,Yes,Yes,Month-to-month,No,Bank transfer (automatic),81.03,5569.5,0
CUST-00367,Female,0,Yes,No,17,Yes,No,Fiber optic,No,Yes,No,Yes,Yes,No,Month-to-month,Yes,Electronic check,56.65,1003.72,1
CUST-00368,Male,0,No,No,3,Yes,Yes,DSL,No,Yes,No,Yes,Yes,Yes,Month-to-month,Yes,Mailed check,53.76,164.28,1
CUST-00369,Male,0,Yes,No,58,Yes,Yes,DSL,No,No,No,No,Yes,Yes,Two year,No,Bank transfer (automatic),64.01,3587.52,0
CUST-00370,Female,0,No,No,13,No,No phone service,Fiber optic,No,Yes,Yes,No,No,No,Two year,Yes,Bank transfer (automatic),37.67,498.68,1
CUST-00371,Female,0,Yes,Yes,4,Yes,No,Fiber optic,Yes,No,No,No,No,Yes,Month-to-month,No,Mailed check,98.75,411.77,0
CUST-00372,Female,0,No,No,30,Yes,Yes,DSL,No,No,Yes,No,Yes,No,Two year,No,Electronic check,43.97,1333.46,0
CUST-00373,Female,0,No,No,27,Yes,No,Fiber optic,No,Yes,No,No,No,Yes,Month-to-month,No,Bank transfer (automatic),55.23,1531.44,1
CUST-00374,Male,1,No,No,20,Yes,Yes,No,No internet service,No internet service,No internet service,No internet service,No internet service,No internet service,Month-to-month,No,Mailed check,23.18,482.06,0
CUST-00375,Female,0,Yes,Yes,62,Yes,Yes,Fiber optic,No,Yes,No,No,Yes,No,One year,No,Credit card (automatic),86.35,5404.19,0
CUST-00376,Female,0,Yes,No,10,Yes,No,Fiber optic,No,Yes,No,Yes,Yes,No,Month-to-month,Yes,Bank transfer (automatic),56.84,591.95,0
CUST-00377,Male,1,Yes,Yes,1,No,No phone service,Fiber optic,No,Yes,No,No,Yes,Yes,Month-to-month,Yes,Mailed check,89.78,92.72,1
CUST-00378,Female,0,No,No,12,No,No phone service,Fiber optic,No,No,No,No,No,No,One year,No,Credit card (automatic),84.34,981.92,0
CUST-00379,Male,0,No,No,1,Yes,No,DSL,Yes,Yes,Yes,No,No,No,Month-to-month,No,Mailed check,48.51,47.3,0
CUST-00380,Female,0,No,No,25,Yes,No,DSL,No,Yes,No,No,No,No,Two year,No,Electronic check,49.61,1294.13,0
CUST-00381,Female,0,No,No,15,No,No phone service,DSL,Yes,No,Yes,Yes,No,No,Month-to-month,No,Electronic check,60.26,915.21,1
CUST-00382,Female,0,Yes,No,53,Yes,No,No,No internet service,No internet service,No internet service,No internet service,No internet service,No internet service,Two year,Yes,Mailed check,19.14,987.06,0
CUST-00383,Male,0,No,No,51,Yes,Yes,DSL,No,Yes,No,Yes,Yes,No,Two year,No,Mailed check,65.17,3184.95,0
CUST-00384,Male,0,No,No,18,Yes,Yes,Fiber optic,Yes,No,No,No,No,Yes,One year,No,Mailed check,71.17,1341.17,0
CUST-00385,Female,0,Yes,No,7,Yes,Yes,Fiber optic,No,No,No,No,No,No,Month-to-month,No,Mailed check,84.06,582.19,0
CUST-00386,Male,1,Yes,No,17,Yes,Yes,Fiber optic,No,No,Yes,No,Yes,No,Two year,Yes,Bank transfer (automatic),68.53,1172.84,0
CUST-00387,Male,0,No,No,32,Yes,Yes,Fiber optic,Yes,Yes,No,No,No,No,Month-to-month,No,Mailed check,83.62,2777.01,0
CUST-00388,Male,1,Yes,No,6,Yes,Yes,Fiber optic,Yes,No,No,No,Yes,No,Month-to-month,Yes,Mailed check,88.19,508.74,0
CUST-00389,Male,0,Yes,Yes,47,Yes,No,DSL,No,No,No,No,Yes,No,Month-to-month,Yes,Electronic check,45.57,2126.31,1
CUST-00390,Male,0,No,No,12,Yes,Yes,No,No internet service,No internet service,No internet service,No internet service,No internet service,No internet service,Two year,Yes,Bank transfer (automatic),20.59,238.37,0
CUST-00391,Male,0,No,No,72,Yes,No,DSL,No,No,Yes,Yes,No,Yes,Two year,No,Mailed check,43.69,3293.82,0
CUST-00392,Female,0,Yes,No,22,Yes,No,No,No internet service,No internet service,No internet service,No internet service,No internet service,No internet service,Two year,No,Bank transfer (automatic),22.57,521.03,0
CUST-00393,Female,0,Yes,No,60,Yes,No,DSL,No,Yes,No,Yes,No,No,One year,No,Mailed check,39.81,2291.88,0
CUST-00394,Male,0,No,No,30,Yes,No,DSL,No,Yes,No,No,Yes,Yes,Month-to-month,Yes,Electronic check,70.98,2141.77,1
CUST-00395,Female,0,No,Yes,25,Yes,No,DSL,No,No,Yes,No,No,Yes,Two year,No,Electronic check,47.0,1183.51,0
CUST-00396,Female,1,Yes,No,36,Yes,Yes,Fiber optic,No,No,No,Yes,No,No,Month-to-month,No,Bank transfer (automatic),88.71,3128.73,1
CUST-00397,Female,0,No,Yes,53,Yes,Yes,DSL,No,No,No,No,No,No,Month-to-month,Yes,Mailed check,70.69,3627.74,0
CUST-00398,Female,0,No,No,33,Yes,No,Fiber optic,No,No,No,No,No,Yes,Month-to-month,No,Electronic check,84.52,2882.64,1
CUST-00399,Male,0,No,Yes,51,Yes,Yes,Fiber optic,No,No,No,No,No,No,Month-to-month,Yes,Credit card (automatic),39.47,2076.17,0
CUST-00400,Female,0,Yes,Yes,6,Yes,No,No,No internet service,No internet service,No internet service,No internet service,No internet service,No internet service,Two year,No,Mailed check,22.27,136.52,0
CUST-00401,Female,0,Yes,No,10,Yes,Yes,Fiber optic,No,No,No,No,No,No,Month-to-month,No,Bank transfer (automatic),73.33,763.53,1
CUST-00402,Male,0,No,No,8,Yes,No,Fiber optic,No,Yes,No,No,No,No,Month-to-month,Yes,Mailed check,53.32,432.53,0
CUST-00403,Male,0,Yes,No,51,Yes,Yes,Fiber optic,Yes,Yes,No,No,No,Yes,One year,Yes,Credit card (automatic),103.31,5338.15,0
CUST-00404,Female,1,No,No,2,Yes,No,DSL,Yes,No,No,No,No,No,Month-to-month,Yes,Electronic check,69.39,135.71,1
CUST-00405,Female,0,Yes,No,50,No,No phone service,Fiber optic,Yes,No,No,Yes,No,No,Month-to-month,Yes,Electronic check,91.77,4632.11,1
CUST-00406,Female,0,Yes,Yes,15,Yes,No,Fiber optic,No,No,No,No,Yes,No,Two year,No,Mailed check,89.36,1277.17,0
CUST-00407,Female,0,Yes,Yes,2,Yes,Yes,No,No internet service,No internet service,No internet service,No internet service,No internet service,No internet service,Month-to-month,Yes,Electronic check,21.09,42.34,1
CUST-00408,Female,0,Yes,Yes,17,Yes,No,DSL,Yes,No,No,No,Yes,No,Two year,No,Bank transfer (automatic),69.5,1171.59,1
CUST-00409,Female,0,No,No,11,Yes,No,Fiber optic,No,Yes,No,No,Yes,No,Month-to-month,No,Bank transfer (automatic),75.94,810.75,1
CUST-00410,Male,0,Yes,Yes,28,Yes,No,Fiber optic,Yes,Yes,No,No,No,No,Month-to-month,No,Electronic check,71.16,1938.25,1
CUST-00411,Female,1,No,No,20,No,No phone service,DSL,No,Yes,Yes,Yes,Yes,Yes,One year,No,Bank transfer (automatic),56.18,1134.51,0
CUST-00412,Female,0,No,No,11,Yes,Yes,DSL,No,Yes,Yes,No,No,Yes,Month-to-month,Yes,Credit card (automatic),49.08,552.22,0
CUST-00413,Male,0,Yes,Yes,63,Yes,No,No,No internet service,No internet service,No internet service,No internet service,No internet service,No internet service,Month-to-month,Yes,Electronic check,20.44,1314.02,0
CUST-00414,Male,1,No,No,16,Yes,Yes,DSL,No,No,Yes,No,No,Yes,Month-to-month,Yes,Electronic check,66.08,1044.26,1
CUST-00415,Male,0,Yes,Yes,20,Yes,Yes,Fiber optic,No,Yes,Yes,Yes,Yes,Yes,Month-to-month,No,Bank transfer (automatic),71.33,1384.52,1
CUST-00416,Male,0,No,Yes,59,Yes,No,No,No internet service,No internet service,No internet service,No internet service,No internet service,No internet service,Month-to-month,No,Credit card (automatic),18.68,1145.9,0
CUST-00417,Female,0,No,No,2,Yes,No,Fiber optic,No,No,No,No,No,No,Month-to-month,Yes,Bank transfer (automatic),66.43,139.11,1
CUST-00418,Female,0,Yes,No,15,Yes,No,Fiber optic,No,No,Yes,No,No,Yes,Month-to-month,Yes,Credit card (automatic),53.09,812.16,1
CUST-00419,Female,0,Yes,No,16,No,No phone service,Fiber optic,No,No,No,No,No,Yes,Two year,No,Credit card (automatic),90.64,1490.62,0
CUST-00420,Female,0,No,No,21,Yes,No,DSL,Yes,Yes,Yes,No,Yes,Yes,Month-to-month,Yes,Mailed check,69.16,1488.58,0
CUST-00421,Female,0,No,No,3,No,No phone service,No,No internet service,No internet service,No internet service,No internet service,No internet service,No internet service,Month-to-month,Yes,Credit card (automatic),25.62,76.65,0
CUST-00422,Female,0,Yes,No,3,Yes,Yes,DSL,No,No,No,Yes,Yes,No,One year,Yes,Mailed check,18.0,53.89,0
CUST-00423,Male,0,No,Yes,17,Yes,Yes,Fiber optic,No,No,No,No,No,Yes,Two year,No,Bank transfer (automatic),59.21,1043.52,0
CUST-00424,Female,0,Yes,Yes,1,Yes,Yes,No,No internet service,No internet service,No internet service,No internet service,No internet service,No internet service,Month-to-month,No,Credit card (automatic),19.09,18.7,0
CUST-00425,Male,0,No,No,9,Yes,Yes,Fiber optic,Yes,No,Yes,No,No,No,Month-to-month,Yes,Mailed check,65.53,601.74,0
CUST-00426,Male,0,Yes,No,7,Yes,No,DSL,Yes,No,Yes,Yes,No,No,Month-to-month,No,Bank transfer (automatic),75.97,527.02,1
CUST-00427,Female,0,No,Yes,21,Yes,No,DSL,No,Yes,Yes,No,No,Yes,Month-to-month,No,Credit card (automatic),57.31,1165.67,1
CUST-00428,Male,0,Yes,No,1,Yes,Yes,No,No internet service,No internet service,No internet service,No internet service,No internet service,No internet service,Month-to-month,No,Electronic check,18.49,18.85,0
CUST-00429,Female,0,No,No,36,No,No phone service,No,No internet service,No internet service,No internet service,No internet service,No internet service,No internet service,Month-to-month,Yes,Mailed check,19.42,705.98,0
CUST-00430,Male,1,No,No,61,No,No phone service,DSL,No,No,No,No,No,No,Month-to-month,No,Bank transfer (automatic),30.83,1928.67,0
CUST-00431,Female,0,No,No,39,Yes,No,No,No internet service,No internet service,No internet service,No internet service,No internet service,No internet service,Month-to-month,Yes,Mailed check,21.81,884.88,0
CUST-00432,Male,0,No,No,54,Yes,No,DSL,No,Yes,Yes,No,No,No,Month-to-month,Yes,Mailed check,38.6,2086.58,0
CUST-00433,Female,0,No,No,32,Yes,No,No,No internet service,No internet service,No internet service,No internet service,No internet service,No internet service,One year,Yes,Electronic check,20.67,687.23,0
CUST-00434,Female,0,No,Yes,22,Yes,Yes,No,No internet service,No internet service,No internet service,No internet service,No internet service,No internet service,Month-to-month,Yes,Mailed check,23.42,530.75,0
CUST-00435,Female,0,No,No,7,Yes,No,No,No internet service,No internet service,No internet service,No internet service,No internet service,No internet service,Month-to-month,No,Bank transfer (automatic),20.05,143.02,1
CUST-00436,Female,1,No,No,10,Yes,Yes,DSL,Yes,Yes,Yes,Yes,Yes,No,Month-to-month,Yes,Electronic check,55.18,571.24,0
CUST-00437,Female,0,No,No,12,Yes,No,DSL,Yes,Yes,Yes,No,No,Yes,Month-to-month,Yes,Electronic check,60.67,757.39,0
CUST-00438,Male,0,No,No,1,Yes,Yes,Fiber optic,Yes,Yes,Yes,Yes,Yes,No,Two year,Yes,Mailed check,36.16,35.53,1
CUST-00439,Male,0,Yes,Yes,72,Yes,No,Fiber optic,No,No,No,No,No,No,Two year,No,Bank transfer (automatic),64.9,4747.43,0
CUST-00440,Male,1,No,No,72,Yes,No,DSL,No,No,No,No,No,Yes,Month-to-month,Yes,Electronic check,57.04,3971.53,0
CUST-00441,Female,0,Yes,No,3,Yes,No,Fiber optic,No,No,No,No,Yes,No,Month-to-month,Yes,Electronic check,61.91,188.73,1
CUST-00442,Male,1,No,No,26,Yes,No,Fiber optic,No,Yes,Yes,No,No,No,One year,Yes,Electronic check,93.18,2482.43,0
CUST-00443,Female,0,No,No,20,Yes,Yes,DSL,Yes,No,Yes,No,No,No,Month-to-month,Yes,Mailed check,81.51,1623.14,0
CUST-00444,Female,0,No,No,36,Yes,Yes,DSL,No,No,Yes,No,No,No,Two year,Yes,Mailed check,72.0,2523.1,0
CUST-00445,Male,0,Yes,Yes,29,No,No phone service,Fiber optic,No,Yes,No,No,No,No,Month-to-month,Yes,Bank transfer (automatic),83.28,2374.33,0
CUST-00446,Male,0,Yes,No,4,Yes,Yes,Fiber optic,No,Yes,No,No,No,No,One year,Yes,Electronic check,57.5,223.43,1
CUST-00447,Female,0,No,Yes,34,Yes,No,No,No internet service,No internet service,No internet service,No internet service,No internet service,No internet service,Month-to-month,Yes,Bank transfer (automatic),23.45,773.72,0
CUST-00448,Male,0,Yes,Yes,30,Yes,No,DSL,Yes,Yes,Yes,No,No,Yes,Month-to-month,No,Credit card (automatic),45.35,1314.99,1
CUST-00449,Female,0,Yes,Yes,24,Yes,No,Fiber optic,No,Yes,Yes,No,No,No,Month-to-month,Yes,Electronic check,25.25,630.42,0
CUST-00450,Female,0,No,No,16,Yes,No,DSL,Yes,No,Yes,No,No,Yes,One year,Yes,Electronic check,56.34,935.23,0
CUST-00451,Female,0,No,No,72,Yes,Yes,DSL,No,Yes,No,No,No,Yes,Two year,Yes,Electronic check,28.32,2124.25,0
CUST-00452,Female,0,Yes,Yes,60,Yes,No,Fiber optic,Yes,No,Yes,No,Yes,No,Two year,Yes,Mailed check,81.73,4792.96,0
CUST-00453,Female,0,No,No,28,Yes,Yes,DSL,No,No,Yes,No,Yes,No,Month-to-month,No,Bank transfer (automatic),53.86,1478.13,1
CUST-00454,Male,0,Yes,Yes,1,Yes,No,DSL,No,No,No,No,No,Yes,One year,Yes,Electronic check,27.62,27.35,0
CUST-00455,Male,0,No,No,18,Yes,No,No,No internet service,No internet service,No internet service,No internet service,No internet service,No internet service,Month-to-month,No,Bank transfer (automatic),22.18,399.98,0
CUST-00456,Female,0,Yes,No,38,Yes,No,DSL,Yes,Yes,Yes,No,No,Yes,One year,Yes,Mailed check,69.95,2536.42,0
CUST-00457,Female,0,No,No,3,Yes,Yes,Fiber optic,No,No,Yes,Yes,No,Yes,Month-to-month,Yes,Bank transfer (automatic),57.66,172.5,1
CUST-00458,Male,0,Yes,No,16,Yes,No,No,No internet service,No internet service,No internet service,No internet service,No internet service,No internet service,One year,No,Electronic check,18.11,277.57,0
CUST-00459,Male,0,No,No,6,Yes,No,No,No internet service,No internet service,No internet service,No internet service,No internet service,No internet service,Two year,No,Bank transfer (automatic),24.05,149.18,1
CUST-00460,Female,0,Yes,Yes,13,Yes,Yes,Fiber optic,No,No,Yes,No,Yes,No,Two year,Yes,Mailed check,64.4,874.27,1
CUST-00461,Male,0,No,No,1,Yes,No,DSL,Yes,No,No,No,No,Yes,Month-to-month,Yes,Mailed check,63.75,61.42,1
CUST-00462,Female,0,Yes,No,4,Yes,No,No,No internet service,No internet service,No internet service,No internet service,No internet service,No internet service,Month-to-month,Yes,Mailed check,22.48,94.33,1
CUST-00463,Male,0,Yes,No,19,Yes,Yes,Fiber optic,No,No,No,No,Yes,No,Two year,No,Credit card (automatic),42.18,798.03,0
CUST-00464,Female,0,No,No,72,Yes,No,DSL,No,No,No,No,Yes,No,Two year,No,Mailed check,40.16,2902.12,0
CUST-00465,Male,0,No,Yes,21,Yes,No,No,No internet service,No internet service,No internet service,No internet service,No internet service,No internet service,Month-to-month,Yes,Electronic check,22.41,472.43,1
CUST-00466,Female,0,Yes,No,19,Yes,No,DSL,No,Yes,Yes,No,Yes,No,Two year,Yes,Bank transfer (automatic),56.27,1106.02,0
CUST-00467,Male,0,Yes,Yes,49,Yes,No,Fiber optic,No,No,Yes,Yes,No,No,Two year,No,Mailed check,92.28,4348.02,0
CUST-00468,Male,0,Yes,Yes,9,Yes,Yes,Fiber optic,Yes,No,No,No,No,No,Month-to-month,Yes,Electronic check,89.24,819.68,1
CUST-00469,Female,0,Yes,No,3,Yes,Yes,No,No internet service,No internet service,No internet service,No internet service,No internet service,No internet service,One year,Yes,Bank transfer (automatic),23.67,72.2,0
CUST-00470,Male,0,Yes,No,7,Yes,No,No,No internet service,No internet service,No internet service,No internet service,No internet service,No internet service,One year,Yes,Electronic check,21.34,156.41,0
CUST-00471,Female,0,Yes,No,50,No,No phone service,Fiber optic,Yes,No,No,No,Yes,No,One year,Yes,Bank transfer (automatic),60.09,3064.58,0
CUST-00472,Male,1,No,No,36,No,No phone service,Fiber optic,No,Yes,No,No,No,Yes,Month-to-month,No,Bank transfer (automatic),87.03,3284.91,0
CUST-00473,Female,0,No,No,3,No,No phone service,No,No internet service,No internet service,No internet service,No internet service,No internet service,No internet service,Month-to-month,Yes,Mailed check,20.16,60.55,1
CUST-00474,Male,0,Yes,No,35,Yes,Yes,No,No internet service,No internet service,No internet service,No internet service,No internet service,No internet service,Month-to-month,No,Bank transfer (automatic),24.34,817.87,0
CUST-00475,Female,0,No,No,72,Yes,No,Fiber optic,No,No,No,Yes,No,No,One year,Yes,Electronic check,71.25,5381.68,0
CUST-00476,Male,0,No,Yes,1,Yes,Yes,DSL,No,Yes,No,Yes,Yes,No,Two year,No,Mailed check,58.06,58.29,0
CUST-00477,Female,0,Yes,No,30,Yes,Yes,DSL,No,Yes,No,Yes,No,No,One year,Yes,Electronic check,57.54,1753.89,0
CUST-00478,Male,0,Yes,No,15,Yes,No,Fiber optic,Yes,No,Yes,No,No,No,Month-to-month,No,Credit card (automatic),57.17,847.55,0
CUST-00479,Female,0,No,No,22,Yes,No,Fiber optic,Yes,No,Yes,Yes,No,No,Two year,No,Electronic check,59.5,1267.04,0
CUST-00480,Female,0,Yes,No,24,Yes,Yes,Fiber optic,No,No,Yes,No,Yes,No,Month-to-month,Yes,Electronic check,50.83,1276.5,1
CUST-00481,Female,1,Yes,No,47,Yes,Yes,No,No internet service,No internet service,No internet service,No internet service,No internet service,No internet service,Two year,Yes,Mailed check,18.0,858.17,0
CUST-00482,Male,0,No,Yes,26,Yes,No,Fiber optic,No,No,No,No,Yes,No,One year,No,Mailed check,84.54,2173.68,0
CUST-00483,Female,0,No,No,28,Yes,Yes,Fiber optic,No,Yes,Yes,No,No,No,One year,No,Mailed check,53.58,1518.57,0
CUST-00484,Male,0,Yes,No,12,Yes,Yes,DSL,No,No,No,No,Yes,No,One year,Yes,Credit card (automatic),44.44,528.65,0
CUST-00485,Female,0,No,No,4,Yes,No,Fiber optic,Yes,No,No,Yes,No,Yes,Month-to-month,No,Electronic check,83.36,348.65,1
CUST-00486,Male,0,No,No,36,Yes,No,Fiber optic,Yes,Yes,Yes,No,No,Yes,Month-to-month,Yes,Bank transfer (automatic),70.24,2477.02,0
CUST-00487,Female,0,No,Yes,1,Yes,No,DSL,No,No,No,No,No,No,Month-to-month,No,Electronic check,47.46,49.18,1
CUST-00488,Male,0,No,No,12,Yes,Yes,DSL,Yes,No,Yes,No,No,No,One year,No,Credit card (automatic),72.82,864.15,1
CUST-00489,Male,0,Yes,No,7,Yes,Yes,DSL,No,Yes,No,Yes,No,Yes,Month-to-month,Yes,Credit card (automatic),40.68,275.66,0
CUST-00490,Female,0,No,No,15,Yes,No,No,No internet service,No internet service,No internet service,No internet service,No internet service,No internet service,One year,Yes,Mailed check,18.0,280.05,1
CUST-00491,Male,0,Yes,Yes,11,Yes,No,DSL,No,Yes,No,No,Yes,No,Two year,Yes,Electronic check,47.83,539.58,0
CUST-00492,Male,0,Yes,No,38,Yes,No,No,No internet service,No internet service,No internet service,No internet service,No internet service,No internet service,Month-to-month,No,Credit card (automatic),20.0,739.93,0
CUST-00493,Female,1,Yes,Yes,9,Yes,Yes,Fiber optic,No,Yes,No,No,No,No,One year,Yes,Credit card (automatic),27.54,235.59,1
CUST-00494,Male,0,Yes,No,26,Yes,No,Fiber optic,No,No,Yes,No,No,No,Two year,No,Electronic check,85.67,2257.87,1
CUST-00495,Male,0,Yes,No,19,Yes,No,Fiber optic,Yes,No,No,No,Yes,No,Month-to-month,Yes,Bank transfer (automatic),86.55,1572.78,1
CUST-00496,Male,0,Yes,No,51,Yes,Yes,No,No internet service,No internet service,No internet service,No internet service,No internet service,No internet service,Two year,Yes,Credit card (automatic),19.23,941.01,0
CUST-00497,Female,0,Yes,No,17,Yes,No,Fiber optic,No,No,No,No,No,No,Month-to-month,No,Bank transfer (automatic),55.0,916.72,0
CUST-00498,Male,0,No,No,63,No,No phone service,Fiber optic,No,No,No,No,No,No,Month-to-month,Yes,Credit card (automatic),51.67,3384.35,0
CUST-00499,Female,0,Yes,No,1,Yes,No,Fiber optic,No,No,No,No,Yes,No,Two year,Yes,Electronic check,68.33,68.81,1
CUST-00500,Male,1,No,No,29,Yes,No,No,No internet service,No internet service,No internet service,No internet service,No internet service,No internet service,Two year,Yes,Electronic check,20.52,594.93,0
CUST-00501,Male,0,Yes,Yes,1,Yes,No,DSL,No,No,No,No,No,Yes,Month-to-month,Yes,Mailed check,53.77,51.15,0
CUST-00502,Male,0,Yes,Yes,40,No,No phone service,Fiber optic,No,Yes,No,Yes,Yes,No,Month-to-month,Yes,Mailed check,87.24,3442.09,1
CUST-00503,Female,0,Yes,No,8,Yes,Yes,DSL,No,Yes,No,No,Yes,Yes,Two year,Yes,Bank transfer (automatic),21.88,181.98,0
CUST-00504,Male,0,Yes,Yes,15,Yes,Yes,Fiber optic,No,No,No,No,No,No,Two year,No,Mailed check,77.35,1154.64,0
CUST-00505,Male,0,No,No,15,Yes,Yes,Fiber optic,No,Yes,Yes,No,No,Yes,One year,No,Electronic check,66.99,1012.99,1
CUST-00506,Female,0,Yes,No,59,Yes,Yes,No,No internet service,No internet service,No internet service,No internet service,No internet service,No internet service,Month-to-month,Yes,Credit card (automatic),18.38,1036.5,0
CUST-00507,Male,0,No,Yes,3,Yes,Yes,No,No internet service,No internet service,No internet service,No internet service,No internet service,No internet service,One year,Yes,Bank transfer (automatic),18.0,54.41,0
CUST-00508,Female,0,No,No,35,Yes,No,Fiber optic,Yes,No,No,No,Yes,Yes,Month-to-month,No,Bank transfer (automatic),67.08,2230.86,0
CUST-00509,Female,0,Yes,No,72,Yes,No,DSL,No,Yes,No,No,Yes,No,Two year,No,Electronic check,92.52,6472.8,0
CUST-00510,Male,1,No,No,1,Yes,Yes,Fiber optic,Yes,No,No,No,Yes,No,Month-to-month,Yes,Electronic check,81.68,81.99,0
CUST-00511,Female,0,Yes,No,72,Yes,No,DSL,No,No,Yes,No,Yes,No,One year,Yes,Mailed check,47.94,3389.71,0
CUST-00512,Male,0,No,No,1,Yes,Yes,Fiber optic,No,No,No,Yes,No,No,Month-to-month,Yes,Mailed check,53.42,54.71,1
CUST-00513,Female,0,No,No,58,Yes,No,DSL,No,No,Yes,No,No,No,Month-to-month,Yes,Electronic check,69.77,3973.03,0
CUST-00514,Female,0,Yes,No,72,Yes,Yes,Fiber optic,No,Yes,Yes,No,No,No,One year,Yes,Electronic check,73.39,5176.94,0
CUST-00515,Male,0,Yes,Yes,72,Yes,No,DSL,Yes,Yes,Yes,Yes,No,Yes,Month-to-month,Yes,Mailed check,38.3,2621.56,0
CUST-00516,Female,0,Yes,No,19,Yes,Yes,No,No internet service,No internet service,No internet service,No internet service,No internet service,No internet service,Two year,Yes,Mailed check,25.75,497.35,0
CUST-00517,Female,0,Yes,No,64,Yes,No,No,No internet service,No internet service,No internet service,No internet service,No internet service,No internet service,One year,No,Electronic check,26.12,1688.25,0
CUST-00518,Female,0,No,Yes,4,Yes,No,DSL,Yes,No,Yes,No,Yes,Yes,Month-to-month,Yes,Mailed check,68.71,270.84,0
CUST-00519,Female,0,Yes,Yes,17,Yes,No,DSL,No,Yes,No,Yes,Yes,No,One year,Yes,Electronic check,28.36,501.76,0
CUST-00520,Female,1,Yes,No,11,Yes,No,No,No internet service,No internet service,No internet service,No internet service,No internet service,No internet service,One year,Yes,Electronic check,24.36,274.01,0
CUST-00521,Male,0,Yes,No,16,Yes,No,Fiber optic,No,Yes,No,Yes,No,No,Month-to-month,Yes,Electronic check,89.62,1367.3,1
CUST-00522,Female,0,No,No,38,Yes,No,No,No internet service,No internet service,No internet service,No internet service,No internet service,No internet service,Month-to-month,No,Bank transfer (automatic),20.27,775.19,0
CUST-00523,Male,0,Yes,No,2,Yes,No,Fiber optic,No,Yes,No,Yes,Yes,No,Month-to-month,Yes,Mailed check,66.32,128.22,1
CUST-00524,Female,0,No,Yes,72,Yes,No,DSL,Yes,No,Yes,No,No,No,Month-to-month,Yes,Credit card (automatic),63.51,4444.42,0
CUST-00525,Male,0,No,No,32,Yes,Yes,Fiber optic,No,No,No,No,No,No,Month-to-month,No,Electronic check,76.53,2551.48,1
CUST-00526,Male,0,No,Yes,66,No,No phone service,No,No internet service,No internet service,No internet service,No internet service,No internet service,No internet service,Two year,No,Electronic check,24.32,1666.92,0
CUST-00527,Female,0,No,No,56,Yes,No,DSL,No,No,No,No,No,Yes,One year,Yes,Credit card (automatic),61.73,3529.0,0
CUST-00528,Female,0,Yes,Yes,46,Yes,Yes,No,No internet service,No internet service,No internet service,No internet service,No internet service,No internet service,Month-to-month,Yes,Mailed check,26.33,1153.87,0
CUST-00529,Female,0,Yes,Yes,1,Yes,No,Fiber optic,Yes,No,No,No,No,Yes,One year,No,Electronic check,54.65,54.76,1
CUST-00530,Male,0,No,No,23,Yes,Yes,DSL,Yes,Yes,No,Yes,No,Yes,Two year,No,Mailed check,58.98,1292.81,0
CUST-00531,Female,0,No,No,12,Yes,No,Fiber optic,No,No,Yes,No,No,Yes,Month-to-month,No,Mailed check,54.35,630.43,1
CUST-00532,Male,0,No,No,3,Yes,Yes,DSL,No,No,Yes,No,No,No,Month-to-month,No,Bank transfer (automatic),37.36,115.86,0
CUST-00533,Male,0,Yes,Yes,13,No,No phone service,Fiber optic,Yes,No,Yes,No,No,No,Two year,Yes,Electronic check,73.27,990.8,0
CUST-00534,Male,0,Yes,Yes,33,Yes,No,DSL,No,No,No,Yes,No,No,Month-to-month,Yes,Electronic check,38.75,1322.65,1
CUST-00535,Female,0,No,No,8,Yes,Yes,No,No internet service,No internet service,No internet service,No internet service,No internet service,No internet service,Two year,Yes,Mailed check,22.3,174.62,0
CUST-00536,Female,0,Yes,No,18,Yes,No,DSL,No,No,Yes,Yes,Yes,No,Month-to-month,Yes,Mailed check,20.7,366.02,0
CUST-00537,Male,0,Yes,No,16,Yes,No,Fiber optic,Yes,Yes,No,No,Yes,Yes,One year,Yes,Electronic check,69.63,1153.95,1
CUST-00538,Male,0,Yes,No,1,Yes,No,No,No internet service,No internet service,No internet service,No internet service,No internet service,No internet service,One year,Yes,Electronic check,21.69,21.61,0
CUST-00539,Female,0,No,Yes,31,Yes,No,Fiber optic,No,No,No,No,Yes,No,Month-to-month,Yes,Bank transfer (automatic),73.33,2202.92,0
CUST-00540,Male,0,Yes,Yes,30,Yes,Yes,Fiber optic,Yes,Yes,No,Yes,No,Yes,Month-to-month,Yes,Bank transfer (automatic),67.03,2058.04,0
CUST-00541,Female,0,Yes,Yes,72,Yes,Yes,Fiber optic,No,No,Yes,No,No,No,One year,No,Electronic check,55.04,4059.11,0
CUST-00542,Male,0,No,No,11,Yes,No,DSL,Yes,No,No,No,Yes,No,Two year,Yes,Credit card (automatic),46.43,507.28,0
CUST-00543,Female,0,Yes,No,17,Yes,Yes,DSL,Yes,No,Yes,No,No,No,One year,Yes,Mailed check,66.86,1133.87,0
CUST-00544,Male,0,No,No,16,Yes,Yes,Fiber optic,No,No,Yes,No,No,No,Two year,No,Bank transfer (automatic),85.23,1355.16,0
CUST-00545,Female,0,No,No,72,Yes,Yes,No,No internet service,No internet service,No internet service,No internet service,No internet service,No internet service,Month-to-month,Yes,Bank transfer (automatic),18.0,1234.06,0
CUST-00546,Male,0,Yes,Yes,16,No,No phone service,No,No internet service,No internet service,No internet service,No internet service,No internet service,No internet service,Month-to-month,No,Mailed check,21.4,340.71,1
CUST-00547,Female,1,No,No,18,Yes,No,Fiber optic,No,No,No,No,No,No,One year,No,Mailed check,89.82,1616.11,1
CUST-00548,Female,0,No,No,9,Yes,Yes,No,No internet service,No internet service,No internet service,No internet service,No internet service,No internet service,Month-to-month,Yes,Bank transfer (automatic),20.4,183.22,0
CUST-00549,Male,0,Yes,Yes,1,No,No phone service,Fiber optic,No,Yes,Yes,No,Yes,No,Month-to-month,Yes,Bank transfer (automatic),71.62,70.82,1
CUST-00550,Male,1,Yes,No,3,Yes,Yes,DSL,No,No,No,No,No,No,One year,Yes,Bank transfer (automatic),61.42,183.88,0
CUST-00551,Female,1,No,No,38,Yes,No,DSL,No,Yes,Yes,Yes,No,No,Two year,No,Mailed check,64.76,2417.22,0
CUST-00552,Male,0,Yes,No,36,Yes,No,Fiber optic,No,No,Yes,No,Yes,No,Month-to-month,Yes,Electronic check,105.96,3880.4,1
CUST-00553,Female,0,No,Yes,12,Yes,No,Fiber optic,No,Yes,No,No,Yes,No,Month-to-month,No,Electronic check,86.7,1020.98,1
CUST-00554,Male,0,No,Yes,20,No,No phone service,DSL,No,Yes,No,No,No,Yes,Two year,No,Bank transfer (automatic),41.65,866.95,0
CUST-00555,Female,0,Yes,Yes,11,Yes,No,DSL,No,Yes,No,No,No,No,Month-to-month,No,Mailed check,72.17,776.93,1
CUST-00556,Female,0,No,No,42,Yes,Yes,Fiber optic,No,No,Yes,No,No,Yes,Month-to-month,No,Credit card (automatic),70.77,2826.63,0
CUST-00557,Female,0,Yes,No,59,Yes,Yes,No,No internet service,No internet service,No internet service,No internet service,No internet service,No internet service,Two year,Yes,Electronic check,23.25,1388.84,0
CUST-00558,Female,0,No,No,72,Yes,Yes,Fiber optic,No,No,Yes,No,No,Yes,Month-to-month,Yes,Electronic check,72.16,4936.61,1
CUST-00559,Female,1,Yes,No,6,Yes,No,DSL,Yes,No,No,No,No,No,Month-to-month,No,Electronic check,62.27,384.81,1
CUST-00560,Female,0,No,No,37,Yes,No,DSL,No,No,No,Yes,No,Yes,Month-to-month,No,Mailed check,53.69,1945.54,0
CUST-00561,Male,0,No,Yes,72,Yes,No,No,No internet service,No internet service,No internet service,No internet service,No internet service,No internet service,Month-to-month,No,Electronic check,18.49,1376.08,0
CUST-00562,Male,0,No,No,33,Yes,Yes,No,No internet service,No internet service,No internet service,No internet service,No internet service,No internet service,One year,No,Mailed check,23.53,793.41,0
CUST-00563,Male,0,No,No,13,Yes,Yes,Fiber optic,No,No,No,No,No,No,Month-to-month,No,Electronic check,60.65,756.51,1
CUST-00564,Female,0,No,No,32,No,No phone service,DSL,No,No,Yes,No,No,Yes,Month-to-month,No,Credit card (automatic),65.88,2033.68,0
CUST-00565,Female,0,Yes,No,37,Yes,No,Fiber optic,Yes,No,No,No,No,No,One year,Yes,Credit card (automatic),105.56,3931.98,0
CUST-00566,Female,0,No,No,16,Yes,No,Fiber optic,No,Yes,No,No,No,No,Two year,Yes,Mailed check,64.39,1065.81,0
CUST-00567,Female,0,No,No,3,Yes,Yes,No,No internet service,No internet service,No internet service,No internet service,No internet service,No internet service,Two year,No,Credit card (automatic),19.02,57.22,0
CUST-00568,Male,0,No,No,29,Yes,Yes,DSL,No,No,No,No,No,No,Two year,Yes,Electronic check,47.27,1336.29,0
CUST-00569,Male,1,No,No,51,Yes,Yes,Fiber optic,Yes,No,Yes,No,Yes,No,Month-to-month,Yes,Electronic check,81.44,4173.09,0
CUST-00570,Female,0,Yes,No,72,Yes,No,Fiber optic,Yes,Yes,No,No,Yes,No,Month-to-month,No,Electronic check,80.9,5749.16,1
CUST-00571,Male,0,Yes,Yes,8,Yes,No,Fiber optic,No,Yes,No,No,No,Yes,One year,Yes,Electronic check,74.71,621.87,1
CUST-00572,Male,0,Yes,No,38,Yes,No,No,No internet service,No internet service,No internet service,No internet service,No internet service,No internet service,Month-to-month,Yes,Bank transfer (automatic),20.49,752.81,0
CUST-00573,Female,0,No,No,1,Yes,No,Fiber optic,Yes,No,No,No,Yes,No,Two year,Yes,Mailed check,83.83,82.46,0
CUST-00574,Male,0,Yes,Yes,72,Yes,No,No,No internet service,No internet service,No internet service,No internet service,No internet service,No internet service,Month-to-month,Yes,Credit card (automatic),20.36,1400.2,0
CUST-00575,Female,0,No,No,1,Yes,No,DSL,Yes,Yes,No,Yes,Yes,Yes,Month-to-month,No,Credit card (automatic),27.83,27.84,1
CUST-00576,Male,0,Yes,No,14,Yes,Yes,Fiber optic,No,No,Yes,Yes,Yes,No,Month-to-month,Yes,Electronic check,56.42,760.42,0
CUST-00577,Female,1,Yes,No,2,Yes,No,DSL,No,No,No,Yes,No,No,Month-to-month,No,Electronic check,87.94,169.15,0
CUST-00578,Female,0,Yes,No,31,Yes,No,No,No internet service,No internet service,No internet service,No internet service,No internet service,No internet service,One year,Yes,Electronic check,19.17,584.66,0
CUST-00579,Female,0,Yes,Yes,13,Yes,Yes,DSL,No,No,No,Yes,Yes,No,One year,Yes,Mailed check,46.57,634.93,1
CUST-00580,Female,0,No,No,42,Yes,No,DSL,No,No,No,No,No,Yes,Month-to-month,Yes,Electronic check,55.11,2293.19,0
CUST-00581,Male,0,Yes,No,21,No,No phone service,DSL,Yes,No,Yes,No,No,No,Two year,Yes,Electronic check,40.01,838.27,0
CUST-00582,Female,0,Yes,Yes,17,Yes,No,Fiber optic,No,No,Yes,No,Yes,Yes,Month-to-month,No,Bank transfer (automatic),47.68,778.24,0
CUST-00583,Female,0,Yes,No,13,Yes,Yes,DSL,No,No,Yes,No,No,Yes,Two year,Yes,Credit card (automatic),64.23,873.24,0
CUST-00584,Female,0,No,No,2,Yes,No,DSL,Yes,Yes,No,Yes,No,Yes,One year,Yes,Electronic check,64.49,131.62,0
CUST-00585,Male,0,No,No,7,Yes,No,Fiber optic,Yes,No,No,No,No,No,One year,Yes,Bank transfer (automatic),66.86,446.3,0
CUST-00586,Female,0,Yes,No,32,Yes,No,Fiber optic,Yes,No,No,Yes,No,Yes,Two year,No,Electronic check,70.8,2323.4,0
CUST-00587,Male,0,No,No,21,Yes,Yes,Fiber optic,No,No,Yes,Yes,No,No,Two year,No,Bank transfer (automatic),79.58,1730.95,0
CUST-00588,Female,0,Yes,No,2,Yes,No,DSL,No,No,No,No,No,Yes,Month-to-month,No,Mailed check,61.31,118.63,0
CUST-00589,Male,0,Yes,No,25,Yes,No,Fiber optic,No,No,No,Yes,Yes,Yes,Month-to-month,Yes,Credit card (automatic),91.98,2406.21,0
CUST-00590,Male,0,No,No,1,Yes,Yes,DSL,No,Yes,Yes,Yes,No,No,Month-to-month,Yes,Credit card (automatic),50.77,52.21,1
CUST-00591,Female,0,Yes,No,22,Yes,No,No,No internet service,No internet service,No internet service,No internet service,No internet service,No internet service,Month-to-month,Yes,Mailed check,24.35,555.45,0
CUST-00592,Male,0,No,Yes,72,Yes,No,DSL,No,No,Yes,No,No,Yes,One year,No,Credit card (automatic),65.04,4693.18,0
CUST-00593,Female,0,Yes,Yes,11,Yes,Yes,Fiber optic,No,No,No,No,Yes,No,One year,No,Electronic check,76.98,863.83,1
CUST-00594,Female,0,No,No,41,Yes,No,DSL,Yes,Yes,No,Yes,Yes,Yes,Month-to-month,Yes,Mailed check,56.24,2336.96,0
CUST-00595,Female,1,Yes,No,43,Yes,No,Fiber optic,No,No,Yes,No,No,No,Month-to-month,Yes,Mailed check,81.41,3651.36,1
CUST-00596,Male,0,No,Yes,16,Yes,No,DSL,No,No,Yes,Yes,No,No,One year,Yes,Mailed check,68.54,1114.13,0
CUST-00597,Male,1,No,No,28,Yes,Yes,Fiber optic,No,Yes,No,No,Yes,No,Month-to-month,Yes,Electronic check,68.33,1845.24,0
CUST-00598,Female,1,Yes,No,20,Yes,Yes,Fiber optic,Yes,No,No,No,No,No,One year,No,Bank transfer (automatic),64.08,1219.64,0
CUST-00599,Female,0,No,No,10,Yes,Yes,Fiber optic,No,Yes,Yes,Yes,Yes,No,Month-to-month,Yes,Mailed check,56.89,556.65,0
CUST-00600,Male,0,Yes,Yes,44,Yes,Yes,No,No internet service,No internet service,No internet service,No internet service,No internet service,No internet service,Month-to-month,Yes,Electronic check,26.87,1145.41,1
CUST-00601,Female,1,No,No,38,Yes,No,Fiber optic,Yes,Yes,Yes,No,No,No,Two year,Yes,Credit card (automatic),91.37,3391.78,0
CUST-00602,Female,0,Yes,Yes,72,No,No phone service,DSL,Yes,No,No,Yes,Yes,No,Month-to-month,No,Credit card (automatic),53.53,3773.72,0
CUST-00603,Female,0,Yes,No,30,Yes,No,DSL,No,No,No,No,No,No,One year,No,Mailed check,68.67,2106.24,0
CUST-00604,Male,0,No,Yes,15,Yes,No,Fiber optic,No,No,No,Yes,No,Yes,Month-to-month,Yes,Electronic check,83.11,1296.39,1
CUST-00605,Male,0,Yes,No,40,Yes,Yes,DSL,No,No,No,No,No,No,Month-to-month,Yes,Bank transfer (automatic),46.13,1841.4,1
CUST-00606,Male,0,No,No,30,Yes,Yes,Fiber optic,No,No,No,No,Yes,Yes,Two year,Yes,Electronic check,98.36,3047.51,0
CUST-00607,Female,0,Yes,Yes,30,No,No phone service,No,No internet service,No internet service,No internet service,No internet service,No internet service,No internet service,One year,Yes,Mailed check,19.62,567.56,1
CUST-00608,Female,0,Yes,Yes,60,Yes,No,Fiber optic,Yes,Yes,No,No,No,Yes,Two year,Yes,Bank transfer (automatic),55.37,3164.21,0
CUST-00609,Female,0,No,No,72,Yes,No,DSL,No,Yes,No,No,Yes,No,Two year,Yes,Mailed check,58.62,4159.4,0
CUST-00610,Male,1,No,No,6,Yes,No,Fiber optic,Yes,No,Yes,No,Yes,No,Month-to-month,No,Credit card (automatic),104.55,601.85,1
CUST-00611,Female,0,Yes,Yes,12,Yes,Yes,Fiber optic,No,No,Yes,Yes,No,Yes,Two year,Yes,Bank transfer (automatic),82.3,1029.17,1
CUST-00612,Female,0,Yes,Yes,33,Yes,No,DSL,No,Yes,No,No,No,No,Month-to-month,Yes,Credit card (automatic),51.45,1671.38,0
CUST-00613,Female,0,Yes,No,26,Yes,No,Fiber optic,No,No,Yes,No,No,Yes,Month-to-month,Yes,Credit card (automatic),56.95,1428.34,0
CUST-00614,Female,0,Yes,No,33,Yes,No,Fiber optic,No,No,No,Yes,No,No,Two year,Yes,Electronic check,54.45,1710.07,0
CUST-00615,Male,0,Yes,Yes,18,Yes,No,Fiber optic,No,Yes,No,No,No,No,Month-to-month,Yes,Bank transfer (automatic),92.18,1681.41,0
CUST-00616,Male,1,Yes,No,17,Yes,Yes,Fiber optic,No,No,No,No,No,Yes,Two year,Yes,Bank transfer (automatic),67.43,1132.9,0
CUST-00617,Female,0,No,No,4,No,No phone service,Fiber optic,Yes,No,No,No,Yes,No,Month-to-month,Yes,Electronic check,60.4,240.68,1
CUST-00618,Male,0,No,No,31,No,No phone service,DSL,No,Yes,No,No,Yes,No,Month-to-month,No,Electronic check,52.59,1561.51,1
CUST-00619,Male,0,Yes,No,6,Yes,No,No,No internet service,No internet service,No internet service,No internet service,No internet service,No internet service,Month-to-month,Yes,Mailed check,23.44,138.86,0
CUST-00620,Female,0,Yes,Yes,35,Yes,No,No,No internet service,No internet service,No internet service,No internet service,No internet service,No internet service,Month-to-month,No,Mailed check,18.49,660.99,0
CUST-00621,Female,1,Yes,Yes,72,Yes,No,DSL,No,No,Yes,Yes,No,No,Month-to-month,No,Credit card (automatic),50.58,3615.52,0
CUST-00622,Male,0,No,No,9,Yes,Yes,DSL,No,No,No,No,No,No,Month-to-month,Yes,Bank transfer (automatic),58.53,518.04,0
CUST-00623,Female,0,No,No,4,Yes,Yes,Fiber optic,No,Yes,Yes,Yes,Yes,Yes,One year,Yes,Mailed check,56.45,230.26,0
CUST-00624,Male,0,No,No,1,Yes,Yes,No,No internet service,No internet service,No internet service,No internet service,No internet service,No internet service,Two year,Yes,Bank transfer (automatic),20.3,19.63,0
CUST-00625,Female,1,No,No,15,Yes,No,DSL,No,No,No,No,Yes,No,Month-to-month,Yes,Bank transfer (automatic),67.43,1036.83,0
CUST-00626,Male,0,No,No,7,Yes,No,Fiber optic,Yes,Yes,No,No,Yes,No,Month-to-month,Yes,Credit card (automatic),48.93,339.87,0
CUST-00627,Female,0,Yes,Yes,21,Yes,Yes,DSL,No,No,No,Yes,No,Yes,Month-to-month,Yes,Credit card (automatic),64.95,1325.51,1
CUST-00628,Male,0,Yes,Yes,23,Yes,Yes,Fiber optic,Yes,No,Yes,No,Yes,No,Month-to-month,Yes,Bank transfer (automatic),40.6,952.57,0
CUST-00629,Male,1,No,No,13,Yes,No,Fiber optic,No,No,No,No,No,No,Month-to-month,Yes,Mailed check,82.62,1054.99,0
CUST-00630,Male,0,Yes,No,44,No,No phone service,Fiber optic,No,No,No,Yes,No,No,Month-to-month,No,Bank transfer (automatic),45.93,2051.92,0
CUST-00631,Female,0,No,No,72,Yes,No,DSL,No,No,No,Yes,Yes,No,One year,No,Bank transfer (automatic),41.07,2815.68,0
CUST-00632,Male,0,No,No,7,Yes,No,No,No internet service,No internet service,No internet service,No internet service,No internet service,No internet service,Month-to-month,Yes,Bank transfer (automatic),21.78,158.93,0
CUST-00633,Male,0,No,No,57,Yes,No,Fiber optic,Yes,No,No,No,No,No,Month-to-month,Yes,Bank transfer (automatic),98.83,5427.87,0
CUST-00634,Female,0,Yes,Yes,4,Yes,No,No,No internet service,No internet service,No internet service,No internet service,No internet service,No internet service,Two year,Yes,Bank transfer (automatic),21.85,90.04,0
CUST-00635,Female,0,No,Yes,8,Yes,No,DSL,No,No,Yes,No,No,No,Two year,Yes,Electronic check,48.98,384.11,0
CUST-00636,Male,1,No,No,26,Yes,Yes,No,No internet service,No internet service,No internet service,No internet service,No internet service,No internet service,Month-to-month,Yes,Credit card (automatic),21.56,553.55,0
CUST-00637,Male,0,No,No,11,Yes,Yes,Fiber optic,Yes,Yes,No,Yes,Yes,No,One year,No,Electronic check,65.96,718.56,1
CUST-00638,Female,1,No,No,1,Yes,No,DSL,No,Yes,No,No,Yes,Yes,One year,Yes,Credit card (automatic),79.45,79.08,0
CUST-00639,Female,0,No,No,11,Yes,No,DSL,Yes,No,Yes,No,No,No,One year,Yes,Electronic check,28.66,315.25,0
CUST-00640,Female,0,Yes,Yes,72,No,No phone service,DSL,Yes,No,No,No,No,Yes,Two year,No,Electronic check,51.62,3831.13,0
CUST-00641,Female,0,Yes,Yes,6,Yes,No,Fiber optic,No,Yes,No,No,No,No,Month-to-month,Yes,Electronic check,47.2,281.47,1
CUST-00642,Female,0,Yes,No,46,Yes,Yes,No,No internet service,No internet service,No internet service,No internet service,No internet service,No internet service,One year,Yes,Electronic check,22.78,1043.85,0
CUST-00643,Male,1,Yes,No,40,Yes,No,DSL,No,No,No,No,Yes,Yes,Two year,Yes,Electronic check,36.91,1410.29,0
CUST-00644,Female,0,No,No,3,Yes,Yes,No,No internet service,No internet service,No internet service,No internet service,No internet service,No internet service,One year,No,Mailed check,20.54,59.54,0
CUST-00645,Male,0,No,No,12,Yes,Yes,Fiber optic,Yes,No,No,No,Yes,No,Two year,No,Mailed check,59.44,706.08,0
CUST-00646,Male,0,Yes,Yes,6,Yes,No,Fiber optic,No,Yes,No,No,No,No,Month-to-month,Yes,Bank transfer (automatic),69.79,432.26,1
CUST-00647,Male,0,Yes,No,1,Yes,Yes,Fiber optic,No,Yes,No,No,Yes,No,Two year,Yes,Electronic check,65.18,63.28,0
CUST-00648,Female,0,Yes,No,6,Yes,No,Fiber optic,No,No,Yes,No,Yes,Yes,Two year,Yes,Bank transfer (automatic),80.68,507.09,0
CUST-00649,Male,0,No,No,7,Yes,No,Fiber optic,Yes,No,No,No,Yes,No,One year,Yes,Bank transfer (automatic),50.98,363.4,0
CUST-00650,Male,1,Yes,No,5,Yes,Yes,Fiber optic,No,No,Yes,Yes,Yes,Yes,Month-to-month,Yes,Electronic check,77.95,392.43,1
CUST-00651,Female,0,Yes,No,3,Yes,No,No,No internet service,No internet service,No internet service,No internet service,No internet service,No internet service,Two year,No,Mailed check,20.39,62.49,0
CUST-00652,Male,0,Yes,No,23,Yes,No,Fiber optic,Yes,Yes,Yes,No,No,No,Two year,No,Bank transfer (automatic),65.33,1533.39,0
CUST-00653,Male,0,Yes,No,12,Yes,No,Fiber optic,Yes,No,No,Yes,Yes,Yes,Month-to-month,Yes,Bank transfer (automatic),50.09,628.24,0
CUST-00654,Female,1,No,No,72,Yes,Yes,Fiber optic,No,No,No,No,No,No,Month-to-month,No,Mailed check,76.98,5330.81,0
CUST-00655,Male,0,Yes,Yes,6,Yes,No,DSL,Yes,Yes,No,Yes,Yes,Yes,Two year,Yes,Credit card (automatic),59.6,365.97,0
CUST-00656,Male,0,Yes,No,29,Yes,No,DSL,Yes,Yes,No,Yes,No,No,One year,No,Electronic check,59.5,1801.54,0
CUST-00657,Male,0,Yes,Yes,72,Yes,No,No,No internet service,No internet service,No internet service,No internet service,No internet service,No internet service,Month-to-month,Yes,Mailed check,20.45,1490.56,0
CUST-00658,Female,0,No,No,1,No,No phone service,Fiber optic,Yes,Yes,No,No,Yes,Yes,Two year,No,Bank transfer (automatic),78.27,75.09,0
CUST-00659,Female,0,No,Yes,23,Yes,No,No,No internet service,No internet service,No internet service,No internet service,No internet service,No internet service,Month-to-month,No,Credit card (automatic),23.87,525.4,0
CUST-00660,Female,1,Yes,No,19,No,No phone service,Fiber optic,No,No,No,No,No,No,Two year,Yes,Mailed check,80.43,1520.56,1
CUST-00661,Male,0,Yes,No,72,Yes,No,DSL,No,Yes,Yes,No,No,No,One year,Yes,Mailed check,51.79,3702.12,0
CUST-00662,Male,0,No,No,34,Yes,Yes,Fiber optic,Yes,No,Yes,No,No,No,Two year,Yes,Credit card (automatic),64.66,2121.14,0
CUST-00663,Female,0,Yes,Yes,13,Yes,No,DSL,Yes,Yes,Yes,No,No,No,Month-to-month,Yes,Mailed check,53.95,722.09,0
CUST-00664,Male,0,No,No,39,Yes,Yes,No,No internet service,No internet service,No internet service,No internet service,No internet service,No internet service,Two year,Yes,Credit card (automatic),22.58,918.81,0
CUST-00665,Male,0,Yes,No,27,Yes,No,DSL,No,Yes,No,No,No,No,One year,Yes,Bank transfer (automatic),69.06,1942.68,1
CUST-00666,Female,0,Yes,Yes,13,No,No phone service,Fiber optic,No,No,Yes,Yes,No,No,Month-to-month,Yes,Electronic check,77.19,1005.65,1
CUST-00667,Female,0,No,No,49,Yes,No,Fiber optic,Yes,No,Yes,Yes,Yes,Yes,Month-to-month,Yes,Electronic check,88.15,4265.29,0
CUST-00668,Male,0,No,No,35,Yes,Yes,Fiber optic,No,Yes,No,No,No,No,One year,Yes,Electronic check,106.96,3841.87,0
CUST-00669,Male,0,No,No,1,Yes,Yes,No,No internet service,No internet service,No internet service,No internet service,No internet service,No internet service,One year,No,Electronic check,18.0,17.27,0
CUST-00670,Male,0,Yes,Yes,64,Yes,No,Fiber optic,No,No,Yes,No,No,No,Two year,No,Mailed check,72.72,4665.45,0
CUST-00671,Female,1,Yes,No,16,Yes,No,DSL,No,No,No,Yes,No,No,One year,No,Credit card (automatic),82.18,1286.62,0
CUST-00672,Female,0,Yes,No,33,Yes,Yes,DSL,No,No,Yes,No,No,No,Two year,Yes,Mailed check,63.55,2132.35,0
CUST-00673,Female,0,No,Yes,16,Yes,No,DSL,No,No,Yes,No,No,Yes,Two year,No,Bank transfer (automatic),66.04,1047.47,0
CUST-00674,Female,0,No,Yes,68,Yes,No,No,No internet service,No internet service,No internet service,No internet service,No internet service,No internet service,Month-to-month,Yes,Credit card (automatic),24.31,1641.74,0
CUST-00675,Male,0,Yes,Yes,33,Yes,Yes,DSL,No,No,No,No,No,No,Month-to-month,No,Electronic check,70.39,2253.51,1
CUST-00676,Female,0,No,No,27,Yes,No,Fiber optic,No,No,Yes,No,Yes,No,Month-to-month,Yes,Mailed check,82.64,2241.07,0
CUST-00677,Female,0,No,Yes,72,Yes,Yes,Fiber optic,No,No,Yes,Yes,No,Yes,Month-to-month,Yes,Electronic check,74.01,5168.45,0
CUST-00678,Female,0,Yes,No,10,Yes,Yes,Fiber optic,Yes,Yes,No,No,No,No,Month-to-month,No,Electronic check,80.74,822.24,1
CUST-00679,Female,0,No,No,2,No,No phone service,Fiber optic,No,No,Yes,No,No,Yes,One year,No,Bank transfer (automatic),76.86,159.98,1
CUST-00680,Female,0,Yes,No,23,Yes,Yes,Fiber optic,No,No,No,No,Yes,No,Month-to-month,Yes,Bank transfer (automatic),95.33,2281.57,1
CUST-00681,Male,0,Yes,Yes,17,Yes,Yes,DSL,No,No,No,Yes,Yes,No,One year,Yes,Bank transfer (automatic),45.3,772.6,0
CUST-00682,Male,0,No,No,19,Yes,Yes,DSL,No,No,No,Yes,No,No,Month-to-month,Yes,Mailed check,49.93,935.59,1
CUST-00683,Female,0,Yes,No,30,Yes,No,No,No internet service,No internet service,No internet service,No internet service,No internet service,No internet service,Month-to-month,No,Bank transfer (automatic),22.91,669.41,0
CUST-00684,Male,0,Yes,Yes,30,Yes,No,Fiber optic,Yes,No,No,Yes,No,No,Month-to-month,Yes,Bank transfer (automatic),74.83,2191.21,0
CUST-00685,Female,0,No,No,15,Yes,Yes,DSL,No,Yes,No,No,Yes,No,One year,No,Electronic check,43.29,670.59,0
CUST-00686,Female,0,No,No,63,Yes,Yes,Fiber optic,No,Yes,No,Yes,No,Yes,Month-to-month,No,Mailed check,50.64,3273.22,1
CUST-00687,Male,0,No,No,33,Yes,No,DSL,No,No,No,Yes,No,No,Month-to-month,No,Mailed check,43.31,1494.84,1
CUST-00688,Male,0,No,No,70,Yes,No,DSL,No,No,Yes,Yes,Yes,No,Month-to-month,No,Credit card (automatic),49.43,3427.0,0
CUST-00689,Female,1,Yes,No,72,Yes,No,DSL,No,No,Yes,No,Yes,No,One year,No,Credit card (automatic),81.61,5794.62,0
CUST-00690,Female,0,No,No,5,Yes,Yes,DSL,No,Yes,No,No,No,No,One year,Yes,Credit card (automatic),47.49,228.74,1
CUST-00691,Female,0,No,No,36,Yes,Yes,No,No internet service,No internet service,No internet service,No internet service,No internet service,No internet service,Month-to-month,Yes,Electronic check,23.2,839.9,0
CUST-00692,Male,0,Yes,No,12,Yes,Yes,DSL,No,No,Yes,No,No,No,Month-to-month,No,Bank transfer (automatic),52.06,605.22,0
CUST-00693,Female,0,No,No,57,Yes,Yes,No,No internet service,No internet service,No internet service,No internet service,No internet service,No internet service,Month-to-month,Yes,Credit card (automatic),18.0,1019.38,0
CUST-00694,Female,1,Yes,No,42,Yes,Yes,Fiber optic,No,No,No,No,Yes,No,Month-to-month,Yes,Bank transfer (automatic),100.7,4426.06,0
CUST-00695,Female,0,Yes,Yes,7,Yes,Yes,DSL,Yes,Yes,Yes,No,Yes,Yes,Two year,Yes,Mailed check,44.6,325.79,0
CUST-00696,Male,0,No,No,72,Yes,Yes,DSL,No,No,No,No,Yes,Yes,Month-to-month,Yes,Bank transfer (automatic),54.74,3801.04,1
CUST-00697,Female,0,No,Yes,36,Yes,Yes,DSL,No,Yes,No,No,No,No,Month-to-month,Yes,Mailed check,69.85,2482.97,1
CUST-00698,Female,0,Yes,No,72,No,No phone service,Fiber optic,No,Yes,No,No,Yes,No,Month-to-month,Yes,Bank transfer (automatic),97.94,7322.97,1
CUST-00699,Male,0,Yes,No,7,Yes,No,No,No internet service,No internet service,No internet service,No internet service,No internet service,No internet service,One year,Yes,Bank transfer (automatic),18.0,121.55,0
CUST-00700,Female,0,No,No,65,Yes,No,DSL,No,Yes,No,No,Yes,Yes,Two year,No,Credit card (automatic),91.49,5833.48,0
CUST-00701,Female,1,Yes,No,35,Yes,Yes,Fiber optic,No,Yes,Yes,No,No,No,Month-to-month,No,Bank transfer (automatic),56.97,1912.42,1
CUST-00702,Male,0,Yes,Yes,25,Yes,No,No,No internet service,No internet service,No internet service,No internet service,No internet service,No internet service,One year,Yes,Electronic check,21.08,549.96,0
CUST-00703,Female,0,No,Yes,54,Yes,No,No,No internet service,No internet service,No internet service,No internet service,No internet service,No internet service,Month-to-month,Yes,Credit card (automatic),20.7,1107.5,1
CUST-00704,Male,1,No,No,32,Yes,Yes,Fiber optic,No,Yes,No,Yes,No,No,Two year,Yes,Electronic check,89.13,2789.82,0
CUST-00705,Male,0,No,No,35,Yes,No,Fiber optic,Yes,No,No,No,No,Yes,Month-to-month,No,Mailed check,58.67,1997.9,1
CUST-00706,Female,1,No,No,9,Yes,No,Fiber optic,Yes,No,No,No,Yes,No,Month-to-month,Yes,Mailed check,76.67,693.59,1
CUST-00707,Female,1,No,No,54,Yes,Yes,Fiber optic,No,No,No,No,No,Yes,One year,Yes,Bank transfer (automatic),57.69,3053.84,0
CUST-00708,Female,0,No,No,33,Yes,No,No,No internet service,No internet service,No internet service,No internet service,No internet service,No internet service,Two year,Yes,Bank transfer (automatic),20.52,659.62,0
CUST-00709,Female,0,Yes,No,59,Yes,No,Fiber optic,No,No,No,No,Yes,Yes,Two year,Yes,Credit card (automatic),97.12,5708.05,0
CUST-00710,Male,0,No,No,13,Yes,Yes,No,No internet service,No internet service,No internet service,No internet service,No internet service,No internet service,One year,Yes,Electronic check,26.08,347.37,0
CUST-00711,Female,1,Yes,Yes,12,Yes,Yes,Fiber optic,No,No,No,No,No,Yes,Month-to-month,No,Mailed check,89.49,1077.9,1
CUST-00712,Male,0,Yes,No,1,Yes,Yes,Fiber optic,No,No,No,No,No,No,Month-to-month,No,Electronic check,77.47,80.57,1
CUST-00713,Female,0,Yes,Yes,46,Yes,No,Fiber optic,Yes,No,No,No,No,No,Two year,Yes,Bank transfer (automatic),57.16,2499.2,0
CUST-00714,Female,1,No,No,12,Yes,No,DSL,No,No,Yes,Yes,Yes,No,Month-to-month,Yes,Electronic check,28.28,343.2,0
CUST-00715,Female,1,Yes,Yes,12,Yes,Yes,Fiber optic,Yes,No,Yes,No,No,No,One year,Yes,Credit card (automatic),98.84,1213.7,1
CUST-00716,Male,0,Yes,Yes,37,Yes,No,No,No internet service,No internet service,No internet service,No internet service,No internet service,No internet service,Month-to-month,No,Credit card (automatic),18.0,642.37,0
CUST-00717,Female,0,No,No,9,Yes,Yes,Fiber optic,No,No,No,No,Yes,No,Month-to-month,Yes,Electronic check,73.11,640.67,1
CUST-00718,Female,1,No,No,72,Yes,No,Fiber optic,No,Yes,No,No,No,No,One year,No,Bank transfer (automatic),76.21,5628.7,0
CUST-00719,Female,0,No,Yes,24,Yes,No,Fiber optic,No,No,Yes,Yes,No,No,Month-to-month,Yes,Mailed check,70.7,1756.92,1
CUST-00720,Female,1,Yes,Yes,72,Yes,Yes,No,No internet service,No internet service,No internet service,No internet service,No internet service,No internet service,Month-to-month,No,Mailed check,22.18,1529.07,0
CUST-00721,Male,0,Yes,Yes,2,Yes,Yes,Fiber optic,No,Yes,No,No,Yes,No,One year,Yes,Electronic check,65.37,129.67,1
CUST-00722,Female,0,No,No,13,Yes,Yes,No,No internet service,No internet service,No internet service,No internet service,No internet service,No internet service,Month-to-month,No,Bank transfer (automatic),23.26,293.56,0
CUST-00723,Male,0,Yes,No,15,No,No phone service,No,No internet service,No internet service,No internet service,No internet service,No internet service,No internet service,Two year,Yes,Electronic check,27.33,427.58,0
CUST-00724,Male,0,No,No,41,Yes,Yes,DSL,No,Yes,No,Yes,No,Yes,Month-to-month,Yes,Electronic check,58.7,2364.27,1
CUST-00725,Male,0,Yes,No,7,Yes,Yes,Fiber optic,Yes,No,No,No,No,No,One year,No,Credit card (automatic),78.83,562.69,0
CUST-00726,Male,0,No,No,15,Yes,No,Fiber optic,Yes,No,No,Yes,Yes,Yes,Month-to-month,Yes,Mailed check,69.77,1048.86,1
CUST-00727,Male,0,Yes,No,72,Yes,Yes,Fiber optic,No,No,No,No,No,Yes,Month-to-month,Yes,Credit card (automatic),72.2,5223.66,0
CUST-00728,Male,0,Yes,Yes,3,Yes,No,DSL,No,No,Yes,No,No,Yes,Two year,No,Bank transfer (automatic),54.29,163.33,0
CUST-00729,Female,0,No,No,43,Yes,No,DSL,Yes,No,Yes,Yes,No,Yes,One year,Yes,Mailed check,48.56,2044.52,0
CUST-00730,Male,0,Yes,Yes,38,Yes,No,Fiber optic,Yes,No,No,No,No,Yes,Month-to-month,No,Electronic check,66.35,2566.94,1
CUST-00731,Male,0,Yes,Yes,4,No,No phone service,DSL,Yes,No,No,No,Yes,Yes,Month-to-month,Yes,Electronic check,35.07,146.95,1
CUST-00732,Male,0,No,No,37,Yes,Yes,Fiber optic,Yes,No,No,No,No,No,Two year,Yes,Credit card (automatic),74.44,2631.6,0
CUST-00733,Female,0,Yes,No,26,Yes,No,DSL,Yes,Yes,No,No,No,No,Month-to-month,Yes,Electronic check,68.15,1779.22,0
CUST-00734,Female,0,Yes,No,10,Yes,No,DSL,Yes,No,No,No,No,No,Month-to-month,No,Bank transfer (automatic),66.17,661.45,1
CUST-00735,Male,0,Yes,Yes,11,Yes,No,No,No internet service,No internet service,No internet service,No internet service,No internet service,No internet service,Month-to-month,Yes,Bank transfer (automatic),18.0,193.57,1
CUST-00736,Female,0,Yes,No,57,Yes,No,DSL,No,Yes,No,Yes,Yes,Yes,Two year,Yes,Electronic check,59.25,3479.48,0
CUST-00737,Male,1,Yes,Yes,8,Yes,No,DSL,No,Yes,No,Yes,Yes,No,Month-to-month,Yes,Bank transfer (automatic),53.65,447.49,0
CUST-00738,Male,1,No,No,23,Yes,Yes,Fiber optic,No,No,Yes,Yes,No,No,Month-to-month,Yes,Electronic check,72.54,1750.06,1
CUST-00739,Female,0,No,No,36,Yes,No,Fiber optic,No,Yes,Yes,No,Yes,No,Month-to-month,No,Mailed check,48.85,1683.56,1
CUST-00740,Male,1,Yes,No,4,Yes,Yes,DSL,Yes,Yes,No,No,No,Yes,Two year,Yes,Mailed check,66.64,273.52,0
CUST-00741,Female,0,Yes,No,72,Yes,Yes,Fiber optic,No,Yes,No,Yes,Yes,Yes,Month-to-month,No,Credit card (automatic),40.0,2854.89,0
CUST-00742,Female,0,No,No,9,Yes,No,Fiber optic,No,Yes,No,Yes,Yes,No,Month-to-month,Yes,Credit card (automatic),59.04,534.25,0
CUST-00743,Male,0,No,Yes,12,Yes,No,Fiber optic,No,No,No,No,Yes,Yes,Month-to-month,Yes,Electronic check,80.54,1007.92,1
CUST-00744,Male,0,Yes,Yes,35,Yes,Yes,No,No internet service,No internet service,No internet service,No internet service,No internet service,No internet service,Month-to-month,Yes,Bank transfer (automatic),26.69,930.89,0
CUST-00745,Female,0,No,No,2,Yes,No,DSL,No,Yes,Yes,No,No,Yes,Two year,No,Bank transfer (automatic),60.96,115.97,0
CUST-00746,Male,0,No,No,31,Yes,No,No,No internet service,No internet service,No internet service,No internet service,No internet service,No internet service,Two year,Yes,Electronic check,21.22,659.38,0
CUST-00747,Male,0,Yes,No,72,Yes,Yes,No,No internet service,No internet service,No internet service,No internet service,No internet service,No internet service,Month-to-month,No,Bank transfer (automatic),18.0,1353.23,0
CUST-00748,Male,0,Yes,No,9,No,No phone service,No,No internet service,No internet service,No internet service,No internet service,No internet service,No internet service,One year,Yes,Electronic check,20.82,189.57,1
CUST-00749,Female,0,Yes,No,14,No,No phone service,No,No internet service,No internet service,No internet service,No internet service,No internet service,No internet service,Two year,No,Electronic check,22.55,321.2,0
CUST-00750,Female,0,No,No,8,No,No phone service,DSL,No,No,Yes,No,Yes,Yes,One year,No,Credit card (automatic),33.78,282.92,0
CUST-00751,Male,0,No,No,54,Yes,No,No,No internet service,No internet service,No internet service,No internet service,No internet service,No internet service,Month-to-month,Yes,Mailed check,21.03,1161.45,0
CUST-00752,Female,0,No,No,5,Yes,No,Fiber optic,No,Yes,Yes,No,No,Yes,Month-to-month,Yes,Electronic check,48.49,247.84,1
CUST-00753,Female,0,Yes,No,13,No,No phone service,DSL,No,No,No,Yes,Yes,Yes,Month-to-month,No,Mailed check,45.33,602.85,1
CUST-00754,Female,0,No,No,29,Yes,No,Fiber optic,No,No,No,No,Yes,Yes,Month-to-month,Yes,Mailed check,82.0,2374.73,0
CUST-00755,Female,1,No,No,16,Yes,No,Fiber optic,No,No,Yes,Yes,No,No,Month-to-month,Yes,Bank transfer (automatic),51.24,807.69,1
CUST-00756,Female,0,No,No,2,Yes,Yes,Fiber optic,No,No,No,No,No,No,Two year,Yes,Credit card (automatic),91.15,188.36,0
CUST-00757,Male,0,Yes,Yes,72,No,No phone service,No,No internet service,No internet service,No internet service,No internet service,No internet service,No internet service,Two year,Yes,Mailed check,26.07,1810.08,0
CUST-00758,Male,0,No,No,13,Yes,No,Fiber optic,Yes,No,No,Yes,No,Yes,Month-to-month,Yes,Electronic check,120.0,1590.81,1
CUST-00759,Male,0,Yes,No,18,Yes,Yes,DSL,Yes,Yes,Yes,Yes,No,Yes,One year,Yes,Bank transfer (automatic),50.17,917.03,0
CUST-00760,Female,0,No,Yes,5,Yes,Yes,DSL,No,No,No,Yes,No,No,Two year,Yes,Credit card (automatic),61.49,308.4,1
CUST-00761,Female,0,No,No,64,Yes,No,Fiber optic,No,No,No,No,Yes,Yes,Month-to-month,Yes,Electronic check,74.96,4732.4,0
CUST-00762,Male,0,Yes,Yes,11,Yes,Yes,Fiber optic,No,Yes,Yes,Yes,No,Yes,Month-to-month,Yes,Credit card (automatic),72.8,798.21,1
CUST-00763,Female,0,No,No,1,Yes,No,Fiber optic,No,Yes,Yes,No,Yes,No,One year,Yes,Mailed check,57.76,58.72,1
CUST-00764,Male,0,Yes,No,12,Yes,Yes,DSL,Yes,Yes,No,Yes,Yes,Yes,Month-to-month,Yes,Credit card (automatic),46.72,574.56,0
CUST-00765,Male,0,No,No,72,Yes,Yes,Fiber optic,No,No,No,No,Yes,Yes,Month-to-month,No,Mailed check,91.71,6317.21,1
CUST-00766,Male,0,Yes,No,5,Yes,No,DSL,Yes,No,No,No,No,No,Month-to-month,No,Credit card (automatic),67.91,336.16,1
CUST-00767,Female,0,No,No,1,Yes,No,DSL,No,No,No,No,No,No,Month-to-month,No,Mailed check,73.8,71.09,0
CUST-00768,Female,0,No,No,27,Yes,No,Fiber optic,Yes,No,No,No,No,Yes,One year,Yes,Electronic check,100.46,2753.82,1
CUST-00769,Male,0,Yes,Yes,14,Yes,No,DSL,Yes,No,No,No,No,Yes,Month-to-month,Yes,Electronic check,62.35,894.63,0
CUST-00770,Male,0,No,No,50,Yes,Yes,No,No internet service,No internet service,No internet service,No internet service,No internet service,No internet service,Two year,No,Bank transfer (automatic),18.0,917.18,0
CUST-00771,Male,0,Yes,No,42,No,No phone service,Fiber optic,No,No,Yes,No,No,Yes,Month-to-month,No,Bank transfer (automatic),49.99,2012.73,1
CUST-00772,Male,0,Yes,Yes,6,Yes,No,Fiber optic,No,No,No,Yes,No,No,Month-to-month,Yes,Electronic check,72.97,434.93,1
CUST-00773,Female,0,No,No,26,Yes,Yes,Fiber optic,No,No,No,No,Yes,No,One year,No,Credit card (automatic),72.43,1874.22,0
CUST-00774,Female,1,No,No,1,Yes,Yes,Fiber optic,No,No,No,No,No,Yes,One year,Yes,Credit card (automatic),46.62,47.24,0
CUST-00775,Male,0,No,No,18,Yes,Yes,Fiber optic,No,Yes,No,No,No,No,Two year,No,Credit card (automatic),77.04,1422.42,0
CUST-00776,Male,1,No,No,40,Yes,No,No,No internet service,No internet service,No internet service,No internet service,No internet service,No internet service,One year,No,Credit card (automatic),25.74,1022.17,0
CUST-00777,Female,0,No,No,17,Yes,Yes,DSL,No,No,No,No,Yes,Yes,One year,Yes,Mailed check,77.23,1367.53,0
CUST-00778,Female,0,No,No,4,Yes,No,No,No internet service,No internet service,No internet service,No internet service,No internet service,No internet service,One year,Yes,Bank transfer (automatic),18.0,69.66,0
CUST-00779,Male,0,No,No,2,Yes,Yes,No,No internet service,No internet service,No internet service,No internet service,No internet service,No internet service,Month-to-month,Yes,Credit card (automatic),23.21,46.05,1
CUST-00780,Male,0,No,No,61,Yes,Yes,No,No internet service,No internet service,No internet service,No internet service,No internet service,No internet service,One year,Yes,Mailed check,18.0,1137.04,0
CUST-00781,Male,0,Yes,No,71,Yes,No,DSL,Yes,No,No,No,No,No,Month-to-month,Yes,Bank transfer (automatic),73.6,5396.97,0
CUST-00782,Female,0,Yes,Yes,13,No,No phone service,DSL,Yes,No,No,No,No,No,Month-to-month,No,Mailed check,65.77,895.01,1
CUST-00783,Female,0,No,No,5,Yes,No,Fiber optic,No,Yes,No,No,Yes,Yes,Month-to-month,No,Credit card (automatic),40.57,194.61,0
CUST-00784,Female,0,No,No,72,Yes,No,No,No internet service,No internet service,No internet service,No internet service,No internet service,No internet service,Two year,No,Mailed check,18.28,1352.88,0
CUST-00785,Male,0,No,No,25,Yes,No,DSL,No,No,No,No,No,No,Two year,No,Electronic check,57.46,1473.99,0
CUST-00786,Male,1,Yes,Yes,20,Yes,Yes,Fiber optic,Yes,Yes,Yes,No,Yes,No,Month-to-month,Yes,Bank transfer (automatic),75.77,1590.56,1
CUST-00787,Female,0,No,No,43,Yes,Yes,DSL,No,Yes,No,No,Yes,Yes,One year,No,Electronic check,55.81,2399.51,0
CUST-00788,Female,0,Yes,Yes,5,Yes,Yes,No,No internet service,No internet service,No internet service,No internet service,No internet service,No internet service,Two year,No,Credit card (automatic),24.07,124.0,0
CUST-00789,Male,0,No,Yes,27,Yes,No,No,No internet service,No internet service,No internet service,No internet service,No internet service,No internet service,One year,No,Credit card (automatic),23.39,662.69,0
CUST-00790,Female,0,Yes,No,70,Yes,Yes,DSL,No,No,Yes,No,No,No,Two year,Yes,Mailed check,73.21,4878.86,0
CUST-00791,Female,0,Yes,No,1,Yes,No,DSL,No,Yes,Yes,No,No,No,Month-to-month,No,Mailed check,43.24,44.24,0
CUST-00792,Male,1,No,No,35,Yes,Yes,Fiber optic,No,No,Yes,No,Yes,Yes,Month-to-month,No,Electronic check,79.51,2677.7,1
CUST-00793,Female,0,No,No,25,No,No phone service,Fiber optic,No,No,No,Yes,Yes,Yes,Month-to-month,Yes,Electronic check,99.78,2548.67,1
CUST-00794,Male,0,Yes,Yes,72,Yes,Yes,Fiber optic,No,No,No,Yes,Yes,Yes,Two year,Yes,Electronic check,86.81,6176.65,0
CUST-00795,Male,0,Yes,Yes,9,No,No phone service,No,No internet service,No internet service,No internet service,No internet service,No internet service,No internet service,Two year,No,Bank transfer (automatic),18.0,155.06,0
CUST-00796,Male,0,Yes,No,62,Yes,No,No,No internet service,No internet service,No internet service,No internet service,No internet service,No internet service,Two year,Yes,Electronic check,25.43,1621.27,0
CUST-00797,Male,0,Yes,No,11,Yes,No,Fiber optic,Yes,Yes,No,Yes,No,No,Month-to-month,Yes,Electronic check,65.08,698.99,1
CUST-00798,Male,0,Yes,No,17,Yes,No,DSL,No,No,No,Yes,No,No,One year,Yes,Electronic check,61.32,996.87,1
CUST-00799,Male,1,No,No,7,Yes,Yes,Fiber optic,No,Yes,Yes,No,No,No,One year,No,Mailed check,91.06,658.09,0
CUST-00800,Male,0,No,No,63,Yes,Yes,Fiber optic,No,No,No,No,No,No,One year,No,Mailed check,50.0,3191.22,0
CUST-00801,Female,1,Yes,Yes,6,Yes,Yes,Fiber optic,No,Yes,Yes,No,Yes,No,Two year,No,Credit card (automatic),91.34,569.31,1
CUST-00802,Male,0,No,No,62,Yes,No,DSL,No,Yes,Yes,No,No,No,Month-to-month,Yes,Electronic check,32.81,2040.57,0
CUST-00803,Male,0,Yes,No,19,Yes,Yes,DSL,No,No,Yes,Yes,Yes,No,Month-to-month,No,Bank transfer (automatic),62.3,1188.86,1
CUST-00804,Female,0,Yes,Yes,57,Yes,Yes,Fiber optic,No,Yes,Yes,No,No,Yes,Month-to-month,Yes,Credit card (automatic),99.17,5710.17,0
CUST-00805,Female,0,Yes,No,9,Yes,No,Fiber optic,Yes,No,No,No,No,No,Month-to-month,No,Credit card (automatic),98.05,870.69,1
CUST-00806,Female,1,No,No,4,Yes,No,Fiber optic,No,Yes,No,Yes,No,Yes,Month-to-month,No,Electronic check,96.27,401.16,1
CUST-00807,Male,0,Yes,No,25,Yes,No,DSL,Yes,No,No,No,No,No,Month-to-month,Yes,Electronic check,58.43,1439.29,0
CUST-00808,Female,0,Yes,Yes,22,Yes,No,DSL,Yes,No,Yes,No,Yes,Yes,Month-to-month,Yes,Electronic check,53.55,1198.42,1
CUST-00809,Male,0,Yes,Yes,14,Yes,No,DSL,No,No,No,Yes,No,Yes,Two year,Yes,Mailed check,71.49,960.1,0
CUST-00810,Male,0,Yes,Yes,34,Yes,Yes,No,No internet service,No internet service,No internet service,No internet service,No internet service,No internet service,One year,Yes,Mailed check,23.01,767.76,0
CUST-00811,Male,0,Yes,Yes,3,Yes,No,Fiber optic,No,Yes,No,Yes,Yes,No,Month-to-month,No,Mailed check,87.41,254.91,1
CUST-00812,Male,0,No,No,31,Yes,Yes,Fiber optic,No,No,No,No,Yes,No,Month-to-month,Yes,Mailed check,58.59,1867.44,1
CUST-00813,Female,0,No,No,7,Yes,Yes,DSL,No,Yes,Yes,No,No,Yes,One year,Yes,Bank transfer (automatic),78.14,549.12,0
CUST-00814,Female,0,No,Yes,4,Yes,No,Fiber optic,No,No,Yes,No,Yes,No,Month-to-month,No,Bank transfer (automatic),52.33,206.59,1
CUST-00815,Male,0,Yes,No,72,Yes,Yes,Fiber optic,No,Yes,Yes,Yes,Yes,No,Month-to-month,Yes,Mailed check,67.0,4693.78,0
CUST-00816,Male,0,Yes,Yes,19,Yes,Yes,No,No internet service,No internet service,No internet service,No internet service,No internet service,No internet service,One year,No,Electronic check,20.78,382.58,0
CUST-00817,Male,0,Yes,No,46,Yes,Yes,No,No internet service,No internet service,No internet service,No internet service,No internet service,No internet service,Month-to-month,No,Mailed check,19.53,906.06,0
CUST-00818,Female,1,Yes,No,2,Yes,No,No,No internet service,No internet service,No internet service,No internet service,No internet service,No internet service,Month-to-month,Yes,Electronic check,26.58,53.06,1
CUST-00819,Male,0,No,No,1,Yes,Yes,Fiber optic,Yes,No,No,Yes,No,No,Month-to-month,No,Electronic check,106.76,109.14,1
CUST-00820,Male,0,Yes,Yes,21,Yes,No,Fiber optic,No,No,No,No,Yes,No,Month-to-month,No,Electronic check,96.04,2111.98,1
CUST-00821,Female,0,Yes,No,12,No,No phone service,No,No internet service,No internet service,No internet service,No internet service,No internet service,No internet service,Two year,No,Credit card (automatic),18.89,220.45,0
CUST-00822,Female,0,No,No,1,Yes,No,DSL,No,No,No,No,Yes,Yes,Month-to-month,Yes,Credit card (automatic),40.24,40.03,0
CUST-00823,Male,0,Yes,No,6,No,No phone service,Fiber optic,No,No,Yes,No,No,No,Two year,Yes,Credit card (automatic),96.61,582.35,0
CUST-00824,Female,0,No,No,7,Yes,No,Fiber optic,No,Yes,No,No,No,No,Month-to-month,Yes,Credit card (automatic),74.19,523.06,1
CUST-00825,Female,0,Yes,No,10,Yes,Yes,Fiber optic,No,No,No,No,No,Yes,Two year,Yes,Credit card (automatic),68.57,657.09,0
CUST-00826,Male,0,No,No,67,Yes,No,Fiber optic,Yes,Yes,No,No,No,No,Two year,No,Electronic check,93.3,6128.08,0
CUST-00827,Female,1,Yes,Yes,17,Yes,Yes,Fiber optic,No,No,Yes,Yes,Yes,No,Month-to-month,Yes,Electronic check,81.3,1374.28,1
CUST-00828,Male,0,No,No,36,Yes,No,Fiber optic,No,No,Yes,Yes,Yes,No,Month-to-month,Yes,Electronic check,60.07,2097.24,0
CUST-00829,Female,0,Yes,Yes,1,No,No phone service,DSL,No,No,No,No,No,Yes,Month-to-month,Yes,Credit card (automatic),59.54,61.96,1
CUST-00830,Male,0,No,No,53,No,No phone service,Fiber optic,No,No,Yes,No,No,Yes,Month-to-month,Yes,Credit card (automatic),100.02,5082.58,1
CUST-00831,Male,0,Yes,No,8,Yes,No,Fiber optic,No,No,Yes,Yes,No,No,Month-to-month,Yes,Electronic check,67.23,518.97,1
CUST-00832,Male,1,No,No,11,Yes,No,DSL,No,No,No,No,No,No,Two year,Yes,Credit card (automatic),60.46,652.09,0
CUST-00833,Female,0,Yes,No,1,Yes,Yes,Fiber optic,No,No,No,No,No,No,Two year,No,Electronic check,81.24,79.39,0
CUST-00834,Male,0,Yes,Yes,16,Yes,Yes,DSL,Yes,No,No,Yes,No,Yes,Month-to-month,Yes,Bank transfer (automatic),55.99,863.51,0
CUST-00835,Female,0,No,No,61,Yes,Yes,DSL,No,No,No,No,Yes,Yes,One year,Yes,Bank transfer (automatic),49.25,3099.67,0
CUST-00836,Male,0,No,No,15,No,No phone service,No,No internet service,No internet service,No internet service,No internet service,No internet service,No internet service,One year,Yes,Electronic check,23.12,359.11,0
CUST-00837,Male,0,Yes,Yes,72,Yes,Yes,Fiber optic,No,No,Yes,No,No,Yes,Month-to-month,Yes,Bank transfer (automatic),85.53,6207.47,0
CUST-00838,Female,0,No,Yes,64,Yes,Yes,Fiber optic,No,No,Yes,No,Yes,No,One year,No,Mailed check,95.69,6269.65,0
CUST-00839,Male,0,Yes,No,2,Yes,Yes,No,No internet service,No internet service,No internet service,No internet service,No internet service,No internet service,One year,No,Bank transfer (automatic),23.65,48.13,0
CUST-00840,Male,0,No,No,11,Yes,Yes,Fiber optic,No,No,No,No,No,No,One year,Yes,Mailed check,91.22,1051.85,1
CUST-00841,Female,0,No,No,72,Yes,No,DSL,Yes,Yes,No,No,No,No,Month-to-month,No,Credit card (automatic),45.42,3318.45,0
CUST-00842,Male,0,No,No,1,Yes,No,Fiber optic,Yes,No,No,Yes,No,Yes,Month-to-month,No,Bank transfer (automatic),120.0,117.22,1
CUST-00843,Male,0,No,No,46,Yes,Yes,No,No internet service,No internet service,No internet service,No internet service,No internet service,No internet service,One year,Yes,Electronic check,22.38,1073.0,0
CUST-00844,Male,0,No,Yes,72,Yes,No,Fiber optic,No,No,Yes,No,No,No,Month-to-month,Yes,Bank transfer (automatic),61.48,4382.58,0
CUST-00845,Male,0,Yes,No,47,Yes,Yes,Fiber optic,Yes,Yes,No,Yes,No,No,Two year,Yes,Mailed check,82.48,3750.02,0
CUST-00846,Female,0,No,No,43,Yes,No,DSL,Yes,Yes,No,No,Yes,No,Month-to-month,No,Electronic check,60.76,2720.89,0
CUST-00847,Female,0,Yes,Yes,59,No,No phone service,DSL,No,No,No,Yes,No,Yes,Month-to-month,Yes,Mailed check,42.3,2430.64,0
CUST-00848,Male,0,No,Yes,35,Yes,No,Fiber optic,No,No,No,Yes,Yes,Yes,Month-to-month,Yes,Mailed check,72.92,2634.45,1
CUST-00849,Female,0,No,No,17,Yes,Yes,DSL,No,No,No,No,Yes,Yes,Month-to-month,Yes,Credit card (automatic),47.3,806.17,0
CUST-00850,Male,0,Yes,No,2,Yes,Yes,DSL,No,No,No,No,Yes,No,Month-to-month,No,Electronic check,71.06,140.08,1
CUST-00851,Female,0,No,Yes,49,Yes,No,No,No internet service,No internet service,No internet service,No internet service,No internet service,No internet service,Two year,Yes,Mailed check,21.3,1065.8,0
CUST-00852,Male,1,No,No,72,Yes,Yes,DSL,No,No,Yes,No,Yes,Yes,Month-to-month,No,Electronic check,61.49,4616.84,0
CUST-00853,Male,1,No,Yes,22,Yes,No,DSL,No,No,Yes,No,No,No,Month-to-month,Yes,Credit card (automatic),47.51,1046.09,0
CUST-00854,Male,1,Yes,No,24,Yes,Yes,DSL,No,Yes,No,No,Yes,Yes,One year,No,Mailed check,75.88,1818.36,0
CUST-00855,Male,0,Yes,No,16,Yes,No,Fiber optic,No,No,No,No,No,No,Month-to-month,Yes,Credit card (automatic),71.8,1106.99,1
CUST-00856,Male,0,No,No,62,Yes,Yes,Fiber optic,No,Yes,No,No,Yes,No,Month-to-month,No,Bank transfer (automatic),77.04,4537.99,0
CUST-00857,Male,0,Yes,Yes,1,Yes,No,Fiber optic,No,No,No,No,No,Yes,Month-to-month,No,Electronic check,71.18,71.49,1
CUST-00858,Female,0,Yes,No,31,Yes,No,No,No internet service,No internet service,No internet service,No internet service,No internet service,No internet service,Month-to-month,Yes,Bank transfer (automatic),26.57,830.35,0
CUST-00859,Male,0,No,Yes,72,Yes,No,DSL,No,No,No,Yes,No,No,Month-to-month,Yes,Mailed check,44.34,3256.91,0
CUST-00860,Female,0,Yes,Yes,3,Yes,No,Fiber optic,No,Yes,Yes,No,No,No,One year,No,Mailed check,89.32,272.62,1
CUST-00861,Male,0,No,No,72,No,No phone service,Fiber optic,No,No,Yes,Yes,Yes,No,Month-to-month,Yes,Bank transfer (automatic),75.55,5321.14,0
CUST-00862,Female,1,No,Yes,72,Yes,No,Fiber optic,Yes,Yes,Yes,Yes,No,No,Two year,No,Bank transfer (automatic),76.64,5282.72,0
CUST-00863,Female,0,No,No,72,Yes,No,No,No internet service,No internet service,No internet service,No internet service,No internet service,No internet service,Month-to-month,Yes,Bank transfer (automatic),22.31,1581.89,0
CUST-00864,Female,0,Yes,No,19,Yes,Yes,Fiber optic,No,Yes,No,No,Yes,Yes,Two year,Yes,Mailed check,76.13,1478.23,0
CUST-00865,Male,0,Yes,No,15,Yes,Yes,Fiber optic,Yes,No,No,No,Yes,Yes,One year,Yes,Electronic check,72.49,1112.92,1
CUST-00866,Male,1,Yes,No,39,Yes,No,DSL,No,No,No,Yes,No,No,Month-to-month,Yes,Credit card (automatic),55.59,2185.59,1
CUST-00867,Female,0,No,No,12,Yes,No,DSL,Yes,No,No,No,No,Yes,Month-to-month,Yes,Mailed check,82.07,950.62,0
CUST-00868,Male,0,Yes,No,2,Yes,Yes,DSL,No,No,No,Yes,No,No,Two year,No,Bank transfer (automatic),79.37,155.65,0
CUST-00869,Female,1,No,No,72,Yes,No,Fiber optic,No,No,No,No,Yes,Yes,One year,No,Electronic check,64.22,4663.78,0
CUST-00870,Male,0,No,No,32,Yes,No,DSL,No,No,Yes,No,Yes,No,Month-to-month,No,Bank transfer (automatic),54.93,1706.64,1
CUST-00871,Female,0,No,No,7,Yes,No,Fiber optic,No,No,No,No,Yes,Yes,Month-to-month,Yes,Credit card (automatic),51.16,361.43,1
CUST-00872,Female,0,Yes,No,1,Yes,No,Fiber optic,Yes,Yes,Yes,No,No,No,Two year,No,Mailed check,45.62,43.55,1
CUST-00873,Male,0,Yes,No,41,Yes,Yes,No,No internet service,No internet service,No internet service,No internet service,No internet service,No internet service,Month-to-month,Yes,Mailed check,20.16,812.94,0
CUST-00874,Female,0,No,No,61,Yes,Yes,Fiber optic,No,Yes,No,Yes,Yes,No,Month-to-month,Yes,Credit card (automatic),74.78,4510.42,0
CUST-00875,Male,0,Yes,No,16,Yes,No,No,No internet service,No internet service,No internet service,No internet service,No internet service,No internet service,Two year,Yes,Credit card (automatic),18.0,283.07,0
CUST-00876,Female,1,Yes,No,2,Yes,Yes,Fiber optic,No,No,Yes,No,No,Yes,Month-to-month,No,Credit card (automatic),69.19,133.77,1
CUST-00877,Female,1,Yes,Yes,33,Yes,No,Fiber optic,No,Yes,Yes,No,No,No,Month-to-month,No,Electronic check,67.06,2128.6,1
CUST-00878,Male,0,No,No,11,Yes,Yes,Fiber optic,No,Yes,No,No,No,Yes,One year,No,Mailed check,62.59,701.0,0
CUST-00879,Male,0,No,No,4,Yes,No,DSL,Yes,No,No,Yes,No,No,Two year,Yes,Mailed check,47.83,184.21,0
CUST-00880,Male,0,No,No,22,Yes,No,No,No internet service,No internet service,No internet service,No internet service,No internet service,No internet service,Month-to-month,Yes,Mailed check,18.0,377.02,1
CUST-00881,Female,0,No,No,21,Yes,No,Fiber optic,No,No,Yes,Yes,No,No,Two year,Yes,Credit card (automatic),89.29,1933.34,0
CUST-00882,Male,0,Yes,No,23,Yes,No,Fiber optic,Yes,Yes,Yes,No,Yes,Yes,Two year,Yes,Electronic check,87.14,2087.06,0
CUST-00883,Female,0,No,Yes,55,Yes,No,Fiber optic,No,No,No,No,No,No,Month-to-month,Yes,Credit card (automatic),116.78,6432.02,1
CUST-00884,Female,0,Yes,No,21,Yes,No,Fiber optic,Yes,No,Yes,No,Yes,No,Month-to-month,Yes,Bank transfer (automatic),67.74,1367.47,0
CUST-00885,Male,0,No,No,72,Yes,No,Fiber optic,No,Yes,No,Yes,Yes,No,Two year,No,Mailed check,66.83,4866.12,0
CUST-00886,Male,1,Yes,Yes,59,Yes,No,Fiber optic,No,Yes,No,Yes,Yes,No,Month-to-month,Yes,Mailed check,68.45,3980.12,1
CUST-00887,Female,0,Yes,No,33,Yes,Yes,No,No internet service,No internet service,No internet service,No internet service,No internet service,No internet service,Month-to-month,Yes,Mailed check,28.13,903.99,0
CUST-00888,Female,0,No,No,1,Yes,No,Fiber optic,Yes,No,No,No,No,No,One year,Yes,Credit card (automatic),58.03,60.19,0
CUST-00889,Male,0,Yes,No,64,Yes,Yes,No,No internet service,No internet service,No internet service,No internet service,No internet service,No internet service,Two year,Yes,Mailed check,18.17,1171.61,0
CUST-00890,Male,0,No,No,72,Yes,Yes,Fiber optic,No,No,No,Yes,Yes,No,One year,No,Bank transfer (automatic),53.23,3869.26,0
CUST-00891,Male,0,Yes,No,15,Yes,No,Fiber optic,No,Yes,No,Yes,No,No,One year,No,Mailed check,77.85,1197.04,0
CUST-00892,Male,0,Yes,No,23,Yes,Yes,DSL,Yes,Yes,Yes,Yes,No,No,Month-to-month,Yes,Electronic check,51.92,1144.36,0
CUST-00893,Male,0,Yes,Yes,10,Yes,No,DSL,No,Yes,No,Yes,Yes,Yes,One year,Yes,Mailed check,51.95,519.91,1
CUST-00894,Female,0,No,No,1,Yes,No,DSL,No,No,No,Yes,No,No,Month-to-month,No,Bank transfer (automatic),40.48,39.43,0
CUST-00895,Female,0,Yes,No,20,Yes,No,No,No internet service,No internet service,No internet service,No internet service,No internet service,No internet service,Month-to-month,No,Credit card (automatic),23.11,449.41,0
CUST-00896,Female,0,No,No,4,Yes,No,Fiber optic,No,Yes,No,Yes,No,No,Month-to-month,Yes,Bank transfer (automatic),66.09,259.64,1
CUST-00897,Female,0,Yes,Yes,6,Yes,Yes,DSL,No,Yes,No,No,Yes,No,Month-to-month,No,Mailed check,62.76,372.3,0
CUST-00898,Male,1,Yes,No,20,Yes,No,Fiber optic,No,No,No,No,No,No,Month-to-month,No,Bank transfer (automatic),90.16,1725.57,1
CUST-00899,Male,0,Yes,No,64,Yes,No,No,No internet service,No internet service,No internet service,No internet service,No internet service,No internet service,Month-to-month,Yes,Mailed check,18.0,1182.71,0
CUST-00900,Male,1,No,No,59,Yes,No,Fiber optic,No,No,No,Yes,No,Yes,Two year,No,Bank transfer (automatic),64.64,3989.9,0
CUST-00901,Female,0,No,No,72,No,No phone service,No,No internet service,No internet service,No internet service,No internet service,No internet service,No internet service,Month-to-month,Yes,Mailed check,23.7,1760.01,0
CUST-00902,Female,1,Yes,Yes,21,Yes,No,No,No internet service,No internet service,No internet service,No internet service,No internet service,No internet service,Month-to-month,Yes,Bank transfer (automatic),19.27,411.68,0
CUST-00903,Male,0,No,No,25,Yes,No,Fiber optic,No,No,No,No,Yes,No,Month-to-month,Yes,Electronic check,109.16,2850.26,1
CUST-00904,Male,0,No,No,55,Yes,No,DSL,No,Yes,No,Yes,No,No,Two year,Yes,Mailed check,60.48,3305.01,0
CUST-00905,Female,0,Yes,No,38,Yes,No,Fiber optic,No,No,Yes,No,No,No,Two year,No,Credit card (automatic),84.71,3349.35,0
CUST-00906,Female,0,No,No,6,Yes,No,Fiber optic,No,Yes,No,Yes,Yes,Yes,Month-to-month,Yes,Electronic check,76.63,474.87,1
CUST-00907,Male,0,Yes,No,16,Yes,No,No,No internet service,No internet service,No internet service,No internet service,No internet service,No internet service,Two year,Yes,Mailed check,20.13,325.93,0
CUST-00908,Male,0,No,No,72,Yes,Yes,DSL,Yes,No,No,Yes,No,No,Month-to-month,Yes,Credit card (automatic),66.84,4986.4,0
CUST-00909,Female,0,No,No,5,Yes,Yes,DSL,No,No,No,No,No,Yes,One year,No,Electronic check,64.24,310.4,0
CUST-00910,Male,0,Yes,Yes,7,Yes,No,Fiber optic,No,Yes,No,Yes,Yes,Yes,One year,Yes,Electronic check,52.91,360.21,0
CUST-00911,Male,0,Yes,No,16,Yes,Yes,DSL,Yes,No,Yes,Yes,No,No,Month-to-month,Yes,Bank transfer (automatic),73.21,1148.06,1
CUST-00912,Male,0,No,No,72,Yes,No,DSL,No,No,Yes,Yes,Yes,Yes,Month-to-month,Yes,Credit card (automatic),64.12,4533.12,0
CUST-00913,Female,0,No,No,3,Yes,Yes,No,No internet service,No internet service,No internet service,No internet service,No internet service,No internet service,Two year,No,Bank transfer (automatic),18.0,51.31,0
CUST-00914,Female,0,No,No,35,Yes,No,No,No internet service,No internet service,No internet service,No internet service,No internet service,No internet service,Month-to-month,Yes,Electronic check,22.72,781.29,1
CUST-00915,Female,0,Yes,No,4,Yes,No,DSL,No,No,No,No,No,No,Month-to-month,Yes,Credit card (automatic),58.17,243.39,1
CUST-00916,Female,1,Yes,No,23,Yes,Yes,Fiber optic,No,Yes,No,No,No,Yes,One year,Yes,Mailed check,82.06,1836.44,1
CUST-00917,Female,0,Yes,No,24,Yes,No,DSL,No,No,Yes,Yes,No,Yes,Month-to-month,Yes,Bank transfer (automatic),51.25,1180.23,0
CUST-00918,Female,0,Yes,No,1,Yes,No,Fiber optic,No,Yes,No,Yes,Yes,Yes,Two year,Yes,Electronic check,46.18,45.09,0
CUST-00919,Female,1,No,No,72,Yes,No,Fiber optic,No,Yes,No,No,No,Yes,Month-to-month,No,Mailed check,63.01,4464.24,0
CUST-00920,Male,0,No,No,52,Yes,No,Fiber optic,No,No,No,Yes,No,No,Month-to-month,No,Credit card (automatic),114.19,5734.44,1
CUST-00921,Male,0,No,No,11,Yes,Yes,Fiber optic,Yes,No,No,No,No,No,Two year,No,Credit card (automatic),85.08,968.28,0
CUST-00922,Male,0,Yes,Yes,4,Yes,Yes,No,No internet service,No internet service,No internet service,No internet service,No internet service,No internet service,Two year,Yes,Electronic check,24.11,91.86,0
CUST-00923,Male,0,No,Yes,13,Yes,Yes,DSL,No,No,No,Yes,No,No,Two year,Yes,Electronic check,52.22,656.82,0
CUST-00924,Male,0,No,No,71,Yes,Yes,Fiber optic,No,No,No,No,No,No,Month-to-month,Yes,Credit card (automatic),97.65,7173.59,0
CUST-00925,Male,0,No,No,4,Yes,No,DSL,No,No,No,No,No,Yes,Two year,Yes,Electronic check,40.0,154.15,0
CUST-00926,Male,0,No,No,13,Yes,No,Fiber optic,No,No,No,No,No,Yes,Month-to-month,No,Electronic check,63.38,857.84,1
CUST-00927,Female,0,No,No,21,Yes,Yes,DSL,Yes,Yes,No,No,Yes,No,Month-to-month,No,Mailed check,54.5,1148.29,0
CUST-00928,Female,0,No,No,1,Yes,No,DSL,No,Yes,No,No,No,Yes,Two year,No,Electronic check,60.67,59.48,0
CUST-00929,Male,0,Yes,No,9,Yes,No,Fiber optic,No,No,No,Yes,No,Yes,Month-to-month,Yes,Electronic check,39.51,341.9,1
CUST-00930,Male,0,Yes,No,28,Yes,No,DSL,Yes,No,No,No,No,Yes,One year,No,Credit card (automatic),60.58,1746.45,0
CUST-00931,Female,0,No,No,12,Yes,No,DSL,Yes,No,No,No,No,No,Two year,No,Electronic check,75.82,882.73,0
CUST-00932,Male,0,No,No,65,Yes,Yes,No,No internet service,No internet service,No internet service,No internet service,No internet service,No internet service,Month-to-month,No,Electronic check,21.8,1440.51,1
CUST-00933,Male,0,Yes,No,72,Yes,Yes,No,No internet service,No internet service,No internet service,No internet service,No internet service,No internet service,Month-to-month,Yes,Mailed check,19.79,1400.46,0
CUST-00934,Female,1,Yes,Yes,18,Yes,Yes,No,No internet service,No internet service,No internet service,No internet service,No internet service,No internet service,Month-to-month,Yes,Mailed check,24.39,436.71,1
CUST-00935,Male,1,No,Yes,24,Yes,No,No,No internet service,No internet service,No internet service,No internet service,No internet service,No internet service,Two year,Yes,Mailed check,18.0,443.39,0
CUST-00936,Female,0,No,No,31,Yes,Yes,DSL,No,Yes,No,Yes,No,Yes,One year,No,Credit card (automatic),55.61,1689.23,0
CUST-00937,Male,0,Yes,Yes,34,Yes,No,DSL,No,No,No,No,No,No,Month-to-month,Yes,Electronic check,60.76,2006.39,0
CUST-00938,Female,0,No,No,2,Yes,No,Fiber optic,No,Yes,No,No,No,No,Month-to-month,Yes,Credit card (automatic),100.16,191.54,1
CUST-00939,Female,0,No,No,1,No,No phone service,No,No internet service,No internet service,No internet service,No internet service,No internet service,No internet service,Month-to-month,No,Bank transfer (automatic),18.0,18.75,0
CUST-00940,Female,0,Yes,Yes,64,Yes,No,DSL,No,Yes,Yes,No,Yes,No,One year,Yes,Bank transfer (automatic),64.02,4237.44,0
CUST-00941,Male,0,Yes,Yes,7,Yes,No,Fiber optic,Yes,Yes,No,Yes,Yes,No,Month-to-month,Yes,Electronic check,103.23,729.66,1
CUST-00942,Female,0,No,Yes,28,Yes,No,No,No internet service,No internet service,No internet service,No internet service,No internet service,No internet service,Month-to-month,Yes,Electronic check,18.97,507.71,0
CUST-00943,Male,0,No,No,31,Yes,Yes,DSL,No,Yes,Yes,No,No,No,One year,Yes,Electronic check,18.0,551.74,0
CUST-00944,Male,1,No,Yes,5,Yes,Yes,Fiber optic,Yes,Yes,Yes,No,Yes,No,Month-to-month,Yes,Bank transfer (automatic),84.03,415.07,1
CUST-00945,Male,0,No,Yes,45,Yes,No,Fiber optic,Yes,No,No,Yes,Yes,No,Two year,Yes,Electronic check,68.47,3083.47,0
CUST-00946,Male,0,Yes,Yes,64,Yes,Yes,Fiber optic,Yes,No,No,No,Yes,No,Month-to-month,Yes,Mailed check,75.8,4771.4,0
CUST-00947,Female,0,No,No,10,Yes,No,Fiber optic,No,No,No,No,No,No,One year,Yes,Bank transfer (automatic),77.81,746.16,1
CUST-00948,Female,0,Yes,No,67,Yes,Yes,DSL,No,Yes,Yes,No,Yes,Yes,Month-to-month,Yes,Mailed check,37.64,2512.32,0
CUST-00949,Male,0,Yes,Yes,2,Yes,No,DSL,No,Yes,Yes,Yes,No,Yes,One year,Yes,Electronic check,57.88,110.67,0
CUST-00950,Male,0,Yes,No,51,Yes,Yes,Fiber optic,Yes,No,Yes,No,Yes,Yes,Two year,No,Electronic check,39.03,1961.98,0
CUST-00951,Female,0,Yes,Yes,32,Yes,No,No,No internet service,No internet service,No internet service,No internet service,No internet service,No internet service,One year,No,Credit card (automatic),26.34,869.54,0
CUST-00952,Male,0,No,No,27,Yes,No,Fiber optic,No,Yes,No,No,No,No,One year,No,Electronic check,61.31,1724.69,0
CUST-00953,Female,0,No,Yes,8,Yes,Yes,No,No internet service,No internet service,No internet service,No internet service,No internet service,No internet service,One year,No,Mailed check,21.58,170.89,0
CUST-00954,Male,0,No,No,14,Yes,Yes,No,No internet service,No internet service,No internet service,No internet service,No internet service,No internet service,Month-to-month,No,Electronic check,27.12,372.19,1
CUST-00955,Male,0,Yes,No,72,No,No phone service,Fiber optic,No,No,No,No,No,No,Month-to-month,No,Bank transfer (automatic),77.13,5554.78,0
CUST-00956,Female,1,No,Yes,20,No,No phone service,Fiber optic,No,No,No,Yes,No,Yes,Two year,No,Mailed check,93.38,1827.69,0
CUST-00957,Male,0,No,Yes,28,Yes,Yes,DSL,Yes,No,No,No,Yes,No,One year,Yes,Mailed check,77.84,2097.73,0
CUST-00958,Female,0,No,Yes,72,Yes,No,Fiber optic,No,No,No,No,No,No,Month-to-month,No,Bank transfer (automatic),39.52,2983.56,0
CUST-00959,Male,0,No,No,20,Yes,No,DSL,No,Yes,No,Yes,Yes,Yes,Month-to-month,Yes,Bank transfer (automatic),52.1,1015.95,0
CUST-00960,Male,0,Yes,No,15,Yes,No,Fiber optic,No,Yes,Yes,No,No,Yes,Month-to-month,Yes,Bank transfer (automatic),107.69,1594.35,1
CUST-00961,Male,0,Yes,No,71,Yes,No,No,No internet service,No internet service,No internet service,No internet service,No internet service,No internet service,Month-to-month,No,Bank transfer (automatic),18.0,1256.01,0
CUST-00962,Female,0,Yes,No,72,Yes,Yes,DSL,Yes,No,No,No,No,Yes,Two year,No,Mailed check,83.22,5698.71,0
CUST-00963,Male,0,No,No,14,Yes,Yes,No,No internet service,No internet service,No internet service,No internet service,No internet service,No internet service,Two year,Yes,Electronic check,20.25,286.76,1
CUST-00964,Male,0,No,No,28,No,No phone service,Fiber optic,No,Yes,No,No,No,No,Month-to-month,Yes,Electronic check,64.36,1801.9,1
CUST-00965,Male,0,Yes,No,72,No,No phone service,Fiber optic,Yes,No,No,Yes,No,No,Month-to-month,Yes,Bank transfer (automatic),114.64,8606.32,0
CUST-00966,Male,0,Yes,Yes,1,Yes,Yes,Fiber optic,No,No,No,Yes,Yes,No,Month-to-month,No,Electronic check,78.94,80.19,0
CUST-00967,Female,0,Yes,Yes,1,Yes,No,Fiber optic,No,Yes,No,No,Yes,No,Month-to-month,No,Mailed check,63.08,62.31,0
CUST-00968,Female,0,No,No,23,Yes,No,Fiber optic,No,No,No,No,No,Yes,Month-to-month,Yes,Electronic check,103.29,2338.31,1
CUST-00969,Male,0,Yes,No,11,Yes,Yes,Fiber optic,No,No,No,Yes,No,Yes,Two year,No,Electronic check,101.04,1066.2,0
CUST-00970,Female,0,Yes,No,27,Yes,Yes,Fiber optic,No,No,No,No,Yes,No,Month-to-month,Yes,Electronic check,77.08,2062.45,1
CUST-00971,Male,0,Yes,No,41,No,No phone service,No,No internet service,No internet service,No internet service,No internet service,No internet service,No internet service,Month-to-month,Yes,Electronic check,22.72,972.35,0
CUST-00972,Male,0,No,No,2,Yes,Yes,DSL,No,No,Yes,No,Yes,Yes,Month-to-month,No,Electronic check,42.58,84.84,1
CUST-00973,Male,0,No,No,68,Yes,Yes,Fiber optic,No,No,Yes,No,No,No,Two year,Yes,Mailed check,47.24,3279.41,0
CUST-00974,Female,0,No,No,10,Yes,No,Fiber optic,No,Yes,No,No,No,No,Two year,Yes,Bank transfer (automatic),69.3,691.99,1
CUST-00975,Female,0,Yes,No,15,Yes,Yes,Fiber optic,Yes,Yes,No,No,No,Yes,Month-to-month,Yes,Electronic check,93.89,1402.24,1
CUST-00976,Female,0,Yes,Yes,13,Yes,Yes,DSL,No,No,No,No,No,Yes,Month-to-month,No,Bank transfer (automatic),64.71,815.76,0
CUST-00977,Female,1,Yes,No,58,Yes,No,Fiber optic,No,No,No,No,Yes,No,Two year,Yes,Mailed check,83.11,4585.3,0
CUST-00978,Female,0,Yes,Yes,5,Yes,No,No,No internet service,No internet service,No internet service,No internet service,No internet service,No internet service,Month-to-month,Yes,Electronic check,18.0,87.93,0
CUST-00979,Female,0,Yes,No,1,Yes,No,Fiber optic,No,No,No,No,No,No,Two year,Yes,Electronic check,72.23,74.29,0
CUST-00980,Female,0,Yes,Yes,72,Yes,No,Fiber optic,Yes,No,Yes,No,Yes,No,Month-to-month,Yes,Electronic check,99.78,6901.25,1
CUST-00981,Female,0,No,No,72,Yes,Yes,DSL,No,No,Yes,No,Yes,Yes,Two year,No,Bank transfer (automatic),43.75,3306.05,0
CUST-00982,Female,0,Yes,No,9,Yes,No,Fiber optic,Yes,No,Yes,No,No,No,Month-to-month,No,Mailed check,69.36,637.52,0
CUST-00983,Male,1,Yes,No,1,Yes,No,No,No internet service,No internet service,No internet service,No internet service,No internet service,No internet service,Two year,Yes,Bank transfer (automatic),21.56,20.74,0
CUST-00984,Female,0,No,No,33,Yes,No,DSL,No,No,Yes,Yes,Yes,No,Two year,No,Mailed check,58.85,1949.41,0
CUST-00985,Female,0,No,No,33,Yes,Yes,Fiber optic,No,No,Yes,No,No,No,Month-to-month,No,Credit card (automatic),70.7,2436.73,0
CUST-00986,Female,0,No,No,72,Yes,Yes,Fiber optic,No,No,No,Yes,Yes,Yes,Month-to-month,Yes,Electronic check,64.05,4435.22,0
CUST-00987,Female,0,No,No,11,No,No phone service,Fiber optic,No,No,No,No,No,Yes,Month-to-month,No,Credit card (automatic),91.98,961.61,1
CUST-00988,Female,0,Yes,Yes,6,Yes,No,DSL,No,No,No,No,Yes,No,Two year,Yes,Mailed check,49.09,283.99,0
CUST-00989,Female,0,No,No,30,Yes,Yes,DSL,Yes,No,Yes,No,No,No,Month-to-month,Yes,Bank transfer (automatic),44.81,1324.1,0
CUST-00990,Female,0,No,No,26,Yes,No,DSL,No,No,Yes,No,No,Yes,Month-to-month,No,Electronic check,49.81,1266.08,0
CUST-00991,Female,0,Yes,Yes,40,Yes,Yes,DSL,No,No,Yes,Yes,Yes,No,Month-to-month,Yes,Mailed check,68.91,2675.08,0
CUST-00992,Female,0,Yes,Yes,69,Yes,No,DSL,No,No,Yes,No,No,No,One year,No,Bank transfer (automatic),67.48,4886.71,0
CUST-00993,Female,0,No,Yes,26,Yes,No,Fiber optic,Yes,No,No,No,Yes,No,Month-to-month,Yes,Mailed check,88.69,2339.38,0
CUST-00994,Female,0,Yes,No,5,Yes,No,DSL,No,Yes,No,No,No,No,One year,Yes,Mailed check,65.6,317.54,0
CUST-00995,Male,0,Yes,No,29,Yes,Yes,No,No internet service,No internet service,No internet service,No internet service,No internet service,No internet service,Two year,Yes,Credit card (automatic),18.81,522.45,0
CUST-00996,Male,0,Yes,No,14,Yes,No,Fiber optic,No,No,No,Yes,Yes,No,One year,Yes,Electronic check,71.57,987.92,0
CUST-00997,Female,0,Yes,No,19,Yes,No,Fiber optic,No,No,Yes,Yes,Yes,Yes,Month-to-month,No,Mailed check,62.76,1188.22,0
CUST-00998,Female,0,Yes,No,72,Yes,Yes,DSL,No,No,Yes,Yes,No,No,Month-to-month,Yes,Credit card (automatic),47.56,3490.06,0
CUST-00999,Male,0,Yes,Yes,25,No,No phone service,DSL,Yes,Yes,No,Yes,No,No,Month-to-month,No,Credit card (automatic),61.01,1546.22,0
CUST-01000,Female,0,Yes,No,5,Yes,Yes,No,No internet service,No internet service,No internet service,No internet service,No internet service,No internet service,Month-to-month,Yes,Electronic check,19.66,97.18,1
CUST-01001,Male,0,Yes,No,18,Yes,Yes,Fiber optic,Yes,No,No,Yes,Yes,Yes,Month-to-month,No,Credit card (automatic),79.42,1453.97,1
CUST-01002,Male,0,No,No,8,Yes,Yes,DSL,No,No,Yes,Yes,Yes,No,Month-to-month,No,Electronic check,69.66,551.97,0
CUST-01003,Male,0,Yes,No,4,Yes,Yes,Fiber optic,No,Yes,Yes,No,Yes,Yes,Month-to-month,Yes,Credit card (automatic),86.74,345.66,1
CUST-01004,Male,0,No,No,39,Yes,Yes,DSL,Yes,No,Yes,Yes,Yes,No,Month-to-month,No,Electronic check,74.71,2811.06,0
CUST-01005,Male,0,No,No,31,Yes,Yes,Fiber optic,Yes,Yes,No,No,No,Yes,One year,Yes,Bank transfer (automatic),115.78,3446.36,0
CUST-01006,Female,0,No,Yes,22,Yes,No,No,No internet service,No internet service,No internet service,No internet service,No internet service,No internet service,Month-to-month,Yes,Electronic check,27.72,607.32,0
CUST-01007,Male,0,No,No,17,Yes,Yes,Fiber optic,No,Yes,Yes,No,No,Yes,Two year,Yes,Bank transfer (automatic),73.74,1298.84,0
CUST-01008,Female,0,Yes,No,12,Yes,No,No,No internet service,No internet service,No internet service,No internet service,No internet service,No internet service,Month-to-month,Yes,Mailed check,25.48,311.69,0
CUST-01009,Female,0,Yes,Yes,2,Yes,Yes,Fiber optic,No,Yes,No,No,No,Yes,Month-to-month,Yes,Credit card (automatic),82.4,170.32,1
CUST-01010,Male,0,No,No,11,Yes,No,DSL,Yes,No,Yes,No,No,No,Month-to-month,No,Mailed check,45.14,486.64,0
CUST-01011,Male,0,Yes,No,58,Yes,Yes,No,No internet service,No internet service,No internet service,No internet service,No internet service,No internet service,One year,No,Credit card (automatic),19.79,1175.59,0
CUST-01012,Female,0,No,No,48,Yes,No,Fiber optic,No,Yes,No,Yes,Yes,Yes,Month-to-month,Yes,Bank transfer (automatic),94.52,4477.35,0
CUST-01013,Male,0,No,No,72,Yes,Yes,No,No internet service,No internet service,No internet service,No internet service,No internet service,No internet service,Month-to-month,No,Bank transfer (automatic),18.8,1338.22,0
CUST-01014,Male,0,Yes,Yes,34,Yes,No,Fiber optic,No,No,No,Yes,No,No,Month-to-month,Yes,Bank transfer (automatic),85.68,2882.44,1
CUST-01015,Female,0,No,No,25,No,No phone service,DSL,No,Yes,Yes,No,Yes,No,Month-to-month,Yes,Electronic check,84.0,1999.55,0
CUST-01016,Female,0,No,No,11,Yes,No,DSL,Yes,No,No,Yes,No,No,Two year,No,Bank transfer (automatic),86.99,959.57,0
CUST-01017,Male,0,Yes,Yes,2,Yes,Yes,Fiber optic,No,No,No,No,Yes,Yes,Month-to-month,Yes,Credit card (automatic),82.79,162.52,1
CUST-01018,Female,0,Yes,No,30,Yes,Yes,Fiber optic,No,Yes,No,No,Yes,No,Two year,No,Credit card (automatic),62.96,1850.56,0
CUST-01019,Male,0,No,No,21,Yes,Yes,No,No internet service,No internet service,No internet service,No internet service,No internet service,No internet service,One year,Yes,Mailed check,20.78,433.74,0
CUST-01020,Male,0,No,No,45,Yes,Yes,DSL,Yes,No,No,No,Yes,No,Month-to-month,No,Electronic check,66.2,2854.86,0
CUST-01021,Male,0,Yes,No,16,Yes,No,No,No internet service,No internet service,No internet service,No internet service,No internet service,No internet service,Two year,No,Bank transfer (automatic),23.89,370.61,0
CUST-01022,Female,0,Yes,Yes,72,Yes,Yes,Fiber optic,Yes,No,No,No,No,Yes,Month-to-month,Yes,Bank transfer (automatic),70.45,4833.86,0
CUST-01023,Female,0,No,No,16,Yes,No,Fiber optic,No,No,No,No,No,No,Month-to-month,Yes,Electronic check,78.82,1248.06,0
CUST-01024,Female,0,No,No,12,Yes,No,Fiber optic,No,No,No,No,Yes,No,Month-to-month,Yes,Electronic check,22.88,262.22,1
CUST-01025,Female,0,No,No,65,No,No phone service,Fiber optic,No,No,Yes,No,No,Yes,One year,Yes,Bank transfer (automatic),56.82,3748.47,0
CUST-01026,Female,1,No,No,16,Yes,No,DSL,No,No,No,No,Yes,Yes,Two year,Yes,Mailed check,47.86,737.4,0
CUST-01027,Male,0,Yes,Yes,65,Yes,No,DSL,No,No,Yes,No,No,No,One year,Yes,Bank transfer (automatic),47.6,3121.5,0
CUST-01028,Male,0,Yes,No,1,Yes,No,DSL,No,No,Yes,Yes,No,No,Two year,No,Credit card (automatic),38.79,40.62,0
CUST-01029,Male,0,No,No,37,Yes,No,Fiber optic,No,No,No,Yes,Yes,Yes,Two year,Yes,Bank transfer (automatic),61.78,2320.51,0
CUST-01030,Male,0,No,Yes,2,Yes,No,Fiber optic,No,Yes,Yes,Yes,No,No,Month-to-month,Yes,Credit card (automatic),46.84,90.82,1
CUST-01031,Female,0,Yes,No,5,Yes,Yes,Fiber optic,No,No,No,Yes,No,No,Month-to-month,Yes,Mailed check,25.6,126.8,0
CUST-01032,Male,0,Yes,No,38,Yes,Yes,No,No internet service,No internet service,No internet service,No internet service,No internet service,No internet service,Month-to-month,Yes,Electronic check,22.44,813.27,0
CUST-01033,Female,0,No,Yes,10,Yes,Yes,Fiber optic,No,No,Yes,No,Yes,No,One year,No,Mailed check,75.11,770.03,0
CUST-01034,Male,0,Yes,Yes,7,Yes,No,Fiber optic,Yes,No,No,Yes,No,No,Month-to-month,No,Credit card (automatic),89.29,623.03,1
CUST-01035,Female,1,No,Yes,51,Yes,No,Fiber optic,No,No,Yes,Yes,No,No,One year,Yes,Electronic check,89.39,4525.99,0
CUST-01036,Female,0,Yes,No,72,No,No phone service,No,No internet service,No internet service,No internet service,No internet service,No internet service,No internet service,Two year,No,Mailed check,18.0,1249.77,0
CUST-01037,Male,0,Yes,No,8,Yes,No,Fiber optic,Yes,No,Yes,No,No,No,Two year,No,Bank transfer (automatic),91.64,707.01,0
CUST-01038,Male,0,Yes,Yes,12,Yes,Yes,DSL,No,No,Yes,No,Yes,No,One year,No,Electronic check,50.52,636.36,0
CUST-01039,Male,0,No,Yes,40,Yes,Yes,Fiber optic,No,Yes,No,Yes,No,No,Two year,Yes,Bank transfer (automatic),62.83,2409.82,0
CUST-01040,Male,0,No,Yes,54,Yes,No,Fiber optic,No,No,No,No,Yes,Yes,One year,No,Electronic check,85.76,4855.59,0
CUST-01041,Female,0,No,No,72,Yes,No,DSL,No,No,No,No,No,No,Month-to-month,No,Electronic check,47.35,3569.84,0
CUST-01042,Male,0,No,No,10,No,No phone service,DSL,No,Yes,No,No,No,No,Month-to-month,Yes,Bank transfer (automatic),48.66,485.41,1
CUST-01043,Male,0,Yes,Yes,26,Yes,No,No,No internet service,No internet service,No internet service,No internet service,No internet service,No internet service,Month-to-month,Yes,Electronic check,23.6,583.36,1
CUST-01044,Female,0,Yes,No,4,Yes,No,Fiber optic,Yes,No,No,Yes,Yes,Yes,Month-to-month,Yes,Bank transfer (automatic),78.23,318.07,1
CUST-01045,Male,0,No,No,12,Yes,Yes,Fiber optic,No,No,No,Yes,Yes,No,Month-to-month,Yes,Credit card (automatic),67.31,805.64,0
CUST-01046,Male,1,No,No,1,Yes,Yes,DSL,No,Yes,No,Yes,No,Yes,Month-to-month,No,Mailed check,67.57,67.61,1
CUST-01047,Male,0,No,No,7,Yes,No,DSL,No,Yes,Yes,No,No,No,Two year,No,Credit card (automatic),84.72,608.19,0
CUST-01048,Male,0,No,No,22,Yes,Yes,No,No internet service,No internet service,No internet service,No internet service,No internet service,No internet service,Month-to-month,Yes,Credit card (automatic),22.56,474.19,0
CUST-01049,Male,0,Yes,Yes,5,Yes,No,Fiber optic,No,Yes,Yes,No,No,No,Two year,Yes,Electronic check,60.45,315.34,0
CUST-01050,Female,0,Yes,No,70,Yes,No,Fiber optic,Yes,Yes,No,No,No,No,One year,No,Mailed check,86.68,6230.48,0
CUST-01051,Male,1,No,No,39,Yes,Yes,DSL,No,No,No,No,No,No,Two year,Yes,Credit card (automatic),66.52,2500.04,0
CUST-01052,Male,0,Yes,No,1,Yes,No,DSL,Yes,Yes,Yes,Yes,No,No,Month-to-month,Yes,Electronic check,52.83,50.53,1
CUST-01053,Male,0,Yes,No,66,Yes,Yes,DSL,Yes,No,No,Yes,No,No,Month-to-month,No,Mailed check,45.14,3056.41,0
CUST-01054,Male,0,No,Yes,72,Yes,No,DSL,Yes,Yes,No,No,Yes,Yes,One year,No,Mailed check,61.4,4458.23,0
CUST-01055,Male,1,Yes,Yes,22,Yes,No,DSL,No,No,No,No,Yes,Yes,One year,No,Credit card (automatic),24.69,532.87,0
CUST-01056,Female,0,No,No,12,No,No phone service,DSL,No,Yes,No,Yes,No,No,One year,No,Electronic check,28.37,330.85,0
CUST-01057,Male,0,Yes,No,9,Yes,Yes,Fiber optic,No,No,Yes,Yes,No,No,Two year,No,Electronic check,99.81,875.08,1
CUST-01058,Female,0,No,No,2,No,No phone service,Fiber optic,No,No,Yes,No,No,Yes,Month-to-month,No,Electronic check,75.46,151.16,1
CUST-01059,Female,0,No,No,21,No,No phone service,No,No internet service,No internet service,No internet service,No internet service,No internet service,No internet service,Month-to-month,No,Electronic check,22.43,478.34,1
CUST-01060,Male,0,No,No,1,No,No phone service,Fiber optic,Yes,No,No,No,No,No,Month-to-month,No,Electronic check,93.6,90.1,1
CUST-01061,Male,1,Yes,No,22,Yes,No,DSL,No,Yes,No,No,Yes,No,Two year,No,Mailed check,45.17,1004.06,0
CUST-01062,Male,0,Yes,No,9,Yes,No,Fiber optic,No,No,Yes,No,Yes,No,Month-to-month,Yes,Bank transfer (automatic),103.2,927.9,1
CUST-01063,Male,0,Yes,No,20,Yes,No,DSL,No,No,No,No,No,Yes,Month-to-month,No,Mailed check,45.17,948.35,0
CUST-01064,Female,0,Yes,Yes,17,Yes,No,DSL,No,No,No,Yes,No,Yes,Month-to-month,Yes,Mailed check,60.25,1066.7,0
CUST-01065,Male,0,No,No,11,Yes,No,Fiber optic,No,Yes,Yes,No,No,Yes,Two year,Yes,Credit card (automatic),62.19,678.53,0
CUST-01066,Male,0,Yes,Yes,19,Yes,No,No,No internet service,No internet service,No internet service,No internet service,No internet service,No internet service,One year,Yes,Mailed check,20.04,372.85,0
CUST-01067,Male,1,Yes,No,20,Yes,No,DSL,No,Yes,No,No,No,No,Month-to-month,Yes,Bank transfer (automatic),41.8,846.07,0
CUST-01068,Male,0,Yes,Yes,57,Yes,No,No,No internet service,No internet service,No internet service,No internet service,No internet service,No internet service,Month-to-month,Yes,Mailed check,18.0,1042.67,0
CUST-01069,Male,0,No,No,35,Yes,No,Fiber optic,No,Yes,Yes,No,No,No,Month-to-month,No,Bank transfer (automatic),71.59,2473.12,0
CUST-01070,Male,0,Yes,No,18,Yes,No,Fiber optic,No,Yes,No,No,No,No,One year,Yes,Electronic check,77.44,1396.15,1
CUST-01071,Female,0,No,Yes,72,Yes,No,No,No internet service,No internet service,No internet service,No internet service,No internet service,No internet service,Month-to-month,No,Credit card (automatic),26.43,1922.17,0
CUST-01072,Female,0,No,No,45,Yes,Yes,Fiber optic,No,Yes,Yes,Yes,Yes,Yes,Month-to-month,No,Credit card (automatic),100.61,4542.1,0
CUST-01073,Male,0,No,Yes,2,Yes,Yes,No,No internet service,No internet service,No internet service,No internet service,No internet service,No internet service,One year,No,Mailed check,19.64,39.04,1
CUST-01074,Male,0,No,Yes,5,Yes,No,Fiber optic,No,Yes,Yes,No,No,Yes,Two year,Yes,Mailed check,76.93,396.76,0
CUST-01075,Male,0,Yes,Yes,2,Yes,Yes,Fiber optic,No,No,No,Yes,No,Yes,Month-to-month,No,Credit card (automatic),98.32,190.29,1
CUST-01076,Female,0,No,Yes,12,Yes,No,Fiber optic,Yes,No,Yes,Yes,No,No,Month-to-month,Yes,Mailed check,80.95,991.74,0
CUST-01077,Male,0,No,No,18,Yes,Yes,Fiber optic,No,Yes,No,Yes,Yes,No,Month-to-month,Yes,Mailed check,61.68,1150.21,0
CUST-01078,Female,0,No,No,22,Yes,Yes,Fiber optic,No,No,Yes,Yes,No,No,Month-to-month,Yes,Bank transfer (automatic),74.69,1688.23,0
CUST-01079,Male,1,No,No,61,Yes,No,DSL,No,Yes,No,Yes,No,No,One year,No,Mailed check,46.14,2865.22,0
CUST-01080,Male,0,Yes,Yes,1,Yes,Yes,DSL,Yes,No,Yes,No,Yes,Yes,Month-to-month,No,Mailed check,79.13,77.41,0
CUST-01081,Male,0,Yes,No,17,Yes,Yes,Fiber optic,Yes,No,No,No,Yes,Yes,Two year,No,Electronic check,87.14,1421.16,0
CUST-01082,Male,0,No,No,16,Yes,No,Fiber optic,No,No,No,Yes,No,Yes,One year,Yes,Electronic check,81.09,1316.2,0
CUST-01083,Female,0,No,No,72,Yes,No,DSL,Yes,No,No,No,No,No,Month-to-month,Yes,Mailed check,74.38,5351.45,0
CUST-01084,Female,0,Yes,Yes,8,Yes,Yes,DSL,Yes,No,No,No,No,No,Two year,No,Electronic check,74.96,582.62,0
CUST-01085,Male,0,Yes,Yes,4,Yes,Yes,DSL,No,No,Yes,Yes,No,Yes,Month-to-month,Yes,Electronic check,67.13,260.71,1
CUST-01086,Male,0,Yes,No,4,Yes,Yes,DSL,No,No,Yes,Yes,No,No,Month-to-month,Yes,Mailed check,88.44,346.94,0
CUST-01087,Female,0,No,No,23,Yes,No,Fiber optic,No,No,No,No,No,No,Two year,Yes,Electronic check,88.87,2086.58,1
CUST-01088,Female,0,No,No,15,Yes,Yes,DSL,No,Yes,No,No,Yes,No,Two year,Yes,Electronic check,48.18,748.53,0
CUST-01089,Female,0,No,No,44,Yes,Yes,DSL,No,No,No,No,No,Yes,Two year,Yes,Electronic check,80.34,3536.3,0
CUST-01090,Female,1,Yes,No,12,Yes,No,DSL,No,Yes,Yes,Yes,No,No,One year,Yes,Mailed check,64.55,791.64,0
CUST-01091,Male,0,Yes,Yes,4,Yes,No,No,No internet service,No internet service,No internet service,No internet service,No internet service,No internet service,Month-to-month,No,Electronic check,20.63,80.48,1
CUST-01092,Female,0,Yes,No,15,Yes,No,DSL,No,No,Yes,No,No,Yes,Two year,No,Bank transfer (automatic),83.56,1241.34,0
CUST-01093,Male,0,Yes,No,68,Yes,No,Fiber optic,No,No,Yes,No,No,Yes,Month-to-month,No,Mailed check,65.17,4547.99,0
CUST-01094,Female,0,No,No,16,Yes,Yes,Fiber optic,No,No,Yes,Yes,No,Yes,Two year,No,Electronic check,59.12,948.5,0
CUST-01095,Female,0,Yes,No,57,Yes,No,DSL,No,No,No,No,No,No,Two year,No,Electronic check,80.04,4514.06,0
CUST-01096,Female,0,No,No,14,Yes,Yes,No,No internet service,No internet service,No internet service,No internet service,No internet service,No internet service,Two year,No,Credit card (automatic),20.97,299.54,0
CUST-01097,Female,1,No,No,10,Yes,Yes,DSL,No,No,No,Yes,No,No,Month-to-month,Yes,Electronic check,80.98,817.07,0
CUST-01098,Female,1,No,Yes,47,Yes,Yes,No,No internet service,No internet service,No internet service,No internet service,No internet service,No internet service,Two year,Yes,Bank transfer (automatic),23.9,1154.24,0
CUST-01099,Male,0,Yes,Yes,7,Yes,No,Fiber optic,No,Yes,No,Yes,No,Yes,One year,No,Electronic check,28.4,203.7,0
CUST-01100,Male,0,Yes,No,8,Yes,No,Fiber optic,No,Yes,No,No,Yes,No,One year,No,Electronic check,59.3,468.63,0
CUST-01101,Female,1,Yes,Yes,1,Yes,Yes,Fiber optic,No,No,No,No,No,Yes,Two year,Yes,Electronic check,82.15,78.06,1
CUST-01102,Female,0,No,No,6,Yes,No,No,No internet service,No internet service,No internet service,No internet service,No internet service,No internet service,Month-to-month,Yes,Mailed check,20.09,125.81,1
CUST-01103,Male,1,No,No,15,Yes,Yes,Fiber optic,Yes,Yes,Yes,No,No,Yes,Month-to-month,No,Mailed check,61.4,924.12,0
CUST-01104,Female,0,Yes,Yes,16,Yes,Yes,No,No internet service,No internet service,No internet service,No internet service,No internet service,No internet service,One year,No,Bank transfer (automatic),18.82,315.89,0
CUST-01105,Female,0,Yes,No,17,Yes,Yes,DSL,No,No,No,Yes,No,Yes,Month-to-month,Yes,Credit card (automatic),38.47,626.75,0
CUST-01106,Male,0,No,No,20,Yes,No,No,No internet service,No internet service,No internet service,No internet service,No internet service,No internet service,One year,No,Mailed check,19.25,394.84,0
CUST-01107,Female,0,No,No,27,Yes,Yes,DSL,No,No,No,Yes,Yes,Yes,Month-to-month,No,Credit card (automatic),78.35,2123.42,0
CUST-01108,Female,0,No,No,6,Yes,No,DSL,No,Yes,No,No,Yes,No,Month-to-month,Yes,Electronic check,67.83,388.4,1
CUST-01109,Male,0,Yes,Yes,30,No,No phone service,DSL,No,No,No,No,No,Yes,Month-to-month,Yes,Mailed check,61.14,1812.19,1
CUST-01110,Male,0,Yes,Yes,13,Yes,Yes,No,No internet service,No internet service,No internet service,No internet service,No internet service,No internet service,Month-to-month,No,Credit card (automatic),21.38,291.68,1
CUST-01111,Male,0,Yes,Yes,42,No,No phone service,Fiber optic,No,Yes,Yes,No,No,Yes,One year,No,Mailed check,80.07,3485.76,0
CUST-01112,Female,0,Yes,No,26,Yes,No,DSL,Yes,Yes,No,Yes,No,No,One year,Yes,Mailed check,66.87,1819.95,0
CUST-01113,Male,0,No,Yes,25,Yes,No,Fiber optic,No,Yes,No,Yes,Yes,No,Month-to-month,Yes,Mailed check,78.89,1908.74,0
CUST-01114,Male,0,Yes,No,37,Yes,No,Fiber optic,No,No,Yes,No,Yes,No,Two year,Yes,Electronic check,86.27,3308.71,1
CUST-01115,Male,0,Yes,No,12,Yes,Yes,DSL,No,Yes,Yes,No,Yes,No,One year,Yes,Electronic check,67.46,827.66,0
CUST-01116,Male,0,No,No,17,Yes,No,Fiber optic,No,No,No,Yes,No,Yes,Two year,Yes,Electronic check,89.92,1525.92,0
CUST-01117,Male,1,Yes,No,27,Yes,No,DSL,No,No,Yes,Yes,No,Yes,Month-to-month,No,Electronic check,45.1,1238.46,1
CUST-01118,Male,1,No,No,17,Yes,Yes,No,No internet service,No internet service,No internet service,No internet service,No internet service,No internet service,Month-to-month,Yes,Electronic check,19.84,343.2,0
CUST-01119,Female,0,Yes,Yes,18,Yes,No,No,No internet service,No internet service,No internet service,No internet service,No internet service,No internet service,Month-to-month,No,Electronic check,21.54,372.12,0
CUST-01120,Female,0,No,No,10,Yes,Yes,DSL,Yes,No,Yes,No,No,No,Month-to-month,Yes,Bank transfer (automatic),68.0,704.03,0
CUST-01121,Male,0,Yes,Yes,10,Yes,Yes,No,No internet service,No internet service,No internet service,No internet service,No internet service,No internet service,Two year,No,Electronic check,21.12,220.97,0
CUST-01122,Male,1,No,No,38,Yes,No,Fiber optic,Yes,No,No,No,No,No,Two year,No,Mailed check,118.1,4661.41,0
CUST-01123,Male,0,Yes,No,1,Yes,No,Fiber optic,No,No,No,Yes,No,No,Two year,Yes,Electronic check,100.81,105.46,0
CUST-01124,Female,0,Yes,No,3,Yes,No,Fiber optic,No,No,No,No,No,No,Month-to-month,Yes,Electronic check,68.57,210.17,1
CUST-01125,Female,0,No,Yes,72,Yes,Yes,No,No internet service,No internet service,No internet service,No internet service,No internet service,No internet service,Month-to-month,Yes,Credit card (automatic),21.47,1470.28,0
CUST-01126,Female,0,Yes,No,6,Yes,No,DSL,No,No,Yes,Yes,Yes,No,Two year,No,Electronic check,52.02,298.38,0
CUST-01127,Female,0,Yes,Yes,17,No,No phone service,Fiber optic,No,No,No,Yes,No,No,Month-to-month,Yes,Credit card (automatic),112.86,1996.54,0
CUST-01128,Female,0,No,No,60,Yes,No,Fiber optic,No,No,No,No,No,Yes,Two year,Yes,Bank transfer (automatic),67.19,3984.18,0
CUST-01129,Female,1,No,No,1,Yes,Yes,Fiber optic,No,Yes,No,No,No,No,Month-to-month,No,Credit card (automatic),41.21,41.0,1
CUST-01130,Female,1,Yes,No,72,Yes,No,DSL,No,Yes,Yes,Yes,No,No,Month-to-month,No,Bank transfer (automatic),57.46,4283.86,0
CUST-01131,Female,0,Yes,No,1,Yes,Yes,No,No internet service,No internet service,No internet service,No internet service,No internet service,No internet service,Two year,Yes,Credit card (automatic),24.84,25.39,0
CUST-01132,Female,0,Yes,No,5,Yes,Yes,DSL,No,No,No,No,Yes,Yes,Two year,No,Electronic check,48.32,245.37,1
CUST-01133,Male,0,Yes,No,1,Yes,No,Fiber optic,No,No,No,No,No,No,Two year,Yes,Credit card (automatic),84.99,83.96,1
CUST-01134,Male,0,No,Yes,23,Yes,Yes,DSL,No,No,Yes,Yes,Yes,No,Month-to-month,Yes,Mailed check,75.06,1804.98,1
CUST-01135,Male,0,No,No,72,No,No phone service,Fiber optic,No,No,Yes,Yes,No,Yes,Two year,Yes,Mailed check,92.05,6869.41,0
CUST-01136,Male,0,Yes,Yes,58,Yes,Yes,No,No internet service,No internet service,No internet service,No internet service,No internet service,No internet service,Month-to-month,Yes,Electronic check,25.29,1465.58,0
CUST-01137,Female,0,No,No,32,Yes,Yes,Fiber optic,No,Yes,No,No,No,Yes,Month-to-month,No,Electronic check,72.95,2356.63,1
CUST-01138,Female,0,No,Yes,6,Yes,No,Fiber optic,No,No,No,Yes,Yes,Yes,Month-to-month,Yes,Bank transfer (automatic),69.52,419.7,1
CUST-01139,Male,0,No,No,65,Yes,No,No,No internet service,No internet service,No internet service,No internet service,No internet service,No internet service,Two year,Yes,Bank transfer (automatic),18.0,1166.5,0
CUST-01140,Female,0,Yes,No,44,No,No phone service,DSL,Yes,No,No,No,No,No,Month-to-month,No,Mailed check,61.48,2600.94,1
CUST-01141,Male,0,Yes,No,9,Yes,No,DSL,No,Yes,Yes,No,Yes,No,One year,Yes,Electronic check,115.33,1087.23,1
CUST-01142,Female,1,No,No,52,Yes,Yes,No,No internet service,No internet service,No internet service,No internet service,No internet service,No internet service,One year,No,Electronic check,21.31,1127.36,0
CUST-01143,Male,1,Yes,Yes,67,Yes,Yes,Fiber optic,No,Yes,Yes,No,No,Yes,One year,Yes,Electronic check,34.47,2370.97,0
CUST-01144,Female,1,Yes,No,38,Yes,Yes,DSL,No,No,No,No,Yes,No,Month-to-month,Yes,Electronic check,92.38,3390.64,0
CUST-01145,Female,0,Yes,No,3,Yes,No,Fiber optic,No,No,No,No,No,No,Month-to-month,Yes,Mailed check,91.17,260.79,1
CUST-01146,Male,0,Yes,Yes,72,Yes,No,DSL,No,Yes,No,No,Yes,Yes,Two year,Yes,Bank transfer (automatic),54.57,4013.57,0
CUST-01147,Female,0,No,No,2,No,No phone service,Fiber optic,Yes,No,Yes,Yes,Yes,No,One year,Yes,Mailed check,53.86,113.09,0
CUST-01148,Male,1,No,No,34,Yes,No,Fiber optic,Yes,No,Yes,No,No,Yes,Two year,Yes,Electronic check,51.82,1799.86,0
CUST-01149,Male,0,Yes,No,3,Yes,No,DSL,No,Yes,No,No,No,No,Month-to-month,Yes,Credit card (automatic),80.8,245.09,1
CUST-01150,Male,0,Yes,Yes,72,Yes,No,No,No internet service,No internet service,No internet service,No internet service,No internet service,No internet service,Month-to-month,Yes,Electronic check,23.08,1592.09,0
CUST-01151,Male,0,No,No,13,Yes,No,No,No internet service,No internet service,No internet service,No internet service,No internet service,No internet service,Month-to-month,Yes,Bank transfer (automatic),21.48,273.91,0
CUST-01152,Female,0,Yes,No,22,Yes,Yes,Fiber optic,No,No,No,No,Yes,Yes,Month-to-month,Yes,Electronic check,84.83,1776.3,1
CUST-01153,Female,0,No,No,6,Yes,No,DSL,No,No,Yes,No,No,No,Month-to-month,No,Bank transfer (automatic),69.09,410.52,1
CUST-01154,Female,0,No,No,25,Yes,Yes,DSL,No,No,Yes,No,No,Yes,Month-to-month,Yes,Electronic check,40.43,996.1,1
CUST-01155,Male,0,Yes,Yes,72,Yes,Yes,Fiber optic,No,No,Yes,No,No,No,One year,Yes,Bank transfer (automatic),102.15,7241.72,0
CUST-01156,Female,0,No,No,72,Yes,No,DSL,No,Yes,No,No,Yes,No,Two year,Yes,Bank transfer (automatic),88.27,6072.06,0
CUST-01157,Male,1,No,No,2,Yes,No,Fiber optic,No,No,No,No,No,Yes,Two year,No,Mailed check,106.5,216.37,1
CUST-01158,Female,0,Yes,Yes,15,No,No phone service,Fiber optic,No,No,No,Yes,Yes,No,Two year,No,Electronic check,72.78,1137.28,0
CUST-01159,Female,0,Yes,No,9,Yes,No,No,No internet service,No internet service,No internet service,No internet service,No internet service,No internet service,One year,Yes,Mailed check,21.74,191.51,0
CUST-01160,Female,0,No,No,21,Yes,No,No,No internet service,No internet service,No internet service,No internet service,No internet service,No internet service,Month-to-month,No,Credit card (automatic),19.44,391.59,0
CUST-01161,Male,1,Yes,Yes,57,Yes,Yes,Fiber optic,No,No,Yes,Yes,Yes,No,Month-to-month,No,Electronic check,93.7,5541.93,0
CUST-01162,Female,0,No,Yes,42,Yes,Yes,Fiber optic,Yes,Yes,Yes,No,Yes,No,Month-to-month,Yes,Bank transfer (automatic),94.61,4131.32,1
CUST-01163,Female,1,No,No,13,Yes,No,Fiber optic,Yes,Yes,No,No,Yes,No,Two year,Yes,Electronic check,47.16,619.75,1
CUST-01164,Male,0,Yes,No,15,Yes,Yes,No,No internet service,No internet service,No internet service,No internet service,No internet service,No internet service,Month-to-month,Yes,Electronic check,24.45,361.57,0
CUST-01165,Female,1,Yes,No,33,Yes,Yes,No,No internet service,No internet service,No internet service,No internet service,No internet service,No internet service,Month-to-month,No,Bank transfer (automatic),18.0,595.44,0
CUST-01166,Male,1,No,Yes,6,Yes,No,Fiber optic,No,Yes,No,No,No,No,Month-to-month,Yes,Mailed check,56.53,347.91,1
CUST-01167,Female,0,Yes,Yes,3,Yes,No,No,No internet service,No internet service,No internet service,No internet service,No internet service,No internet service,Two year,Yes,Bank transfer (automatic),26.17,76.6,0
CUST-01168,Male,0,No,No,8,Yes,Yes,No,No internet service,No internet service,No internet service,No internet service,No internet service,No internet service,Two year,No,Credit card (automatic),19.72,161.88,0
CUST-01169,Male,0,No,No,4,Yes,No,DSL,Yes,No,Yes,Yes,Yes,No,Month-to-month,No,Credit card (automatic),61.24,240.09,0
CUST-01170,Female,0,No,Yes,13,Yes,No,No,No internet service,No internet service,No internet service,No internet service,No internet service,No internet service,Month-to-month,No,Credit card (automatic),19.68,253.35,0
CUST-01171,Male,0,Yes,Yes,72,Yes,No,DSL,No,No,Yes,No,Yes,No,Month-to-month,No,Mailed check,94.33,6631.3,0
CUST-01172,Male,0,No,Yes,4,Yes,Yes,No,No internet service,No internet service,No internet service,No internet service,No internet service,No internet service,Month-to-month,No,Mailed check,21.15,82.31,0
CUST-01173,Male,0,No,No,54,Yes,Yes,No,No internet service,No internet service,No internet service,No internet service,No internet service,No internet service,Month-to-month,Yes,Electronic check,25.36,1421.96,0
CUST-01174,Male,0,No,No,24,Yes,Yes,No,No internet service,No internet service,No internet service,No internet service,No internet service,No internet service,Month-to-month,Yes,Bank transfer (automatic),20.23,479.18,0
CUST-01175,Male,0,Yes,Yes,32,Yes,No,Fiber optic,No,Yes,No,Yes,Yes,Yes,One year,No,Mailed check,83.11,2588.6,1
CUST-01176,Male,0,No,No,5,Yes,No,DSL,No,No,No,Yes,Yes,No,Month-to-month,Yes,Credit card (automatic),67.57,326.22,1
CUST-01177,Female,0,No,No,5,Yes,Yes,DSL,No,Yes,No,No,Yes,No,Two year,Yes,Mailed check,41.07,213.46,0
CUST-01178,Male,0,Yes,No,5,Yes,No,DSL,No,No,No,No,No,No,Month-to-month,Yes,Electronic check,58.84,304.56,1
CUST-01179,Male,0,No,No,35,Yes,No,DSL,No,Yes,Yes,Yes,No,Yes,Two year,No,Bank transfer (automatic),56.16,2022.21,0
CUST-01180,Female,0,Yes,Yes,44,Yes,No,No,No internet service,No internet service,No internet service,No internet service,No internet service,No internet service,One year,No,Electronic check,18.71,799.92,0
CUST-01181,Female,1,Yes,Yes,72,Yes,Yes,DSL,No,Yes,No,Yes,No,Yes,Two year,No,Electronic check,44.7,3280.33,0
CUST-01182,Female,0,No,No,16,Yes,No,Fiber optic,No,No,No,No,No,No,One year,No,Bank transfer (automatic),76.14,1212.94,0
CUST-01183,Female,0,Yes,No,19,Yes,No,Fiber optic,Yes,No,Yes,No,Yes,No,One year,Yes,Electronic check,50.23,940.13,0
CUST-01184,Female,0,No,No,20,Yes,Yes,DSL,Yes,Yes,No,No,Yes,No,Month-to-month,Yes,Bank transfer (automatic),63.92,1328.37,0
CUST-01185,Female,0,No,No,10,No,No phone service,DSL,Yes,Yes,No,No,No,No,Month-to-month,Yes,Electronic check,72.85,749.11,1
CUST-01186,Female,1,Yes,Yes,12,No,No phone service,No,No internet service,No internet service,No internet service,No internet service,No internet service,No internet service,Month-to-month,No,Bank transfer (automatic),23.5,288.27,1
CUST-01187,Male,1,Yes,No,60,Yes,No,No,No internet service,No internet service,No internet service,No internet service,No internet service,No internet service,Month-to-month,No,Bank transfer (automatic),23.24,1330.97,0
CUST-01188,Male,0,No,No,13,Yes,No,Fiber optic,No,No,No,Yes,No,Yes,Month-to-month,Yes,Bank transfer (automatic),63.11,816.05,0
CUST-01189,Female,0,No,No,65,Yes,Yes,DSL,No,No,No,No,Yes,No,Month-to-month,Yes,Credit card (automatic),82.72,5140.9,0
CUST-01190,Male,0,No,No,11,No,No phone service,DSL,Yes,Yes,No,No,Yes,No,Month-to-month,No,Electronic check,47.66,539.21,1
CUST-01191,Male,0,No,No,13,Yes,Yes,Fiber optic,No,No,No,No,No,No,Two year,No,Bank transfer (automatic),62.51,781.52,0
CUST-01192,Male,1,Yes,Yes,26,Yes,Yes,Fiber optic,Yes,Yes,Yes,Yes,No,Yes,Two year,Yes,Electronic check,55.73,1387.38,1
CUST-01193,Female,0,Yes,No,3,Yes,No,No,No internet service,No internet service,No internet service,No internet service,No internet service,No internet service,One year,No,Credit card (automatic),22.21,68.29,0
CUST-01194,Female,0,No,No,72,Yes,Yes,DSL,No,No,No,Yes,No,No,Month-to-month,Yes,Credit card (automatic),34.45,2577.13,0
CUST-01195,Male,0,No,No,54,Yes,No,Fiber optic,No,No,Yes,No,No,No,Month-to-month,Yes,Bank transfer (automatic),73.26,3767.71,0
CUST-01196,Female,1,Yes,Yes,35,Yes,No,Fiber optic,No,Yes,No,Yes,Yes,No,Month-to-month,Yes,Electronic check,70.67,2453.98,1
CUST-01197,Male,0,No,No,72,Yes,Yes,DSL,No,Yes,No,No,No,Yes,Month-to-month,No,Electronic check,63.97,4653.15,0
CUST-01198,Male,0,No,No,1,Yes,Yes,DSL,No,No,Yes,Yes,Yes,Yes,Two year,No,Mailed check,63.53,63.18,0
CUST-01199,Male,0,No,No,16,Yes,No,Fiber optic,Yes,Yes,Yes,No,Yes,No,Month-to-month,No,Electronic check,49.92,819.54,0
CUST-01200,Male,0,Yes,No,62,Yes,Yes,Fiber optic,No,No,No,No,Yes,No,Month-to-month,No,Mailed check,90.77,5349.69,0
CUST-01201,Female,0,No,Yes,18,Yes,Yes,DSL,No,Yes,No,Yes,Yes,Yes,One year,Yes,Mailed check,78.83,1437.51,0
CUST-01202,Female,1,No,No,1,Yes,No,Fiber optic,No,No,Yes,No,No,No,Month-to-month,No,Electronic check,70.11,69.94,1
CUST-01203,Female,0,No,No,5,Yes,Yes,Fiber optic,No,No,No,No,Yes,No,Two year,No,Credit card (automatic),96.78,501.65,0
CUST-01204,Male,0,No,No,18,No,No phone service,Fiber optic,No,No,No,No,No,No,Month-to-month,Yes,Credit card (automatic),111.7,1926.14,0
CUST-01205,Female,0,No,Yes,35,Yes,Yes,Fiber optic,No,Yes,No,No,Yes,Yes,Two year,Yes,Credit card (automatic),81.62,2759.94,0
CUST-01206,Male,0,No,No,5,Yes,Yes,Fiber optic,Yes,Yes,Yes,Yes,No,No,One year,No,Electronic check,75.01,360.64,1
CUST-01207,Female,0,No,No,19,No,No phone service,DSL,No,Yes,Yes,No,Yes,Yes,Month-to-month,Yes,Mailed check,54.21,1009.18,1
CUST-01208,Male,0,Yes,No,1,Yes,No,No,No internet service,No internet service,No internet service,No internet service,No internet service,No internet service,Month-to-month,Yes,Electronic check,27.06,27.51,1
CUST-01209,Male,0,Yes,Yes,20,Yes,No,No,No internet service,No internet service,No internet service,No internet service,No internet service,No internet service,Month-to-month,Yes,Bank transfer (automatic),21.45,413.67,1
CUST-01210,Male,1,No,No,72,Yes,No,DSL,No,No,No,Yes,No,No,Month-to-month,No,Credit card (automatic),37.4,2653.91,0
CUST-01211,Female,0,Yes,No,29,Yes,No,Fiber optic,Yes,No,No,Yes,No,Yes,Two year,No,Bank transfer (automatic),83.39,2431.29,0
CUST-01212,Female,0,Yes,Yes,18,Yes,Yes,DSL,No,No,No,No,Yes,No,Two year,Yes,Mailed check,54.84,955.68,0
CUST-01213,Female,0,Yes,No,5,No,No phone service,Fiber optic,Yes,Yes,No,No,No,No,One year,No,Bank transfer (automatic),84.56,437.71,0
CUST-01214,Female,0,Yes,No,7,No,No phone service,DSL,No,No,No,No,Yes,Yes,Month-to-month,Yes,Electronic check,40.59,272.54,0
CUST-01215,Male,0,Yes,No,2,Yes,No,DSL,No,Yes,Yes,Yes,No,No,Month-to-month,No,Electronic check,89.09,172.87,1
CUST-01216,Female,0,Yes,Yes,43,Yes,Yes,Fiber optic,No,No,No,Yes,No,Yes,Month-to-month,Yes,Electronic check,105.75,4731.61,1
CUST-01217,Female,0,No,No,2,Yes,Yes,Fiber optic,Yes,No,No,No,No,Yes,Month-to-month,No,Mailed check,53.92,109.61,1
CUST-01218,Male,0,No,No,15,No,No phone service,Fiber optic,No,No,Yes,No,Yes,Yes,Month-to-month,No,Credit card (automatic),75.55,1151.39,1
CUST-01219,Male,0,No,No,44,Yes,Yes,No,No internet service,No internet service,No internet service,No internet service,No internet service,No internet service,Month-to-month,Yes,Credit card (automatic),27.2,1235.36,0
CUST-01220,Male,0,Yes,Yes,39,Yes,Yes,No,No internet service,No internet service,No internet service,No internet service,No internet service,No internet service,Month-to-month,No,Electronic check,21.69,851.21,0
CUST-01221,Female,1,No,Yes,27,No,No phone service,DSL,No,No,No,No,Yes,No,Month-to-month,Yes,Electronic check,69.88,1950.68,0
CUST-01222,Male,0,No,No,27,Yes,No,Fiber optic,Yes,No,No,Yes,Yes,No,Two year,No,Mailed check,77.98,2190.36,0
CUST-01223,Male,0,No,No,3,Yes,Yes,Fiber optic,No,No,Yes,No,Yes,No,Month-to-month,Yes,Credit card (automatic),81.8,257.27,0
CUST-01224,Male,0,Yes,No,6,Yes,No,Fiber optic,No,Yes,Yes,Yes,No,Yes,Month-to-month,No,Electronic check,52.46,328.73,0
CUST-01225,Female,0,Yes,No,24,Yes,Yes,Fiber optic,No,Yes,No,No,No,Yes,One year,Yes,Credit card (automatic),42.4,1039.09,0
CUST-01226,Male,0,No,No,13,No,No phone service,No,No internet service,No internet service,No internet service,No internet service,No internet service,No internet service,One year,Yes,Electronic check,25.17,315.64,0
CUST-01227,Female,0,No,Yes,1,Yes,Yes,Fiber optic,No,No,Yes,No,Yes,No,Two year,No,Credit card (automatic),95.11,96.73,0
CUST-01228,Female,0,No,No,51,Yes,No,Fiber optic,Yes,No,No,No,No,No,Month-to-month,No,Credit card (automatic),76.9,3781.97,1
CUST-01229,Male,0,No,No,33,Yes,Yes,DSL,Yes,No,No,No,No,No,Month-to-month,No,Credit card (automatic),44.68,1441.6,0
CUST-01230,Male,0,Yes,Yes,12,Yes,No,Fiber optic,No,Yes,No,No,Yes,No,Two year,No,Credit card (automatic),75.91,870.0,0
CUST-01231,Female,0,No,No,3,Yes,Yes,No,No internet service,No internet service,No internet service,No internet service,No internet service,No internet service,Two year,Yes,Electronic check,22.6,67.22,0
CUST-01232,Male,1,Yes,Yes,28,Yes,No,No,No internet service,No internet service,No internet service,No internet service,No internet service,No internet service,Two year,No,Bank transfer (automatic),24.66,707.83,0
CUST-01233,Male,0,No,Yes,13,Yes,Yes,Fiber optic,No,Yes,No,No,No,Yes,Two year,No,Bank transfer (automatic),54.5,685.91,0
CUST-01234,Female,0,No,No,9,Yes,No,No,No internet service,No internet service,No internet service,No internet service,No internet service,No internet service,Month-to-month,Yes,Credit card (automatic),22.81,199.02,0
CUST-01235,Female,0,No,No,40,Yes,Yes,Fiber optic,No,Yes,No,No,No,Yes,Two year,No,Mailed check,95.71,3885.47,0
CUST-01236,Male,0,Yes,Yes,12,Yes,Yes,DSL,No,No,Yes,Yes,No,Yes,Two year,No,Mailed check,45.38,532.26,0
CUST-01237,Female,0,Yes,Yes,4,Yes,No,No,No internet service,No internet service,No internet service,No internet service,No internet service,No internet service,One year,No,Bank transfer (automatic),18.0,71.49,0
CUST-01238,Male,0,No,No,21,Yes,No,Fiber optic,No,Yes,No,Yes,No,No,Two year,Yes,Electronic check,70.74,1453.9,0
CUST-01239,Male,0,No,No,56,Yes,No,DSL,No,No,Yes,No,Yes,Yes,One year,No,Credit card (automatic),108.38,6019.49,0
CUST-01240,Male,0,No,No,60,Yes,No,Fiber optic,No,No,Yes,Yes,No,No,Month-to-month,No,Electronic check,120.0,7074.93,1
CUST-01241,Female,0,No,No,60,Yes,Yes,Fiber optic,No,No,No,No,Yes,No,One year,Yes,Electronic check,85.12,5328.31,0
CUST-01242,Male,0,Yes,Yes,17,Yes,No,DSL,No,No,No,Yes,No,Yes,Two year,No,Mailed check,37.69,636.28,0
CUST-01243,Male,1,No,No,50,Yes,Yes,Fiber optic,No,No,Yes,No,No,No,Month-to-month,Yes,Credit card (automatic),65.05,3398.15,0
CUST-01244,Male,0,No,Yes,60,Yes,No,No,No internet service,No internet service,No internet service,No internet service,No internet service,No internet service,One year,Yes,Bank transfer (automatic),20.36,1213.98,0
CUST-01245,Female,1,No,No,19,Yes,Yes,DSL,Yes,No,No,Yes,No,Yes,Month-to-month,Yes,Credit card (automatic),90.36,1663.61,1
CUST-01246,Female,0,Yes,No,12,Yes,No,Fiber optic,No,No,Yes,No,No,Yes,Month-to-month,Yes,Electronic check,89.55,1122.14,1
CUST-01247,Female,0,No,Yes,38,Yes,No,DSL,No,Yes,No,No,Yes,No,One year,Yes,Mailed check,51.09,1905.47,0
CUST-01248,Female,1,Yes,Yes,72,Yes,Yes,Fiber optic,No,No,Yes,Yes,No,No,Month-to-month,No,Mailed check,76.42,5468.44,0
CUST-01249,Female,0,No,No,72,Yes,Yes,No,No internet service,No internet service,No internet service,No internet service,No internet service,No internet service,Month-to-month,Yes,Electronic check,28.95,2028.72,0
CUST-01250,Male,1,No,No,10,Yes,Yes,No,No internet service,No internet service,No internet service,No internet service,No internet service,No internet service,Two year,No,Electronic check,21.56,220.26,0
CUST-01251,Female,0,Yes,No,72,Yes,Yes,DSL,No,No,No,Yes,Yes,Yes,Two year,Yes,Electronic check,36.9,2756.08,0
CUST-01252,Female,0,Yes,No,22,Yes,No,DSL,No,No,No,No,Yes,No,Month-to-month,No,Mailed check,52.97,1118.05,1
CUST-01253,Female,1,No,No,11,Yes,No,Fiber optic,Yes,No,Yes,Yes,No,No,One year,No,Credit card (automatic),111.71,1199.57,0
CUST-01254,Male,0,No,Yes,72,Yes,No,DSL,No,No,Yes,No,No,Yes,Month-to-month,No,Bank transfer (automatic),73.13,5496.78,0
CUST-01255,Female,1,Yes,No,67,Yes,Yes,DSL,No,No,Yes,No,Yes,No,Month-to-month,No,Mailed check,91.26,6116.6,1
CUST-01256,Female,1,Yes,No,37,Yes,No,Fiber optic,No,Yes,Yes,No,Yes,No,Month-to-month,No,Electronic check,69.0,2660.42,1
CUST-01257,Male,0,No,No,72,Yes,No,Fiber optic,No,No,No,No,No,No,Month-to-month,No,Electronic check,87.05,6359.83,1
CUST-01258,Female,0,No,No,36,No,No phone service,DSL,No,Yes,No,Yes,Yes,No,Month-to-month,Yes,Electronic check,44.28,1652.6,1
CUST-01259,Male,0,Yes,No,18,Yes,No,Fiber optic,No,No,No,No,No,No,Month-to-month,Yes,Mailed check,42.5,779.29,0
CUST-01260,Male,0,No,No,72,Yes,Yes,Fiber optic,Yes,No,Yes,Yes,No,No,Month-to-month,No,Mailed check,73.55,5077.72,1
CUST-01261,Male,0,Yes,Yes,72,Yes,No,DSL,Yes,Yes,Yes,Yes,Yes,Yes,One year,Yes,Electronic check,49.58,3649.84,0
CUST-01262,Male,0,Yes,No,12,Yes,No,DSL,Yes,No,Yes,No,No,Yes,Month-to-month,Yes,Credit card (automatic),51.08,606.51,1
CUST-01263,Male,0,Yes,No,14,Yes,Yes,Fiber optic,No,Yes,Yes,No,No,No,Month-to-month,Yes,Mailed check,75.21,1009.12,1
CUST-01264,Female,0,No,No,15,Yes,Yes,Fiber optic,No,No,Yes,No,No,Yes,Month-to-month,Yes,Electronic check,106.94,1656.65,1
CUST-01265,Male,1,Yes,No,55,Yes,No,Fiber optic,No,No,No,Yes,Yes,Yes,Month-to-month,No,Mailed check,83.98,4831.92,0
CUST-01266,Male,0,No,Yes,50,Yes,No,No,No internet service,No internet service,No internet service,No internet service,No internet service,No internet service,Month-to-month,No,Electronic check,20.84,1065.39,1
CUST-01267,Female,0,Yes,Yes,72,Yes,Yes,Fiber optic,No,No,No,No,No,Yes,Month-to-month,Yes,Mailed check,90.2,6229.47,1
CUST-01268,Male,0,No,No,20,Yes,Yes,No,No internet service,No internet service,No internet service,No internet service,No internet service,No internet service,Two year,Yes,Electronic check,22.46,441.77,0
CUST-01269,Female,0,No,No,42,Yes,No,Fiber optic,No,Yes,No,No,No,No,One year,Yes,Electronic check,67.31,2789.05,1
CUST-01270,Female,0,No,Yes,62,Yes,No,DSL,No,Yes,No,Yes,Yes,Yes,One year,Yes,Mailed check,48.96,3149.9,0
CUST-01271,Female,0,No,No,8,Yes,No,DSL,No,Yes,No,No,Yes,Yes,Month-to-month,No,Mailed check,59.94,484.08,0
CUST-01272,Male,1,No,Yes,31,Yes,No,Fiber optic,No,No,No,No,Yes,Yes,Two year,Yes,Electronic check,96.0,2885.33,1
CUST-01273,Male,0,No,No,25,Yes,No,DSL,No,Yes,No,No,No,Yes,Month-to-month,Yes,Credit card (automatic),54.0,1289.74,0
CUST-01274,Male,0,Yes,No,43,Yes,Yes,Fiber optic,Yes,Yes,No,Yes,No,No,Month-to-month,No,Electronic check,61.25,2623.33,1
CUST-01275,Female,1,Yes,Yes,38,No,No phone service,Fiber optic,No,Yes,Yes,No,No,Yes,Two year,No,Bank transfer (automatic),77.28,2955.51,0
CUST-01276,Male,1,No,No,53,Yes,No,DSL,No,No,Yes,No,No,No,Month-to-month,Yes,Electronic check,49.93,2711.88,0
CUST-01277,Male,0,Yes,No,11,Yes,No,No,No internet service,No internet service,No internet service,No internet service,No internet service,No internet service,Two year,Yes,Electronic check,22.48,253.85,0
CUST-01278,Male,0,Yes,Yes,7,Yes,Yes,Fiber optic,No,No,No,No,No,Yes,Month-to-month,Yes,Electronic check,73.53,494.86,1
CUST-01279,Female,0,No,No,52,No,No phone service,DSL,Yes,No,No,No,No,Yes,Month-to-month,Yes,Electronic check,32.6,1754.78,1
CUST-01280,Female,0,Yes,Yes,14,Yes,No,No,No internet service,No internet service,No internet service,No internet service,No internet service,No internet service,Two year,No,Credit card (automatic),21.3,289.16,0
CUST-01281,Male,0,No,No,10,Yes,No,Fiber optic,No,No,No,Yes,Yes,Yes,Month-to-month,Yes,Electronic check,74.13,742.8,1
CUST-01282,Male,0,Yes,No,13,Yes,No,Fiber optic,No,No,No,No,No,No,Month-to-month,Yes,Mailed check,71.06,881.05,0
CUST-01283,Male,1,No,No,2,Yes,No,No,No internet service,No internet service,No internet service,No internet service,No internet service,No internet service,Month-to-month,Yes,Bank transfer (automatic),19.37,37.16,0
CUST-01284,Male,0,No,No,47,No,No phone service,No,No internet service,No internet service,No internet service,No internet service,No internet service,No internet service,One year,No,Electronic check,18.47,878.76,0
CUST-01285,Female,0,No,No,40,Yes,No,DSL,No,No,Yes,Yes,No,No,Month-to-month,No,Electronic check,29.3,1187.34,0
CUST-01286,Female,0,Yes,No,25,Yes,No,No,No internet service,No internet service,No internet service,No internet service,No internet service,No internet service,One year,Yes,Bank transfer (automatic),19.84,495.48,0
CUST-01287,Female,0,No,No,40,Yes,No,Fiber optic,No,Yes,Yes,Yes,No,Yes,Two year,No,Electronic check,63.04,2549.91,0
CUST-01288,Female,0,No,No,14,Yes,No,Fiber optic,Yes,Yes,No,No,Yes,No,Month-to-month,Yes,Credit card (automatic),66.07,947.4,1
CUST-01289,Male,0,No,No,11,Yes,Yes,DSL,Yes,Yes,No,Yes,No,No,One year,No,Mailed check,45.7,513.97,0
CUST-01290,Male,0,No,No,63,No,No phone service,Fiber optic,No,Yes,Yes,No,Yes,Yes,Two year,Yes,Bank transfer (automatic),78.16,5036.78,0
CUST-01291,Male,0,Yes,No,17,Yes,No,DSL,Yes,No,No,Yes,Yes,Yes,Two year,Yes,Credit card (automatic),42.74,708.43,0
CUST-01292,Female,0,No,No,6,Yes,No,DSL,No,No,Yes,No,No,No,Month-to-month,No,Credit card (automatic),43.48,266.66,1
CUST-01293,Male,0,No,No,44,Yes,No,DSL,Yes,No,Yes,No,No,Yes,One year,No,Credit card (automatic),42.66,1925.54,0
CUST-01294,Female,0,Yes,No,13,Yes,Yes,DSL,No,Yes,Yes,No,No,No,Two year,Yes,Mailed check,70.35,911.97,0
CUST-01295,Female,0,No,Yes,7,Yes,No,No,No internet service,No internet service,No internet service,No internet service,No internet service,No internet service,Two year,Yes,Electronic check,19.37,134.9,0
CUST-01296,Male,0,No,No,1,Yes,No,DSL,Yes,No,No,No,Yes,No,Month-to-month,No,Credit card (automatic),48.01,45.68,0
CUST-01297,Male,1,No,No,72,Yes,Yes,DSL,Yes,Yes,Yes,Yes,No,No,Month-to-month,No,Electronic check,86.51,6465.27,0
CUST-01298,Male,0,Yes,No,20,Yes,No,Fiber optic,No,Yes,No,No,No,Yes,Month-to-month,No,Credit card (automatic),84.28,1693.11,1
CUST-01299,Female,0,No,No,5,No,No phone service,DSL,Yes,No,No,Yes,No,No,Month-to-month,Yes,Bank transfer (automatic),55.65,279.33,0
CUST-01300,Male,1,No,No,45,Yes,No,No,No internet service,No internet service,No internet service,No internet service,No internet service,No internet service,Month-to-month,No,Credit card (automatic),20.69,957.33,1
CUST-01301,Female,1,No,No,69,Yes,No,Fiber optic,No,Yes,Yes,No,No,No,Two year,Yes,Mailed check,88.46,6112.19,0
CUST-01302,Male,0,No,No,24,Yes,No,Fiber optic,Yes,Yes,No,No,No,Yes,Month-to-month,Yes,Electronic check,86.95,2073.64,0
CUST-01303,Female,0,No,No,1,Yes,No,Fiber optic,No,No,Yes,Yes,Yes,Yes,Two year,Yes,Bank transfer (automatic),59.95,57.14,0
CUST-01304,Female,0,No,No,14,Yes,No,DSL,Yes,Yes,No,No,No,No,Month-to-month,Yes,Credit card (automatic),72.97,1038.82,1
CUST-01305,Male,0,No,No,8,Yes,No,DSL,Yes,No,Yes,No,Yes,No,Month-to-month,No,Credit card (automatic),85.83,682.79,1
CUST-01306,Female,0,Yes,No,32,Yes,Yes,DSL,No,No,No,No,Yes,No,Month-to-month,Yes,Credit card (automatic),77.52,2589.98,0
CUST-01307,Female,0,Yes,No,23,Yes,No,No,No internet service,No internet service,No internet service,No internet service,No internet service,No internet service,One year,Yes,Bank transfer (automatic),22.43,533.69,0
CUST-01308,Male,0,Yes,No,14,No,No phone service,DSL,Yes,No,No,No,No,No,Month-to-month,Yes,Electronic check,68.54,918.75,0
CUST-01309,Female,0,Yes,Yes,33,Yes,No,No,No internet service,No internet service,No internet service,No internet service,No internet service,No internet service,One year,No,Credit card (automatic),23.86,804.84,0
CUST-01310,Male,0,Yes,No,28,No,No phone service,Fiber optic,No,No,Yes,No,No,Yes,Month-to-month,Yes,Electronic check,75.66,2149.42,1
CUST-01311,Female,0,Yes,Yes,72,No,No phone service,Fiber optic,No,No,Yes,No,No,No,Month-to-month,Yes,Electronic check,76.31,5675.82,0
CUST-01312,Male,0,No,No,29,Yes,No,No,No internet service,No internet service,No internet service,No internet service,No internet service,No internet service,Month-to-month,No,Bank transfer (automatic),24.96,758.58,0
CUST-01313,Male,0,Yes,No,22,Yes,Yes,Fiber optic,No,Yes,Yes,No,Yes,No,Month-to-month,No,Bank transfer (automatic),73.81,1619.46,0
CUST-01314,Female,0,Yes,No,55,Yes,No,DSL,Yes,No,No,No,No,Yes,Month-to-month,No,Electronic check,58.34,3290.37,0
CUST-01315,Female,0,Yes,No,7,Yes,Yes,Fiber optic,No,No,Yes,Yes,No,Yes,Month-to-month,No,Electronic check,74.88,541.95,1
CUST-01316,Female,0,No,No,8,Yes,Yes,DSL,Yes,No,No,No,Yes,No,Two year,Yes,Credit card (automatic),43.94,355.9,0
CUST-01317,Female,1,Yes,Yes,48,Yes,Yes,No,No internet service,No internet service,No internet service,No internet service,No internet service,No internet service,Month-to-month,Yes,Credit card (automatic),20.67,958.47,0
CUST-01318,Female,0,Yes,No,18,Yes,No,Fiber optic,Yes,No,No,No,Yes,No,Month-to-month,No,Electronic check,86.69,1502.81,0
CUST-01319,Male,0,Yes,No,16,Yes,Yes,Fiber optic,No,No,Yes,No,No,No,Month-to-month,No,Bank transfer (automatic),57.0,931.69,1
CUST-01320,Female,1,No,No,69,Yes,Yes,DSL,No,Yes,No,No,No,No,Month-to-month,Yes,Mailed check,56.39,4076.63,0
CUST-01321,Male,0,No,No,30,No,No phone service,No,No internet service,No internet service,No internet service,No internet service,No internet service,No internet service,Month-to-month,Yes,Mailed check,21.48,630.52,0
CUST-01322,Male,0,No,No,51,Yes,Yes,DSL,No,No,No,Yes,Yes,Yes,One year,No,Credit card (automatic),59.62,3158.85,0
CUST-01323,Female,1,Yes,Yes,53,Yes,No,DSL,No,No,No,Yes,No,No,Two year,No,Mailed check,64.21,3572.74,0
CUST-01324,Male,0,No,No,4,Yes,No,No,No internet service,No internet service,No internet service,No internet service,No internet service,No internet service,Month-to-month,Yes,Bank transfer (automatic),20.51,80.35,0
CUST-01325,Male,0,No,No,33,Yes,No,DSL,Yes,No,No,No,Yes,No,One year,Yes,Bank transfer (automatic),60.65,1930.94,0
CUST-01326,Male,0,Yes,Yes,72,Yes,Yes,Fiber optic,No,Yes,No,No,No,Yes,One year,No,Bank transfer (automatic),94.71,6706.47,0
CUST-01327,Male,0,Yes,No,20,Yes,Yes,DSL,No,Yes,No,Yes,No,No,Month-to-month,Yes,Mailed check,71.22,1426.48,0
CUST-01328,Female,0,Yes,No,42,No,No phone service,Fiber optic,No,Yes,Yes,Yes,No,Yes,Month-to-month,Yes,Mailed check,48.17,1976.64,0
CUST-01329,Male,0,No,Yes,26,Yes,Yes,No,No internet service,No internet service,No internet service,No internet service,No internet service,No internet service,Month-to-month,Yes,Credit card (automatic),21.74,591.58,0
CUST-01330,Female,0,Yes,No,7,Yes,No,Fiber optic,No,No,No,No,Yes,Yes,Month-to-month,Yes,Electronic check,71.01,479.16,1
CUST-01331,Female,0,Yes,No,6,Yes,Yes,DSL,No,Yes,Yes,No,No,Yes,One year,No,Bank transfer (automatic),57.69,338.96,1
CUST-01332,Male,0,No,Yes,18,Yes,No,No,No internet service,No internet service,No internet service,No internet service,No internet service,No internet service,Month-to-month,No,Electronic check,29.57,521.28,0
CUST-01333,Female,0,No,No,21,Yes,Yes,DSL,Yes,No,No,No,No,Yes,One year,Yes,Electronic check,48.99,1033.39,0
CUST-01334,Female,0,No,No,22,Yes,Yes,Fiber optic,No,No,Yes,Yes,No,No,Two year,Yes,Credit card (automatic),80.98,1807.19,0
CUST-01335,Female,0,No,No,72,Yes,Yes,Fiber optic,No,No,No,No,Yes,No,Month-to-month,No,Mailed check,51.54,3540.63,0
CUST-01336,Male,0,No,No,3,Yes,No,Fiber optic,No,No,No,No,No,Yes,Month-to-month,Yes,Bank transfer (automatic),75.25,235.78,1
CUST-01337,Female,0,No,No,15,Yes,No,Fiber optic,No,No,Yes,No,No,Yes,One year,No,Bank transfer (automatic),69.71,1087.37,0
CUST-01338,Female,0,Yes,Yes,23,Yes,No,No,No internet service,No internet service,No internet service,No internet service,No internet service,No internet service,Two year,Yes,Credit card (automatic),19.42,468.74,0
CUST-01339,Female,0,Yes,No,72,Yes,No,No,No internet service,No internet service,No internet service,No internet service,No internet service,No internet service,One year,Yes,Electronic check,18.0,1285.25,0
CUST-01340,Male,1,No,No,22,No,No phone service,No,No internet service,No internet service,No internet service,No internet service,No internet service,No internet service,Month-to-month,Yes,Bank transfer (automatic),22.81,476.76,1
CUST-01341,Female,0,No,No,47,Yes,No,DSL,No,No,Yes,No,Yes,No,Month-to-month,No,Bank transfer (automatic),51.71,2471.4,0
CUST-01342,Male,0,No,Yes,44,Yes,Yes,Fiber optic,No,No,No,No,No,Yes,Two year,No,Electronic check,73.68,3122.01,0
CUST-01343,Male,0,Yes,No,26,Yes,No,No,No internet service,No internet service,No internet service,No internet service,No internet service,No internet service,One year,Yes,Electronic check,20.08,522.6,0
CUST-01344,Male,1,Yes,Yes,4,Yes,Yes,DSL,No,No,No,No,Yes,No,Month-to-month,Yes,Mailed check,45.47,174.51,0
CUST-01345,Male,0,Yes,No,7,Yes,No,DSL,No,Yes,No,No,Yes,No,One year,Yes,Electronic check,59.99,423.95,0
CUST-01346,Male,0,No,No,8,Yes,Yes,No,No internet service,No internet service,No internet service,No internet service,No internet service,No internet service,Month-to-month,Yes,Credit card (automatic),18.24,152.5,0
CUST-01347,Male,0,No,No,1,Yes,No,Fiber optic,No,No,No,No,Yes,No,Month-to-month,No,Bank transfer (automatic),46.45,46.35,1
CUST-01348,Female,0,No,No,15,Yes,Yes,Fiber optic,No,No,Yes,No,Yes,Yes,Month-to-month,Yes,Mailed check,83.2,1195.04,1
CUST-01349,Male,0,No,No,30,Yes,No,Fiber optic,No,No,No,No,No,No,One year,Yes,Electronic check,88.86,2537.62,0
CUST-01350,Female,0,Yes,Yes,4,Yes,No,Fiber optic,Yes,Yes,No,Yes,Yes,Yes,Month-to-month,Yes,Electronic check,89.6,342.0,0
CUST-01351,Female,1,Yes,No,6,Yes,No,No,No internet service,No internet service,No internet service,No internet service,No internet service,No internet service,Month-to-month,Yes,Mailed check,27.78,160.14,1
CUST-01352,Male,0,Yes,Yes,39,Yes,No,DSL,No,No,Yes,No,No,Yes,One year,No,Credit card (automatic),71.48,2799.54,0
CUST-01353,Female,0,No,No,5,Yes,Yes,DSL,Yes,No,No,No,Yes,No,One year,No,Bank transfer (automatic),72.71,349.69,0
CUST-01354,Female,1,Yes,No,4,Yes,Yes,Fiber optic,Yes,No,No,No,No,Yes,Month-to-month,Yes,Credit card (automatic),78.32,305.67,1
CUST-01355,Female,0,No,No,72,Yes,No,DSL,No,No,No,No,No,Yes,Month-to-month,Yes,Mailed check,56.06,3957.21,0
CUST-01356,Female,0,No,No,1,Yes,Yes,No,No internet service,No internet service,No internet service,No internet service,No internet service,No internet service,Month-to-month,No,Electronic check,18.0,17.17,1
CUST-01357,Male,0,Yes,Yes,12,Yes,Yes,Fiber optic,No,No,No,Yes,No,Yes,Month-to-month,No,Electronic check,71.44,842.96,1
CUST-01358,Female,0,Yes,No,1,Yes,No,Fiber optic,Yes,Yes,No,No,No,No,Month-to-month,No,Credit card (automatic),66.5,64.41,1
CUST-01359,Male,0,Yes,Yes,58,No,No phone service,Fiber optic,No,Yes,No,No,No,No,Month-to-month,Yes,Mailed check,43.37,2415.42,0
CUST-01360,Female,0,No,No,28,Yes,No,DSL,No,Yes,Yes,Yes,Yes,Yes,Month-to-month,Yes,Credit card (automatic),71.69,2094.88,0
CUST-01361,Female,0,Yes,No,1,Yes,Yes,Fiber optic,Yes,Yes,No,Yes,No,Yes,Two year,No,Bank transfer (automatic),86.41,88.01,0
CUST-01362,Male,0,Yes,No,30,Yes,No,DSL,No,No,No,No,Yes,Yes,Two year,Yes,Credit card (automatic),51.65,1511.18,0
CUST-01363,Female,0,No,No,4,Yes,Yes,Fiber optic,Yes,Yes,Yes,No,No,No,Month-to-month,Yes,Electronic check,51.11,200.59,0
CUST-01364,Female,0,No,No,21,Yes,No,No,No internet service,No internet service,No internet service,No internet service,No internet service,No internet service,Month-to-month,No,Bank transfer (automatic),22.98,482.21,0
CUST-01365,Female,0,No,No,35,No,No phone service,Fiber optic,No,No,Yes,No,No,Yes,Month-to-month,No,Bank transfer (automatic),94.88,3462.48,1
CUST-01366,Male,0,No,No,5,Yes,No,DSL,No,No,No,No,No,No,Month-to-month,No,Mailed check,50.89,244.73,1
CUST-01367,Female,0,No,No,21,Yes,Yes,DSL,No,Yes,No,No,No,Yes,One year,Yes,Credit card (automatic),53.35,1139.43,1
CUST-01368,Male,0,No,No,19,Yes,Yes,No,No internet service,No internet service,No internet service,No internet service,No internet service,No internet service,Two year,Yes,Credit card (automatic),18.53,366.73,0
CUST-01369,Female,1,Yes,No,72,Yes,No,Fiber optic,Yes,Yes,Yes,No,No,No,Two year,No,Electronic check,101.15,7351.55,0
CUST-01370,Male,0,Yes,No,72,Yes,No,Fiber optic,Yes,No,Yes,Yes,No,No,Two year,No,Mailed check,100.04,7452.18,0
CUST-01371,Male,0,No,No,34,Yes,No,Fiber optic,Yes,No,No,No,Yes,No,Two year,No,Bank transfer (automatic),63.33,2186.33,0
CUST-01372,Female,0,No,No,61,Yes,Yes,DSL,Yes,No,Yes,No,Yes,No,Month-to-month,No,Bank transfer (automatic),52.28,3061.06,0
CUST-01373,Female,0,No,No,33,Yes,Yes,DSL,No,No,No,No,Yes,Yes,Two year,Yes,Mailed check,42.17,1394.26,0
CUST-01374,Male,0,No,No,66,Yes,No,DSL,No,Yes,Yes,No,No,No,Month-to-month,No,Credit card (automatic),87.13,5484.22,0
CUST-01375,Male,0,No,No,18,Yes,Yes,No,No internet service,No internet service,No internet service,No internet service,No internet service,No internet service,Two year,Yes,Bank transfer (automatic),22.56,406.77,0
CUST-01376,Female,0,Yes,Yes,29,Yes,No,Fiber optic,No,No,No,No,No,No,Month-to-month,No,Mailed check,114.58,3335.32,1
CUST-01377,Male,0,Yes,No,59,Yes,No,No,No internet service,No internet service,No internet service,No internet service,No internet service,No internet service,Month-to-month,No,Electronic check,18.0,1086.6,0
CUST-01378,Female,1,Yes,No,72,Yes,Yes,DSL,No,Yes,No,No,No,No,Month-to-month,No,Mailed check,78.37,5381.87,0
CUST-01379,Female,0,No,No,1,Yes,Yes,Fiber optic,No,No,Yes,No,No,No,Month-to-month,Yes,Credit card (automatic),69.49,68.55,0
CUST-01380,Female,0,Yes,No,3,No,No phone service,DSL,Yes,No,No,No,Yes,No,One year,No,Credit card (automatic),81.57,250.61,0
CUST-01381,Female,0,Yes,Yes,72,Yes,Yes,DSL,No,No,Yes,Yes,No,No,Two year,No,Bank transfer (automatic),79.3,5672.78,0
CUST-01382,Male,0,Yes,No,26,Yes,Yes,Fiber optic,No,No,No,No,Yes,Yes,Month-to-month,Yes,Credit card (automatic),90.43,2436.19,1
CUST-01383,Female,0,Yes,Yes,72,Yes,No,Fiber optic,No,No,No,Yes,Yes,No,Month-to-month,No,Electronic check,96.03,7031.2,0
CUST-01384,Male,0,Yes,Yes,50,Yes,No,No,No internet service,No internet service,No internet service,No internet service,No internet service,No internet service,Month-to-month,Yes,Electronic check,18.69,948.34,0
CUST-01385,Female,0,Yes,No,54,Yes,No,DSL,Yes,No,No,Yes,Yes,No,Month-to-month,Yes,Credit card (automatic),68.77,3662.01,0
CUST-01386,Male,0,No,No,15,Yes,No,No,No internet service,No internet service,No internet service,No internet service,No internet service,No internet service,Month-to-month,No,Mailed check,20.82,303.34,0
CUST-01387,Female,0,Yes,No,9,Yes,Yes,Fiber optic,No,No,No,No,No,No,Month-to-month,No,Bank transfer (automatic),80.63,740.72,1
CUST-01388,Male,0,Yes,No,29,Yes,Yes,Fiber optic,No,No,Yes,No,Yes,No,Month-to-month,No,Credit card (automatic),97.08,2743.48,0
CUST-01389,Male,0,No,No,67,No,No phone service,Fiber optic,Yes,No,Yes,No,Yes,Yes,Two year,Yes,Mailed check,69.08,4804.55,0
CUST-01390,Female,0,No,No,41,Yes,No,DSL,No,No,Yes,No,Yes,No,Two year,Yes,Mailed check,51.73,2211.94,0
CUST-01391,Female,1,Yes,No,20,No,No phone service,DSL,Yes,Yes,No,No,No,No,Month-to-month,Yes,Electronic check,52.22,1062.21,1
CUST-01392,Female,0,Yes,No,44,Yes,No,Fiber optic,Yes,No,No,Yes,No,No,Two year,No,Credit card (automatic),83.18,3480.26,0
CUST-01393,Female,0,No,No,37,Yes,No,DSL,No,No,Yes,No,No,Yes,Month-to-month,No,Credit card (automatic),75.57,2905.14,0
CUST-01394,Male,0,Yes,No,72,No,No phone service,Fiber optic,No,No,Yes,No,Yes,No,One year,Yes,Electronic check,95.53,6638.35,0
CUST-01395,Female,0,Yes,Yes,9,Yes,No,No,No internet service,No internet service,No internet service,No internet service,No internet service,No internet service,One year,Yes,Credit card (automatic),20.89,188.18,1
CUST-01396,Male,1,Yes,No,4,Yes,No,No,No internet service,No internet service,No internet service,No internet service,No internet service,No internet service,Month-to-month,Yes,Bank transfer (automatic),18.32,70.19,0
CUST-01397,Male,0,Yes,Yes,20,Yes,Yes,No,No internet service,No internet service,No internet service,No internet service,No internet service,No internet service,Month-to-month,No,Electronic check,25.79,525.11,0
CUST-01398,Female,0,No,No,14,Yes,Yes,Fiber optic,No,No,No,No,No,No,Two year,Yes,Electronic check,93.68,1307.0,0
CUST-01399,Male,0,No,No,72,Yes,Yes,Fiber optic,No,No,No,No,No,No,Month-to-month,Yes,Electronic check,52.36,3945.61,0
CUST-01400,Male,0,No,No,1,No,No phone service,Fiber optic,No,Yes,No,Yes,No,Yes,Month-to-month,Yes,Electronic check,67.0,65.99,1
CUST-01401,Male,0,No,No,72,Yes,Yes,DSL,No,No,No,No,No,Yes,Two year,No,Bank transfer (automatic),57.0,3910.79,0
CUST-01402,Male,0,Yes,No,72,Yes,Yes,DSL,Yes,No,No,No,No,Yes,Month-to-month,Yes,Mailed check,66.69,5039.74,0
CUST-01403,Female,0,No,No,1,Yes,Yes,DSL,No,Yes,No,No,Yes,No,Month-to-month,No,Credit card (automatic),32.34,31.06,0
CUST-01404,Female,0,Yes,No,70,Yes,Yes,DSL,Yes,Yes,No,Yes,No,No,Two year,Yes,Electronic check,78.74,5586.63,0
CUST-01405,Female,0,Yes,No,20,Yes,No,Fiber optic,No,No,No,No,Yes,No,Two year,Yes,Bank transfer (automatic),77.89,1555.84,0
CUST-01406,Female,1,No,No,46,Yes,No,No,No internet service,No internet service,No internet service,No internet service,No internet service,No internet service,Two year,Yes,Mailed check,22.33,984.75,0
CUST-01407,Male,0,No,No,2,No,No phone service,No,No internet service,No internet service,No internet service,No internet service,No internet service,No internet service,Month-to-month,Yes,Electronic check,20.81,42.4,1
CUST-01408,Male,0,Yes,Yes,72,Yes,Yes,No,No internet service,No internet service,No internet service,No internet service,No internet service,No internet service,Month-to-month,Yes,Credit card (automatic),19.4,1329.41,0
CUST-01409,Female,0,No,Yes,29,Yes,No,DSL,Yes,No,No,No,Yes,Yes,Two year,Yes,Mailed check,29.13,865.66,0
CUST-01410,Female,0,Yes,No,72,Yes,Yes,DSL,Yes,No,Yes,No,Yes,No,One year,Yes,Credit card (automatic),43.16,3089.03,0
CUST-01411,Female,0,Yes,Yes,35,Yes,No,Fiber optic,No,No,No,No,No,No,One year,No,Credit card (automatic),90.48,3216.21,0
CUST-01412,Male,0,Yes,Yes,24,Yes,No,DSL,Yes,No,Yes,No,Yes,Yes,Two year,Yes,Credit card (automatic),81.91,1992.51,0
CUST-01413,Female,0,No,Yes,6,Yes,No,No,No internet service,No internet service,No internet service,No internet service,No internet service,No internet service,Two year,No,Electronic check,18.0,111.27,0
CUST-01414,Female,1,No,No,6,No,No phone service,Fiber optic,Yes,Yes,No,No,No,No,One year,Yes,Credit card (automatic),69.17,412.65,1
CUST-01415,Female,0,No,No,20,Yes,Yes,No,No internet service,No internet service,No internet service,No internet service,No internet service,No internet service,Month-to-month,No,Electronic check,21.51,424.88,0
CUST-01416,Male,0,Yes,Yes,65,Yes,No,DSL,No,Yes,No,No,No,Yes,Month-to-month,No,Credit card (automatic),58.91,3876.4,0
CUST-01417,Male,0,Yes,No,3,Yes,Yes,Fiber optic,No,No,No,No,No,Yes,Month-to-month,No,Bank transfer (automatic),66.27,206.27,1
CUST-01418,Male,0,No,Yes,72,Yes,No,Fiber optic,Yes,No,No,No,No,No,Month-to-month,Yes,Mailed check,55.85,3942.6,0
CUST-01419,Male,0,Yes,No,66,Yes,No,DSL,No,Yes,No,No,Yes,No,Month-to-month,Yes,Bank transfer (automatic),42.28,2890.02,0
CUST-01420,Male,0,Yes,No,15,Yes,Yes,Fiber optic,No,No,No,No,No,No,One year,Yes,Mailed check,72.48,1132.3,0
CUST-01421,Male,0,No,No,9,Yes,No,Fiber optic,No,No,No,No,No,Yes,One year,Yes,Credit card (automatic),71.7,616.05,0
CUST-01422,Male,1,No,No,72,Yes,No,Fiber optic,No,Yes,Yes,No,Yes,No,One year,Yes,Mailed check,63.95,4514.95,0
CUST-01423,Male,0,Yes,No,4,Yes,No,Fiber optic,Yes,Yes,No,No,No,No,Month-to-month,Yes,Mailed check,47.23,187.19,0
CUST-01424,Female,0,Yes,No,13,Yes,Yes,Fiber optic,Yes,No,No,Yes,No,No,Month-to-month,No,Mailed check,61.45,769.14,1
CUST-01425,Female,0,Yes,No,2,No,No phone service,Fiber optic,No,No,Yes,Yes,No,No,Month-to-month,Yes,Mailed check,81.22,170.46,0
CUST-01426,Male,0,No,No,72,Yes,No,DSL,Yes,No,No,No,No,Yes,One year,Yes,Mailed check,68.73,4865.61,0
CUST-01427,Male,0,No,No,30,Yes,Yes,No,No internet service,No internet service,No internet service,No internet service,No internet service,No internet service,One year,No,Electronic check,18.0,544.5,0
CUST-01428,Female,0,No,No,13,Yes,Yes,DSL,Yes,No,Yes,Yes,Yes,No,Month-to-month,Yes,Bank transfer (automatic),53.92,724.68,0
CUST-01429,Male,0,Yes,No,10,Yes,No,DSL,No,No,No,No,Yes,Yes,Month-to-month,Yes,Mailed check,68.1,688.71,1
CUST-01430,Male,0,Yes,No,18,Yes,No,DSL,No,No,No,No,No,Yes,Month-to-month,Yes,Mailed check,53.09,958.25,0
CUST-01431,Male,0,No,No,3,Yes,Yes,No,No internet service,No internet service,No internet service,No internet service,No internet service,No internet service,Two year,No,Mailed check,20.24,63.15,0
CUST-01432,Female,0,No,No,70,Yes,Yes,DSL,No,Yes,No,Yes,Yes,No,Month-to-month,No,Credit card (automatic),41.06,2906.4,0
CUST-01433,Female,0,No,No,22,Yes,Yes,DSL,No,No,No,No,Yes,Yes,One year,Yes,Credit card (automatic),62.88,1425.41,0
CUST-01434,Female,0,Yes,No,41,Yes,Yes,Fiber optic,No,Yes,Yes,No,No,No,Month-to-month,No,Credit card (automatic),84.6,3524.98,0
CUST-01435,Female,0,No,Yes,8,Yes,Yes,No,No internet service,No internet service,No internet service,No internet service,No internet service,No internet service,Month-to-month,No,Electronic check,19.69,152.49,0
CUST-01436,Female,0,No,No,22,Yes,No,Fiber optic,No,Yes,No,Yes,No,No,Month-to-month,Yes,Electronic check,53.21,1193.22,1
CUST-01437,Male,0,No,No,7,Yes,Yes,DSL,No,Yes,No,No,Yes,No,Two year,Yes,Mailed check,48.04,345.85,0
CUST-01438,Female,0,No,Yes,54,Yes,No,Fiber optic,No,No,No,No,No,Yes,Month-to-month,No,Credit card (automatic),72.18,4030.24,0
CUST-01439,Male,0,Yes,No,47,No,No phone service,DSL,No,Yes,No,No,Yes,Yes,Two year,Yes,Bank transfer (automatic),62.74,2804.11,0
CUST-01440,Male,0,Yes,No,5,Yes,No,No,No internet service,No internet service,No internet service,No internet service,No internet service,No internet service,Two year,No,Mailed check,18.0,89.01,0
CUST-01441,Female,0,Yes,No,2,Yes,No,No,No internet service,No internet service,No internet service,No internet service,No internet service,No internet service,One year,Yes,Bank transfer (automatic),18.35,36.46,1
CUST-01442,Female,0,No,No,55,No,No phone service,DSL,No,No,No,Yes,Yes,Yes,Month-to-month,Yes,Bank transfer (automatic),55.38,2925.46,0
CUST-01443,Male,0,No,No,3,Yes,No,Fiber optic,No,No,No,No,Yes,No,Two year,No,Bank transfer (automatic),91.48,268.06,0
CUST-01444,Male,0,No,No,25,Yes,Yes,Fiber optic,No,Yes,Yes,No,Yes,No,Month-to-month,No,Mailed check,74.0,1933.95,1
CUST-01445,Male,0,Yes,No,24,Yes,Yes,No,No internet service,No internet service,No internet service,No internet service,No internet service,No internet service,Month-to-month,Yes,Mailed check,24.63,568.57,1
CUST-01446,Female,0,No,Yes,7,Yes,No,No,No internet service,No internet service,No internet service,No internet service,No internet service,No internet service,One year,No,Mailed check,21.35,146.37,1
CUST-01447,Female,0,No,No,28,Yes,Yes,No,No internet service,No internet service,No internet service,No internet service,No internet service,No internet service,Month-to-month,Yes,Mailed check,23.28,677.66,1
CUST-01448,Female,0,Yes,No,22,Yes,Yes,Fiber optic,No,No,No,No,No,No,Month-to-month,No,Electronic check,93.41,2152.25,1
CUST-01449,Female,0,No,Yes,22,No,No phone service,Fiber optic,No,No,No,No,Yes,No,Two year,Yes,Electronic check,72.87,1632.89,1
CUST-01450,Female,1,Yes,Yes,14,Yes,Yes,DSL,Yes,No,Yes,No,No,Yes,Two year,No,Mailed check,57.67,794.72,0
CUST-01451,Male,0,Yes,Yes,58,Yes,Yes,No,No internet service,No internet service,No internet service,No internet service,No internet service,No internet service,Month-to-month,No,Credit card (automatic),20.0,1202.91,0
CUST-01452,Female,0,Yes,Yes,2,Yes,Yes,No,No internet service,No internet service,No internet service,No internet service,No internet service,No internet service,Month-to-month,Yes,Mailed check,20.07,41.29,0
CUST-01453,Male,0,No,No,18,No,No phone service,Fiber optic,No,Yes,No,No,No,Yes,Two year,Yes,Credit card (automatic),88.46,1646.82,0
CUST-01454,Male,0,No,No,9,Yes,Yes,Fiber optic,No,No,No,No,Yes,No,One year,Yes,Credit card (automatic),80.71,731.12,0
CUST-01455,Male,0,Yes,No,60,Yes,No,No,No internet service,No internet service,No internet service,No internet service,No internet service,No internet service,Month-to-month,No,Credit card (automatic),19.12,1093.16,0
CUST-01456,Female,0,No,No,8,Yes,Yes,No,No internet service,No internet service,No internet service,No internet service,No internet service,No internet service,Month-to-month,Yes,Electronic check,25.02,196.49,1
CUST-01457,Female,0,No,No,46,Yes,Yes,DSL,No,No,Yes,No,No,No,Month-to-month,No,Electronic check,36.71,1761.39,0
CUST-01458,Female,0,No,Yes,30,Yes,No,Fiber optic,No,No,No,Yes,No,Yes,Month-to-month,Yes,Electronic check,71.61,2117.72,0
CUST-01459,Male,0,Yes,No,66,Yes,Yes,Fiber optic,Yes,No,Yes,Yes,No,No,Two year,Yes,Bank transfer (automatic),51.13,3368.95,0
CUST-01460,Male,0,No,No,28,Yes,No,DSL,No,No,No,No,No,No,Two year,Yes,Mailed check,67.62,1916.7,0
CUST-01461,Male,0,No,No,26,Yes,No,DSL,No,No,No,Yes,No,No,Month-to-month,Yes,Electronic check,57.87,1541.82,0
CUST-01462,Male,0,Yes,No,51,No,No phone service,DSL,No,Yes,No,No,Yes,No,Month-to-month,No,Bank transfer (automatic),29.93,1583.91,0
CUST-01463,Male,0,Yes,No,26,Yes,Yes,DSL,No,Yes,Yes,No,No,No,Two year,Yes,Mailed check,68.63,1737.12,0
CUST-01464,Male,1,No,Yes,59,Yes,No,DSL,Yes,Yes,No,No,No,Yes,One year,No,Bank transfer (automatic),37.61,2241.79,0
CUST-01465,Female,1,Yes,Yes,1,Yes,No,No,No internet service,No internet service,No internet service,No internet service,No internet service,No internet service,Month-to-month,Yes,Credit card (automatic),24.24,23.63,0
CUST-01466,Female,0,No,No,21,Yes,Yes,No,No internet service,No internet service,No internet service,No internet service,No internet service,No internet service,Month-to-month,Yes,Credit card (automatic),25.24,551.29,0
CUST-01467,Female,0,Yes,No,53,Yes,Yes,DSL,No,No,Yes,No,Yes,Yes,Month-to-month,Yes,Electronic check,89.29,4790.48,0
CUST-01468,Female,1,No,No,60,Yes,No,DSL,No,Yes,No,Yes,No,No,Two year,Yes,Electronic check,52.33,3120.76,0
CUST-01469,Male,0,Yes,No,57,Yes,No,Fiber optic,No,Yes,No,Yes,No,No,One year,No,Mailed check,70.39,4070.72,0
CUST-01470,Male,0,Yes,No,29,Yes,No,Fiber optic,Yes,Yes,Yes,Yes,No,No,Month-to-month,No,Electronic check,91.17,2691.38,0
CUST-01471,Female,1,Yes,No,72,Yes,No,DSL,No,No,No,Yes,Yes,No,Two year,Yes,Electronic check,45.38,3137.94,0
CUST-01472,Male,0,No,Yes,6,Yes,Yes,No,No internet service,No internet service,No internet service,No internet service,No internet service,No internet service,Two year,Yes,Credit card (automatic),20.74,122.63,0
CUST-01473,Female,0,No,No,6,Yes,Yes,DSL,No,No,No,No,No,No,Month-to-month,No,Credit card (automatic),58.74,336.06,0
CUST-01474,Female,0,Yes,No,1,Yes,No,DSL,No,No,Yes,No,Yes,No,One year,Yes,Mailed check,66.02,67.88,0
CUST-01475,Female,0,Yes,No,72,Yes,No,Fiber optic,Yes,No,Yes,Yes,Yes,No,One year,Yes,Credit card (automatic),62.09,4358.09,0
CUST-01476,Male,1,No,No,13,Yes,Yes,DSL,No,No,No,No,No,Yes,One year,Yes,Electronic check,58.59,731.02,1
CUST-01477,Female,0,Yes,No,45,Yes,Yes,DSL,Yes,Yes,Yes,No,Yes,Yes,One year,Yes,Mailed check,50.75,2352.86,0
CUST-01478,Female,0,No,No,1,No,No phone service,No,No internet service,No internet service,No internet service,No internet service,No internet service,No internet service,One year,Yes,Bank transfer (automatic),18.0,18.62,0
CUST-01479,Female,0,Yes,No,11,Yes,Yes,Fiber optic,No,Yes,Yes,Yes,Yes,Yes,Two year,No,Mailed check,81.01,847.76,0
CUST-01480,Male,0,No,Yes,31,Yes,No,No,No internet service,No internet service,No internet service,No internet service,No internet service,No internet service,Month-to-month,Yes,Credit card (automatic),18.0,546.85,0
CUST-01481,Male,0,No,No,23,No,No phone service,DSL,No,No,No,No,No,Yes,Month-to-month,Yes,Credit card (automatic),36.39,858.01,0
CUST-01482,Female,0,No,Yes,7,Yes,No,No,No internet service,No internet service,No internet service,No internet service,No internet service,No internet service,Month-to-month,No,Electronic check,24.32,176.36,0
CUST-01483,Male,1,No,No,19,No,No phone service,No,No internet service,No internet service,No internet service,No internet service,No internet service,No internet service,Month-to-month,Yes,Credit card (automatic),21.49,406.45,0
CUST-01484,Male,0,Yes,No,3,Yes,No,Fiber optic,No,Yes,No,Yes,No,Yes,Month-to-month,Yes,Mailed check,65.85,205.94,0
CUST-01485,Male,0,Yes,Yes,25,Yes,No,Fiber optic,Yes,Yes,Yes,No,No,No,Month-to-month,No,Mailed check,59.14,1484.21,1
CUST-01486,Male,0,No,No,3,Yes,Yes,Fiber optic,No,No,No,No,No,No,Two year,No,Electronic check,62.78,189.97,0
CUST-01487,Male,0,No,No,32,Yes,Yes,Fiber optic,No,No,No,No,Yes,Yes,Two year,Yes,Credit card (automatic),41.44,1285.51,0
CUST-01488,Male,0,No,No,5,Yes,No,DSL,Yes,No,No,No,No,No,Two year,Yes,Bank transfer (automatic),30.69,156.06,0
CUST-01489,Male,0,No,No,25,Yes,No,No,No internet service,No internet service,No internet service,No internet service,No internet service,No internet service,Two year,Yes,Credit card (automatic),23.31,568.89,0
CUST-01490,Male,0,No,No,4,Yes,Yes,No,No internet service,No internet service,No internet service,No internet service,No internet service,No internet service,Month-to-month,Yes,Electronic check,21.72,87.16,1
CUST-01491,Male,0,Yes,Yes,16,Yes,Yes,Fiber optic,No,No,No,Yes,No,Yes,Month-to-month,No,Electronic check,96.69,1569.31,0
CUST-01492,Male,0,Yes,No,13,Yes,No,No,No internet service,No internet service,No internet service,No internet service,No internet service,No internet service,Month-to-month,No,Electronic check,18.06,231.41,0
CUST-01493,Female,0,Yes,No,45,Yes,No,Fiber optic,No,No,Yes,Yes,No,No,Month-to-month,Yes,Mailed check,49.93,2314.78,0
CUST-01494,Female,0,Yes,No,32,Yes,No,DSL,No,No,Yes,No,Yes,No,Two year,Yes,Mailed check,54.51,1772.67,0
CUST-01495,Male,0,No,No,72,Yes,No,Fiber optic,Yes,No,Yes,No,No,No,One year,No,Electronic check,66.23,4534.94,0
CUST-01496,Female,0,Yes,No,72,Yes,No,DSL,No,No,No,No,No,No,Month-to-month,Yes,Electronic check,48.15,3490.5,0
CUST-01497,Female,0,Yes,Yes,41,Yes,No,DSL,No,Yes,No,No,No,No,Month-to-month,No,Electronic check,62.45,2448.7,0
CUST-01498,Male,1,Yes,No,47,Yes,No,Fiber optic,No,Yes,Yes,No,Yes,No,Month-to-month,Yes,Mailed check,60.18,2772.72,1
CUST-01499,Male,0,Yes,No,31,Yes,Yes,No,No internet service,No internet service,No internet service,No internet service,No internet service,No internet service,Month-to-month,Yes,Mailed check,25.16,793.46,0
CUST-01500,Male,0,Yes,Yes,37,Yes,No,No,No internet service,No internet service,No internet service,No internet service,No internet service,No internet service,Month-to-month,Yes,Bank transfer (automatic),19.65,708.2,0
CUST-01501,Female,0,No,Yes,30,Yes,No,Fiber optic,Yes,Yes,Yes,No,Yes,No,One year,Yes,Credit card (automatic),56.96,1641.48,1
CUST-01502,Female,0,Yes,No,11,Yes,No,No,No internet service,No internet service,No internet service,No internet service,No internet service,No internet service,Two year,Yes,Bank transfer (automatic),19.82,215.19,0
CUST-01503,Male,0,No,No,13,Yes,Yes,DSL,Yes,No,No,No,No,Yes,Two year,No,Credit card (automatic),43.23,554.13,0
CUST-01504,Male,0,No,No,27,Yes,No,Fiber optic,No,No,No,No,Yes,No,Month-to-month,Yes,Electronic check,75.92,1970.81,1
CUST-01505,Male,0,No,No,40,Yes,No,No,No internet service,No internet service,No internet service,No internet service,No internet service,No internet service,Month-to-month,Yes,Mailed check,18.32,749.64,0
CUST-01506,Female,0,Yes,No,16,Yes,Yes,Fiber optic,No,No,Yes,No,Yes,No,Two year,Yes,Electronic check,82.43,1268.58,0
CUST-01507,Female,0,Yes,Yes,4,Yes,Yes,Fiber optic,Yes,No,No,No,No,No,Two year,Yes,Electronic check,73.17,299.03,0
CUST-01508,Female,0,Yes,No,19,Yes,Yes,DSL,No,No,No,Yes,No,No,One year,Yes,Bank transfer (automatic),67.66,1299.15,0
CUST-01509,Female,0,Yes,No,72,Yes,Yes,DSL,No,Yes,Yes,No,No,Yes,Two year,No,Credit card (automatic),44.17,3251.76,0
CUST-01510,Male,0,No,Yes,7,Yes,Yes,DSL,No,Yes,No,No,No,Yes,Month-to-month,Yes,Electronic check,90.62,626.64,0
CUST-01511,Male,0,No,No,33,Yes,No,Fiber optic,No,No,No,No,No,No,Month-to-month,No,Electronic check,80.13,2697.12,1
CUST-01512,Male,0,No,Yes,72,Yes,Yes,Fiber optic,Yes,Yes,Yes,No,No,No,Two year,Yes,Bank transfer (automatic),79.3,5645.38,0
CUST-01513,Male,0,Yes,No,15,Yes,No,Fiber optic,No,Yes,No,No,Yes,Yes,Month-to-month,Yes,Electronic check,94.81,1454.81,1
CUST-01514,Female,0,No,Yes,70,Yes,Yes,Fiber optic,No,No,No,No,Yes,No,One year,Yes,Bank transfer (automatic),64.64,4624.49,0
CUST-01515,Female,1,Yes,No,63,Yes,No,DSL,No,No,Yes,No,No,Yes,Month-to-month,No,Credit card (automatic),39.34,2364.92,0
CUST-01516,Male,0,No,No,13,Yes,No,Fiber optic,No,No,No,Yes,Yes,Yes,Month-to-month,Yes,Mailed check,74.91,945.23,0
CUST-01517,Male,0,No,No,3,Yes,No,Fiber optic,No,No,No,Yes,No,No,Month-to-month,No,Credit card (automatic),61.69,179.0,0
CUST-01518,Female,0,Yes,No,6,Yes,No,No,No internet service,No internet service,No internet service,No internet service,No internet service,No internet service,Month-to-month,Yes,Electronic check,25.98,150.39,1
CUST-01519,Male,0,Yes,Yes,14,Yes,No,DSL,Yes,No,No,No,Yes,No,Month-to-month,No,Electronic check,51.02,738.12,1
CUST-01520,Female,0,No,No,72,Yes,No,DSL,No,No,Yes,No,No,No,Month-to-month,Yes,Bank transfer (automatic),58.96,4267.37,0
CUST-01521,Male,0,Yes,No,10,Yes,No,No,No internet service,No internet service,No internet service,No internet service,No internet service,No internet service,One year,Yes,Credit card (automatic),18.0,177.83,0
CUST-01522,Male,0,Yes,Yes,72,Yes,No,Fiber optic,No,No,Yes,No,Yes,No,Two year,Yes,Credit card (automatic),65.63,4589.35,0
CUST-01523,Male,0,Yes,No,6,Yes,No,DSL,No,No,No,No,No,No,Two year,Yes,Electronic check,44.08,263.57,0
CUST-01524,Male,0,Yes,No,72,Yes,No,DSL,No,Yes,Yes,No,No,No,Month-to-month,Yes,Bank transfer (automatic),50.01,3704.05,0
CUST-01525,Male,0,No,No,11,Yes,No,No,No internet service,No internet service,No internet service,No internet service,No internet service,No internet service,Two year,Yes,Electronic check,23.6,263.48,0
CUST-01526,Male,0,No,No,32,Yes,Yes,Fiber optic,No,No,No,No,No,No,Month-to-month,Yes,Bank transfer (automatic),80.13,2571.47,0
CUST-01527,Male,0,No,No,2,Yes,No,DSL,No,Yes,No,No,Yes,No,One year,Yes,Bank transfer (automatic),65.12,136.07,0
CUST-01528,Female,0,Yes,No,11,Yes,No,DSL,No,No,No,No,No,No,Month-to-month,Yes,Credit card (automatic),86.77,968.83,1
CUST-01529,Female,0,No,No,7,Yes,Yes,DSL,Yes,No,No,No,No,No,Month-to-month,No,Mailed check,66.63,448.98,1
CUST-01530,Female,0,No,No,1,Yes,No,Fiber optic,No,No,No,No,Yes,No,Two year,Yes,Credit card (automatic),61.38,62.16,1
CUST-01531,Female,0,Yes,No,5,No,No phone service,Fiber optic,No,Yes,No,No,No,No,Month-to-month,No,Credit card (automatic),41.85,211.48,1
CUST-01532,Female,0,Yes,No,28,Yes,Yes,DSL,No,No,No,No,Yes,Yes,Month-to-month,No,Mailed check,52.65,1535.74,0
CUST-01533,Male,0,No,No,15,Yes,No,DSL,No,No,No,No,No,Yes,Month-to-month,Yes,Mailed check,42.88,648.55,0
CUST-01534,Male,1,Yes,No,41,Yes,No,Fiber optic,No,No,Yes,No,No,No,Month-to-month,Yes,Mailed check,46.58,1958.02,0
CUST-01535,Female,0,Yes,Yes,35,Yes,Yes,DSL,No,No,No,No,Yes,No,One year,Yes,Mailed check,63.87,2316.47,0
CUST-01536,Male,0,Yes,Yes,51,Yes,No,DSL,No,No,No,No,No,No,Two year,No,Bank transfer (automatic),85.35,4482.4,0
CUST-01537,Female,0,Yes,No,64,No,No phone service,Fiber optic,No,Yes,Yes,Yes,No,Yes,One year,Yes,Electronic check,82.37,5249.4,0
CUST-01538,Female,0,Yes,No,54,Yes,No,Fiber optic,No,No,No,No,No,No,Two year,No,Mailed check,99.0,5138.63,0
CUST-01539,Male,1,Yes,No,19,Yes,Yes,DSL,Yes,No,Yes,No,No,Yes,Two year,No,Mailed check,20.68,383.8,0
CUST-01540,Male,0,No,No,11,No,No phone service,Fiber optic,No,No,Yes,No,No,No,Month-to-month,No,Electronic check,120.0,1274.47,1
CUST-01541,Male,0,Yes,No,22,Yes,No,DSL,No,No,No,No,Yes,No,Month-to-month,Yes,Mailed check,58.97,1293.43,0
CUST-01542,Female,0,No,No,24,Yes,No,Fiber optic,No,Yes,No,No,No,Yes,Month-to-month,No,Mailed check,92.21,2261.01,1
CUST-01543,Male,0,Yes,Yes,12,Yes,No,Fiber optic,No,No,No,No,No,No,Month-to-month,Yes,Bank transfer (automatic),85.0,970.34,1
CUST-01544,Female,1,No,No,24,Yes,Yes,Fiber optic,No,No,No,Yes,No,No,One year,No,Mailed check,69.91,1687.65,0
CUST-01545,Female,0,No,Yes,3,Yes,No,Fiber optic,Yes,No,Yes,No,Yes,Yes,Month-to-month,Yes,Credit card (automatic),71.54,206.75,1
CUST-01546,Female,1,No,No,8,Yes,Yes,DSL,No,Yes,No,No,No,No,Month-to-month,Yes,Mailed check,75.91,606.74,1
CUST-01547,Male,0,No,No,43,Yes,Yes,DSL,No,Yes,No,No,Yes,No,Month-to-month,Yes,Bank transfer (automatic),58.49,2576.32,0
CUST-01548,Male,0,No,No,6,No,No phone service,Fiber optic,Yes,Yes,No,No,No,No,Month-to-month,Yes,Electronic check,69.92,420.68,1
CUST-01549,Female,0,No,Yes,4,Yes,No,DSL,No,No,No,No,No,No,One year,Yes,Bank transfer (automatic),75.93,289.64,1
CUST-01550,Male,0,Yes,Yes,10,Yes,No,DSL,Yes,No,Yes,Yes,Yes,No,Two year,No,Mailed check,65.48,681.53,0
CUST-01551,Male,0,Yes,Yes,14,Yes,Yes,DSL,No,No,No,No,Yes,Yes,Month-to-month,Yes,Mailed check,51.81,723.66,0
CUST-01552,Male,0,No,No,12,Yes,Yes,No,No internet service,No internet service,No internet service,No internet service,No internet service,No internet service,One year,Yes,Mailed check,20.08,249.74,0
CUST-01553,Female,0,Yes,Yes,15,Yes,No,Fiber optic,No,No,No,Yes,No,No,Month-to-month,Yes,Mailed check,62.52,978.45,1
CUST-01554,Female,0,No,Yes,4,Yes,No,No,No internet service,No internet service,No internet service,No internet service,No internet service,No internet service,Month-to-month,Yes,Mailed check,19.27,78.7,0
CUST-01555,Male,0,No,No,5,Yes,Yes,Fiber optic,No,Yes,Yes,Yes,Yes,Yes,Month-to-month,Yes,Electronic check,98.76,473.1,1
CUST-01556,Female,0,Yes,Yes,8,No,No phone service,Fiber optic,No,No,Yes,No,Yes,No,Month-to-month,No,Electronic check,74.77,623.64,1
CUST-01557,Male,0,No,Yes,16,Yes,Yes,Fiber optic,No,No,No,No,Yes,No,One year,Yes,Credit card (automatic),90.98,1504.06,0
CUST-01558,Male,0,Yes,Yes,13,Yes,No,Fiber optic,No,No,Yes,No,Yes,No,Month-to-month,No,Electronic check,96.74,1291.96,1
CUST-01559,Male,0,Yes,No,50,No,No phone service,Fiber optic,No,No,No,No,Yes,Yes,Month-to-month,Yes,Bank transfer (automatic),76.52,3692.14,0
CUST-01560,Male,0,No,No,23,Yes,Yes,Fiber optic,Yes,Yes,No,No,Yes,Yes,Month-to-month,No,Mailed check,102.94,2340.37,1
CUST-01561,Female,1,Yes,No,27,Yes,No,No,No internet service,No internet service,No internet service,No internet service,No internet service,No internet service,One year,Yes,Credit card (automatic),21.97,565.73,0
CUST-01562,Female,0,No,No,26,Yes,Yes,DSL,No,Yes,No,No,Yes,Yes,One year,No,Bank transfer (automatic),61.71,1628.53,0
CUST-01563,Female,0,No,No,16,Yes,No,DSL,No,No,No,No,Yes,Yes,Two year,No,Electronic check,72.44,1202.75,0
CUST-01564,Male,0,Yes,No,72,Yes,No,Fiber optic,Yes,No,No,No,No,Yes,Month-to-month,Yes,Bank transfer (automatic),84.69,6184.42,1
CUST-01565,Male,0,No,No,1,Yes,Yes,No,No internet service,No internet service,No internet service,No internet service,No internet service,No internet service,One year,Yes,Bank transfer (automatic),19.67,19.67,0
CUST-01566,Male,1,No,No,7,Yes,No,DSL,Yes,No,Yes,Yes,Yes,No,Month-to-month,Yes,Electronic check,56.1,405.88,1
CUST-01567,Female,0,Yes,No,10,Yes,No,No,No internet service,No internet service,No internet service,No internet service,No internet service,No internet service,Month-to-month,No,Bank transfer (automatic),22.01,215.3,1
CUST-01568,Male,0,Yes,No,68,Yes,No,No,No internet service,No internet service,No internet service,No internet service,No internet service,No internet service,One year,Yes,Credit card (automatic),21.5,1426.58,0
CUST-01569,Female,0,No,No,72,Yes,No,Fiber optic,Yes,Yes,Yes,No,No,Yes,One year,Yes,Electronic check,76.61,5567.57,0
CUST-01570,Female,0,No,No,59,No,No phone service,DSL,No,Yes,No,Yes,Yes,Yes,Two year,Yes,Mailed check,51.49,3180.36,0
CUST-01571,Female,0,Yes,Yes,17,Yes,Yes,Fiber optic,No,Yes,Yes,No,No,No,Two year,No,Credit card (automatic),75.49,1281.66,0
CUST-01572,Female,0,Yes,No,72,Yes,No,DSL,No,Yes,No,No,No,Yes,Two year,Yes,Credit card (automatic),46.32,3302.2,0
CUST-01573,Female,0,No,No,3,Yes,No,DSL,Yes,No,No,Yes,No,Yes,Two year,No,Bank transfer (automatic),61.14,182.54,1
CUST-01574,Female,1,No,No,33,Yes,No,No,No internet service,No internet service,No internet service,No internet service,No internet service,No internet service,One year,No,Electronic check,26.22,823.86,0
CUST-01575,Male,0,Yes,No,72,Yes,No,Fiber optic,No,No,Yes,No,Yes,Yes,Month-to-month,No,Bank transfer (automatic),91.48,6526.83,1
CUST-01576,Male,0,No,No,44,Yes,No,Fiber optic,No,No,No,Yes,No,No,Month-to-month,No,Electronic check,77.45,3422.2,0
CUST-01577,Female,0,Yes,No,10,Yes,No,DSL,Yes,Yes,No,No,Yes,No,Two year,Yes,Mailed check,62.0,613.94,0
CUST-01578,Female,0,No,No,40,Yes,No,Fiber optic,No,Yes,Yes,Yes,No,Yes,Month-to-month,No,Bank transfer (automatic),78.91,3048.22,1
CUST-01579,Male,1,Yes,Yes,11,Yes,Yes,Fiber optic,Yes,Yes,No,No,Yes,No,Month-to-month,Yes,Electronic check,73.75,829.11,1
CUST-01580,Female,0,Yes,No,3,Yes,No,Fiber optic,Yes,Yes,Yes,No,No,Yes,Month-to-month,Yes,Bank transfer (automatic),86.31,248.17,1
CUST-01581,Female,0,Yes,No,40,Yes,Yes,DSL,No,No,No,No,Yes,No,Month-to-month,No,Bank transfer (automatic),67.28,2767.62,0
CUST-01582,Male,0,No,Yes,6,Yes,Yes,No,No internet service,No internet service,No internet service,No internet service,No internet service,No internet service,One year,Yes,Electronic check,18.0,103.48,0
CUST-01583,Female,0,No,No,3,Yes,Yes,Fiber optic,No,No,Yes,Yes,No,Yes,One year,No,Mailed check,81.82,239.31,0
CUST-01584,Female,1,No,No,25,Yes,No,Fiber optic,No,No,No,No,Yes,Yes,One year,Yes,Mailed check,54.07,1416.2,0
CUST-01585,Female,0,No,Yes,31,Yes,No,Fiber optic,Yes,No,No,No,Yes,Yes,One year,Yes,Mailed check,69.54,2117.22,0
CUST-01586,Male,0,Yes,No,1,Yes,No,DSL,No,No,No,Yes,Yes,No,Month-to-month,Yes,Electronic check,57.47,58.52,1
CUST-01587,Male,1,No,No,1,No,No phone service,DSL,No,No,No,Yes,Yes,No,Month-to-month,Yes,Credit card (automatic),39.61,40.97,0
CUST-01588,Male,1,Yes,No,68,Yes,No,Fiber optic,No,No,No,No,No,Yes,Two year,Yes,Mailed check,71.32,4864.08,0
CUST-01589,Female,0,No,No,3,Yes,Yes,Fiber optic,No,No,No,Yes,Yes,Yes,Month-to-month,Yes,Credit card (automatic),85.96,257.18,0
CUST-01590,Female,0,Yes,No,28,Yes,Yes,Fiber optic,No,No,Yes,No,No,Yes,Month-to-month,No,Electronic check,68.93,1862.17,0
CUST-01591,Male,0,Yes,No,72,Yes,Yes,DSL,No,No,No,No,No,Yes,One year,No,Electronic check,42.17,2972.92,0
CUST-01592,Female,0,No,No,22,Yes,No,No,No internet service,No internet service,No internet service,No internet service,No internet service,No internet service,Month-to-month,Yes,Mailed check,26.88,606.37,0
CUST-01593,Female,1,No,Yes,4,Yes,No,Fiber optic,No,Yes,No,No,Yes,No,Month-to-month,Yes,Mailed check,83.46,329.77,1
CUST-01594,Female,0,No,No,16,Yes,No,No,No internet service,No internet service,No internet service,No internet service,No internet service,No internet service,Month-to-month,No,Mailed check,19.0,291.14,0
CUST-01595,Female,0,No,No,31,Yes,Yes,Fiber optic,No,Yes,No,No,Yes,No,Month-to-month,Yes,Bank transfer (automatic),82.79,2615.63,0
CUST-01596,Female,0,Yes,No,46,Yes,No,DSL,No,Yes,No,No,Yes,Yes,Month-to-month,No,Bank transfer (automatic),68.67,3200.6,0
CUST-01597,Male,0,No,No,29,Yes,No,Fiber optic,Yes,No,No,Yes,Yes,Yes,Two year,No,Mailed check,94.31,2797.93,0
CUST-01598,Female,0,Yes,Yes,1,Yes,Yes,Fiber optic,No,No,No,No,No,Yes,One year,Yes,Credit card (automatic),64.26,63.41,0
CUST-01599,Male,0,No,No,4,Yes,No,Fiber optic,No,Yes,No,No,No,Yes,Month-to-month,Yes,Electronic check,43.83,180.77,1
CUST-01600,Female,0,No,Yes,14,Yes,Yes,No,No internet service,No internet service,No internet service,No internet service,No internet service,No internet service,One year,No,Credit card (automatic),24.93,349.59,0
CUST-01601,Male,0,Yes,No,39,Yes,No,DSL,No,No,Yes,No,Yes,No,Month-to-month,Yes,Credit card (automatic),74.08,2844.06,0
CUST-01602,Female,0,Yes,No,28,Yes,No,DSL,No,No,No,No,Yes,No,Month-to-month,Yes,Electronic check,56.82,1613.06,0
CUST-01603,Male,0,Yes,Yes,1,Yes,No,DSL,Yes,Yes,No,No,No,Yes,Two year,No,Bank transfer (automatic),57.43,54.94,0
CUST-01604,Female,0,Yes,No,51,Yes,No,DSL,No,Yes,Yes,No,No,No,Two year,Yes,Electronic check,68.11,3622.08,0
CUST-01605,Male,0,Yes,No,29,No,No phone service,Fiber optic,No,No,Yes,No,No,Yes,One year,Yes,Credit card (automatic),85.42,2559.31,0
CUST-01606,Female,0,Yes,No,69,Yes,No,DSL,Yes,No,Yes,Yes,No,No,Two year,Yes,Mailed check,74.75,4900.69,0
CUST-01607,Male,0,Yes,No,17,Yes,No,DSL,No,No,No,Yes,No,Yes,Two year,No,Electronic check,67.69,1171.05,0
CUST-01608,Female,0,No,No,21,Yes,No,No,No internet service,No internet service,No internet service,No internet service,No internet service,No internet service,One year,No,Bank transfer (automatic),18.0,377.22,0
CUST-01609,Male,0,No,No,16,Yes,Yes,DSL,Yes,No,Yes,Yes,Yes,No,Two year,Yes,Bank transfer (automatic),61.23,946.14,0
CUST-01610,Male,0,Yes,No,41,Yes,No,Fiber optic,Yes,Yes,Yes,No,No,Yes,Month-to-month,No,Bank transfer (automatic),75.25,2944.76,0
CUST-01611,Female,1,Yes,No,44,Yes,No,DSL,No,No,No,No,No,No,Month-to-month,Yes,Electronic check,50.41,2251.78,0
CUST-01612,Female,0,Yes,No,41,Yes,Yes,Fiber optic,Yes,No,No,No,Yes,No,Two year,Yes,Bank transfer (automatic),88.59,3452.17,0
CUST-01613,Male,0,No,No,11,Yes,Yes,Fiber optic,No,No,No,Yes,No,Yes,Month-to-month,No,Credit card (automatic),92.97,997.45,1
CUST-01614,Female,1,No,No,32,Yes,No,No,No internet service,No internet service,No internet service,No internet service,No internet service,No internet service,Month-to-month,No,Credit card (automatic),18.43,602.78,0
CUST-01615,Male,0,No,No,13,Yes,No,DSL,Yes,Yes,No,No,No,Yes,Month-to-month,No,Bank transfer (automatic),28.26,363.31,0
CUST-01616,Male,0,No,No,57,Yes,No,DSL,No,No,No,No,No,No,Two year,No,Credit card (automatic),71.8,4036.4,0
CUST-01617,Male,0,No,No,1,Yes,No,DSL,No,No,Yes,No,No,No,Month-to-month,No,Credit card (automatic),68.45,70.44,1
CUST-01618,Female,1,No,No,1,Yes,No,No,No internet service,No internet service,No internet service,No internet service,No internet service,No internet service,Month-to-month,Yes,Electronic check,23.72,24.52,1
CUST-01619,Male,0,Yes,Yes,3,Yes,No,Fiber optic,Yes,Yes,No,No,Yes,Yes,Month-to-month,Yes,Mailed check,77.73,234.79,0
CUST-01620,Male,0,No,No,7,Yes,Yes,DSL,No,No,No,No,No,Yes,One year,Yes,Electronic check,72.02,489.87,0
CUST-01621,Female,0,No,No,1,Yes,No,No,No internet service,No internet service,No internet service,No internet service,No internet service,No internet service,Month-to-month,Yes,Mailed check,24.78,25.16,0
CUST-01622,Female,0,No,No,2,Yes,No,DSL,Yes,No,Yes,No,No,Yes,One year,No,Credit card (automatic),83.66,162.42,0
CUST-01623,Female,0,No,No,11,Yes,No,Fiber optic,No,No,No,No,No,No,Two year,No,Credit card (automatic),105.11,1135.68,0
CUST-01624,Female,0,Yes,No,3,Yes,No,Fiber optic,No,No,Yes,No,No,Yes,Month-to-month,No,Credit card (automatic),61.06,177.09,1
CUST-01625,Male,0,No,No,51,Yes,Yes,Fiber optic,No,Yes,No,Yes,Yes,No,Two year,Yes,Electronic check,90.73,4737.53,0
CUST-01626,Male,0,Yes,Yes,1,Yes,Yes,DSL,No,No,No,No,No,No,Month-to-month,Yes,Credit card (automatic),55.37,52.63,1
CUST-01627,Male,0,Yes,No,72,Yes,No,No,No internet service,No internet service,No internet service,No internet service,No internet service,No internet service,Month-to-month,No,Credit card (automatic),18.45,1274.34,0
CUST-01628,Male,0,Yes,No,65,Yes,No,DSL,Yes,No,No,No,Yes,No,One year,No,Bank transfer (automatic),37.03,2319.16,0
CUST-01629,Female,1,No,No,7,Yes,Yes,DSL,No,No,No,No,Yes,No,Two year,No,Bank transfer (automatic),52.11,367.86,0
CUST-01630,Male,0,No,No,2,Yes,No,DSL,No,No,No,No,No,No,Month-to-month,Yes,Credit card (automatic),94.78,196.86,1
CUST-01631,Male,0,No,No,3,Yes,Yes,DSL,No,No,Yes,No,Yes,No,One year,No,Credit card (automatic),65.86,197.23,1
CUST-01632,Female,0,No,No,26,Yes,No,Fiber optic,Yes,No,Yes,No,No,No,Month-to-month,Yes,Electronic check,79.74,2129.76,1
CUST-01633,Male,0,Yes,Yes,29,Yes,Yes,No,No internet service,No internet service,No internet service,No internet service,No internet service,No internet service,Month-to-month,No,Electronic check,24.34,730.71,0
CUST-01634,Male,0,No,Yes,12,Yes,No,Fiber optic,No,No,Yes,No,No,No,One year,Yes,Credit card (automatic),71.46,857.99,0
CUST-01635,Male,0,No,No,11,No,No phone service,Fiber optic,No,Yes,No,No,No,No,Month-to-month,No,Electronic check,82.69,900.23,1
CUST-01636,Male,0,No,No,24,Yes,Yes,Fiber optic,No,No,Yes,No,Yes,No,Two year,Yes,Electronic check,79.34,1990.29,1
CUST-01637,Male,0,Yes,No,11,Yes,No,No,No internet service,No internet service,No internet service,No internet service,No internet service,No internet service,Month-to-month,No,Electronic check,20.74,235.32,0
CUST-01638,Male,0,No,No,72,Yes,No,Fiber optic,No,No,No,No,Yes,No,One year,Yes,Mailed check,114.18,8460.58,0
CUST-01639,Female,1,No,Yes,15,Yes,Yes,Fiber optic,No,No,No,No,Yes,No,One year,Yes,Mailed check,68.85,1048.98,0
CUST-01640,Female,1,No,Yes,7,Yes,No,No,No internet service,No internet service,No internet service,No internet service,No internet service,No internet service,One year,Yes,Bank transfer (automatic),20.66,138.01,0
CUST-01641,Male,0,No,Yes,5,Yes,No,Fiber optic,Yes,No,No,Yes,Yes,No,Month-to-month,Yes,Bank transfer (automatic),98.59,501.73,1
CUST-01642,Male,0,No,No,31,Yes,Yes,No,No internet service,No internet service,No internet service,No internet service,No internet service,No internet service,Month-to-month,Yes,Mailed check,19.77,632.18,1
CUST-01643,Female,0,No,No,12,Yes,No,Fiber optic,No,Yes,No,No,Yes,No,Two year,No,Credit card (automatic),88.91,1111.69,0
CUST-01644,Male,1,No,No,6,Yes,Yes,DSL,No,No,No,Yes,No,No,Two year,Yes,Credit card (automatic),70.42,435.3,0
CUST-01645,Male,0,No,No,10,Yes,No,No,No internet service,No internet service,No internet service,No internet service,No internet service,No internet service,One year,No,Credit card (automatic),19.13,198.4,0
CUST-01646,Male,1,Yes,No,11,Yes,No,Fiber optic,No,No,No,No,No,No,One year,Yes,Mailed check,82.23,898.16,0
CUST-01647,Female,0,No,No,31,Yes,Yes,DSL,Yes,Yes,No,No,No,Yes,One year,Yes,Bank transfer (automatic),88.71,2708.48,0
CUST-01648,Male,1,No,No,6,Yes,Yes,Fiber optic,No,No,Yes,Yes,No,Yes,Month-to-month,No,Electronic check,88.42,504.82,0
CUST-01649,Female,0,No,No,42,Yes,No,Fiber optic,No,Yes,No,Yes,No,No,Month-to-month,Yes,Electronic check,44.46,1948.98,0
CUST-01650,Male,0,No,Yes,11,Yes,Yes,No,No internet service,No internet service,No internet service,No internet service,No internet service,No internet service,Two year,Yes,Credit card (automatic),23.96,267.05,0
CUST-01651,Female,0,Yes,No,21,Yes,Yes,DSL,Yes,Yes,No,Yes,No,Yes,Month-to-month,Yes,Bank transfer (automatic),50.55,1104.7,0
CUST-01652,Female,0,Yes,No,34,Yes,Yes,No,No internet service,No internet service,No internet service,No internet service,No internet service,No internet service,Two year,Yes,Mailed check,19.86,706.11,0
CUST-01653,Male,0,No,No,25,Yes,No,DSL,No,No,Yes,No,Yes,No,Month-to-month,Yes,Credit card (automatic),62.13,1615.77,1
CUST-01654,Female,0,No,No,34,Yes,Yes,No,No internet service,No internet service,No internet service,No internet service,No internet service,No internet service,Month-to-month,No,Mailed check,23.05,757.53,0
CUST-01655,Male,0,Yes,No,12,No,No phone service,Fiber optic,No,No,No,Yes,No,No,One year,Yes,Mailed check,78.98,916.19,0
CUST-01656,Female,0,Yes,No,72,No,No phone service,No,No internet service,No internet service,No internet service,No internet service,No internet service,No internet service,Month-to-month,No,Electronic check,22.42,1672.89,0
CUST-01657,Male,0,Yes,Yes,19,Yes,Yes,Fiber optic,Yes,No,No,No,Yes,No,One year,Yes,Bank transfer (automatic),56.0,1078.25,0
CUST-01658,Male,0,Yes,No,12,Yes,Yes,Fiber optic,Yes,No,No,No,No,No,One year,Yes,Mailed check,63.72,751.4,0
CUST-01659,Female,0,Yes,Yes,11,Yes,No,DSL,Yes,No,No,No,Yes,No,Month-to-month,Yes,Electronic check,59.22,629.77,1
CUST-01660,Male,0,Yes,Yes,1,Yes,No,DSL,No,Yes,No,Yes,No,No,Month-to-month,Yes,Electronic check,68.06,66.94,1
CUST-01661,Male,1,Yes,Yes,36,Yes,No,DSL,No,No,No,Yes,Yes,No,Month-to-month,No,Electronic check,38.25,1423.35,0
CUST-01662,Female,0,Yes,Yes,9,Yes,Yes,Fiber optic,No,No,No,Yes,No,Yes,One year,No,Electronic check,87.22,765.95,0
CUST-01663,Male,0,Yes,No,72,Yes,Yes,Fiber optic,Yes,Yes,No,No,No,No,Month-to-month,Yes,Credit card (automatic),70.16,5061.02,0
CUST-01664,Male,0,No,No,7,Yes,Yes,DSL,No,Yes,Yes,No,Yes,Yes,One year,Yes,Mailed check,40.32,271.67,0
CUST-01665,Female,0,Yes,Yes,24,Yes,Yes,DSL,No,No,Yes,Yes,No,No,Month-to-month,No,Bank transfer (automatic),47.32,1169.98,1
CUST-01666,Female,0,Yes,No,42,Yes,No,Fiber optic,Yes,No,Yes,No,Yes,Yes,One year,Yes,Mailed check,89.07,3856.09,0
CUST-01667,Male,0,Yes,No,65,Yes,No,DSL,No,Yes,No,Yes,No,No,Two year,Yes,Mailed check,78.11,5002.29,0
CUST-01668,Male,0,Yes,No,5,Yes,No,No,No internet service,No internet service,No internet service,No internet service,No internet service,No internet service,One year,Yes,Credit card (automatic),21.95,106.42,0
CUST-01669,Female,0,Yes,No,72,Yes,Yes,DSL,No,No,Yes,No,No,No,Two year,Yes,Bank transfer (automatic),56.32,4030.32,0
CUST-01670,Female,0,Yes,No,72,Yes,No,Fiber optic,No,Yes,No,No,No,No,Month-to-month,Yes,Electronic check,60.54,4526.06,1
CUST-01671,Male,1,No,No,72,Yes,No,Fiber optic,Yes,No,Yes,No,Yes,Yes,Two year,No,Bank transfer (automatic),60.9,4349.04,1
CUST-01672,Female,1,No,No,61,Yes,Yes,DSL,No,No,Yes,Yes,Yes,Yes,Month-to-month,No,Bank transfer (automatic),43.31,2747.6,0
CUST-01673,Male,0,No,No,67,Yes,Yes,Fiber optic,Yes,No,Yes,No,No,No,Month-to-month,Yes,Mailed check,67.95,4739.97,0
CUST-01674,Male,0,No,No,29,Yes,Yes,DSL,No,No,No,No,No,Yes,Month-to-month,No,Electronic check,54.08,1611.13,0
CUST-01675,Male,0,Yes,Yes,59,Yes,No,DSL,No,No,Yes,No,No,No,One year,No,Mailed check,69.39,4098.92,0
CUST-01676,Male,0,No,No,24,Yes,Yes,Fiber optic,Yes,No,No,No,No,No,Two year,Yes,Mailed check,102.9,2511.45,1
CUST-01677,Male,0,Yes,Yes,24,Yes,No,No,No internet service,No internet service,No internet service,No internet service,No internet service,No internet service,Two year,Yes,Bank transfer (automatic),21.42,497.61,0
CUST-01678,Female,0,No,No,26,Yes,No,Fiber optic,No,Yes,No,No,Yes,Yes,Month-to-month,Yes,Credit card (automatic),78.83,2016.94,0
CUST-01679,Female,1,Yes,No,72,Yes,No,DSL,Yes,No,Yes,No,No,Yes,Month-to-month,Yes,Mailed check,61.67,4421.14,0
CUST-01680,Female,1,No,No,3,Yes,Yes,Fiber optic,No,Yes,Yes,Yes,No,Yes,One year,Yes,Bank transfer (automatic),84.9,246.15,1
CUST-01681,Female,0,No,No,52,Yes,No,Fiber optic,No,No,Yes,No,Yes,No,Two year,Yes,Bank transfer (automatic),90.0,4893.99,0
CUST-01682,Male,0,Yes,Yes,10,Yes,No,DSL,No,No,No,No,Yes,No,Month-to-month,No,Bank transfer (automatic),46.73,458.77,1
CUST-01683,Male,0,No,No,14,Yes,No,DSL,No,Yes,No,No,No,No,Two year,Yes,Mailed check,39.54,547.19,0
CUST-01684,Male,0,Yes,No,2,Yes,No,No,No internet service,No internet service,No internet service,No internet service,No internet service,No internet service,One year,Yes,Bank transfer (automatic),18.0,34.63,0
CUST-01685,Male,0,No,No,13,Yes,No,Fiber optic,No,Yes,No,Yes,No,Yes,One year,No,Credit card (automatic),80.79,1025.67,0
CUST-01686,Female,0,No,Yes,72,Yes,Yes,Fiber optic,Yes,Yes,No,No,No,Yes,Month-to-month,Yes,Credit card (automatic),60.13,4178.74,0
CUST-01687,Male,1,Yes,No,16,Yes,No,DSL,No,No,No,No,No,No,Two year,Yes,Electronic check,60.92,983.29,0
CUST-01688,Male,0,Yes,Yes,35,Yes,No,DSL,No,No,Yes,No,No,No,Two year,Yes,Electronic check,69.42,2447.44,0
CUST-01689,Female,0,Yes,No,4,Yes,Yes,Fiber optic,Yes,Yes,Yes,No,No,Yes,Month-to-month,Yes,Mailed check,65.8,252.45,1
CUST-01690,Female,0,No,No,72,Yes,No,DSL,No,Yes,No,Yes,No,Yes,Month-to-month,No,Mailed check,45.86,3422.38,0
CUST-01691,Female,0,Yes,Yes,56,Yes,Yes,No,No internet service,No internet service,No internet service,No internet service,No internet service,No internet service,Two year,Yes,Mailed check,23.96,1380.76,0
CUST-01692,Female,0,No,No,15,Yes,No,Fiber optic,Yes,No,Yes,No,No,No,Month-to-month,Yes,Mailed check,116.61,1759.8,1
CUST-01693,Male,0,No,No,13,Yes,Yes,DSL,No,No,No,No,No,Yes,Month-to-month,No,Credit card (automatic),53.94,693.7,1
CUST-01694,Male,0,Yes,No,18,Yes,Yes,Fiber optic,Yes,No,Yes,Yes,Yes,No,Month-to-month,No,Bank transfer (automatic),65.54,1191.42,1
CUST-01695,Female,0,No,Yes,16,Yes,No,Fiber optic,No,No,Yes,Yes,Yes,No,One year,Yes,Mailed check,83.43,1282.69,0
CUST-01696,Male,0,No,No,9,Yes,No,DSL,No,No,No,No,No,No,Month-to-month,Yes,Mailed check,60.55,521.23,1
CUST-01697,Male,1,Yes,No,72,No,No phone service,No,No internet service,No internet service,No internet service,No internet service,No internet service,No internet service,Month-to-month,Yes,Credit card (automatic),18.0,1321.28,1
CUST-01698,Male,0,Yes,No,53,Yes,Yes,DSL,No,No,No,No,No,No,Month-to-month,Yes,Electronic check,72.67,3667.17,0
CUST-01699,Female,0,No,No,9,Yes,Yes,Fiber optic,No,Yes,Yes,No,No,No,Month-to-month,Yes,Electronic check,73.88,669.15,1
CUST-01700,Male,0,Yes,No,72,Yes,No,Fiber optic,No,Yes,Yes,No,No,Yes,One year,Yes,Mailed check,51.71,3811.41,0
CUST-01701,Female,0,Yes,Yes,1,No,No phone service,Fiber optic,No,No,No,Yes,No,No,Month-to-month,Yes,Credit card (automatic),64.04,63.68,1
CUST-01702,Male,0,Yes,Yes,18,Yes,Yes,Fiber optic,Yes,No,No,Yes,Yes,Yes,Two year,Yes,Credit card (automatic),69.16,1286.06,0
CUST-01703,Male,1,No,No,26,Yes,No,DSL,No,No,No,Yes,No,Yes,Month-to-month,No,Mailed check,69.81,1810.29,0
CUST-01704,Male,1,No,Yes,1,Yes,No,No,No internet service,No internet service,No internet service,No internet service,No internet service,No internet service,One year,No,Electronic check,23.95,24.74,0
CUST-01705,Female,0,No,No,5,Yes,No,Fiber optic,Yes,No,No,No,Yes,Yes,One year,Yes,Bank transfer (automatic),42.46,213.59,1
CUST-01706,Male,0,Yes,No,9,No,No phone service,No,No internet service,No internet service,No internet service,No internet service,No internet service,No internet service,Month-to-month,Yes,Credit card (automatic),24.52,212.08,0
CUST-01707,Female,0,No,No,40,Yes,No,DSL,No,Yes,No,No,No,Yes,One year,Yes,Bank transfer (automatic),75.3,3086.1,1
CUST-01708,Female,0,No,No,72,Yes,No,Fiber optic,No,No,No,Yes,No,No,Two year,No,Mailed check,103.33,7751.96,0
CUST-01709,Female,0,Yes,No,31,Yes,Yes,DSL,No,No,No,Yes,No,Yes,Month-to-month,Yes,Bank transfer (automatic),63.08,1903.58,0
CUST-01710,Male,0,Yes,Yes,26,Yes,No,Fiber optic,No,No,No,No,No,Yes,Month-to-month,Yes,Credit card (automatic),43.08,1085.05,0
CUST-01711,Male,0,No,No,24,Yes,Yes,No,No internet service,No internet service,No internet service,No internet service,No internet service,No internet service,Two year,No,Mailed check,19.36,474.31,0
CUST-01712,Male,0,No,No,13,Yes,Yes,Fiber optic,No,No,Yes,No,Yes,No,One year,Yes,Mailed check,94.89,1291.71,0
CUST-01713,Male,0,No,No,56,Yes,No,Fiber optic,No,No,No,No,No,No,One year,No,Mailed check,82.18,4611.12,0
CUST-01714,Female,1,No,No,24,Yes,No,Fiber optic,Yes,No,No,No,Yes,No,Two year,Yes,Mailed check,59.87,1375.94,0
CUST-01715,Female,0,No,No,8,No,No phone service,DSL,No,No,No,No,No,No,One year,Yes,Bank transfer (automatic),48.04,372.94,0
CUST-01716,Female,0,Yes,Yes,4,Yes,Yes,DSL,Yes,Yes,Yes,No,No,Yes,Month-to-month,Yes,Electronic check,83.4,340.81,1
CUST-01717,Male,0,No,No,72,Yes,No,DSL,No,No,No,No,No,Yes,Month-to-month,No,Mailed check,72.89,5111.54,0
CUST-01718,Female,0,No,Yes,1,Yes,No,Fiber optic,No,Yes,No,No,Yes,No,Month-to-month,Yes,Electronic check,38.0,38.45,1
CUST-01719,Male,0,No,No,72,Yes,No,Fiber optic,No,No,No,No,Yes,No,One year,Yes,Credit card (automatic),80.78,5806.43,0
CUST-01720,Female,0,Yes,Yes,7,Yes,No,No,No internet service,No internet service,No internet service,No internet service,No internet service,No internet service,Month-to-month,No,Electronic check,20.96,150.43,1
CUST-01721,Male,1,No,No,34,Yes,Yes,Fiber optic,No,Yes,No,No,No,No,Month-to-month,No,Credit card (automatic),79.0,2642.11,1
CUST-01722,Male,0,No,No,11,Yes,No,DSL,Yes,Yes,Yes,No,No,No,Two year,Yes,Credit card (automatic),67.45,707.48,0
CUST-01723,Female,0,Yes,Yes,62,No,No phone service,No,No internet service,No internet service,No internet service,No internet service,No internet service,No internet service,Month-to-month,Yes,Mailed check,24.16,1433.06,0
CUST-01724,Female,0,Yes,No,25,Yes,Yes,Fiber optic,No,No,No,Yes,No,No,Month-to-month,Yes,Electronic check,78.92,1991.53,1
CUST-01725,Female,0,No,Yes,4,No,No phone service,No,No internet service,No internet service,No internet service,No internet service,No internet service,No internet service,Month-to-month,No,Electronic check,23.61,90.6,1
CUST-01726,Female,0,Yes,Yes,10,Yes,Yes,DSL,No,Yes,No,No,No,Yes,Month-to-month,No,Electronic check,87.75,868.27,1
CUST-01727,Male,1,No,No,12,Yes,No,Fiber optic,No,No,No,Yes,No,No,Month-to-month,Yes,Electronic check,56.22,681.82,1
CUST-01728,Female,0,No,No,69,Yes,No,Fiber optic,Yes,No,Yes,No,No,Yes,Two year,Yes,Mailed check,99.78,6778.18,0
CUST-01729,Female,0,Yes,No,46,Yes,No,Fiber optic,No,No,No,No,Yes,Yes,Two year,No,Bank transfer (automatic),72.68,3314.37,0
CUST-01730,Female,0,No,No,56,Yes,No,Fiber optic,No,No,Yes,No,No,No,Month-to-month,Yes,Mailed check,87.25,5066.12,0
CUST-01731,Male,0,No,No,1,Yes,Yes,No,No internet service,No internet service,No internet service,No internet service,No internet service,No internet service,One year,No,Bank transfer (automatic),18.0,18.5,0
CUST-01732,Male,1,No,Yes,27,Yes,No,Fiber optic,No,Yes,No,Yes,No,No,One year,Yes,Mailed check,95.54,2692.57,0
CUST-01733,Female,1,Yes,Yes,72,Yes,No,DSL,No,No,Yes,No,Yes,No,Month-to-month,No,Electronic check,45.58,3422.38,0
CUST-01734,Male,0,No,No,49,Yes,No,No,No internet service,No internet service,No internet service,No internet service,No internet service,No internet service,Month-to-month,Yes,Electronic check,20.64,1035.36,0
CUST-01735,Female,0,Yes,No,4,Yes,No,No,No internet service,No internet service,No internet service,No internet service,No internet service,No internet service,Two year,No,Bank transfer (automatic),22.3,88.5,0
CUST-01736,Male,0,Yes,No,36,No,No phone service,Fiber optic,Yes,Yes,No,No,Yes,Yes,One year,Yes,Electronic check,53.08,1892.61,0
CUST-01737,Male,0,Yes,No,43,Yes,No,Fiber optic,Yes,Yes,No,No,Yes,No,Month-to-month,Yes,Bank transfer (automatic),114.47,4928.33,1
CUST-01738,Male,1,Yes,Yes,23,Yes,Yes,Fiber optic,Yes,Yes,No,No,Yes,No,Month-to-month,No,Mailed check,82.22,1898.57,0
CUST-01739,Male,0,Yes,No,2,Yes,No,Fiber optic,No,No,Yes,No,No,Yes,One year,Yes,Bank transfer (automatic),77.39,152.78,0
CUST-01740,Female,0,No,Yes,1,Yes,No,Fiber optic,No,Yes,No,Yes,No,No,Month-to-month,No,Electronic check,72.0,70.88,1
CUST-01741,Female,0,No,Yes,72,Yes,No,No,No internet service,No internet service,No internet service,No internet service,No internet service,No internet service,Month-to-month,Yes,Credit card (automatic),18.0,1234.3,0
CUST-01742,Female,0,Yes,No,9,Yes,Yes,Fiber optic,No,No,Yes,No,No,No,Month-to-month,No,Mailed check,108.62,966.91,0
CUST-01743,Male,0,Yes,No,15,Yes,Yes,DSL,No,No,No,Yes,No,Yes,Month-to-month,No,Credit card (automatic),83.27,1261.39,0
CUST-01744,Female,0,No,No,50,Yes,Yes,Fiber optic,No,No,Yes,No,Yes,Yes,Two year,No,Electronic check,78.56,3941.16,0
CUST-01745,Female,0,Yes,Yes,37,Yes,No,Fiber optic,Yes,Yes,Yes,No,No,No,Month-to-month,No,Mailed check,61.04,2219.74,1
CUST-01746,Female,0,No,No,72,Yes,No,DSL,No,No,No,No,Yes,No,One year,Yes,Electronic check,49.45,3619.67,0
CUST-01747,Male,0,No,No,3,Yes,No,Fiber optic,Yes,No,Yes,Yes,No,No,Two year,Yes,Mailed check,60.33,174.72,0
CUST-01748,Male,0,No,No,39,Yes,No,No,No internet service,No internet service,No internet service,No internet service,No internet service,No internet service,Month-to-month,No,Credit card (automatic),18.0,717.06,0
CUST-01749,Male,0,Yes,No,2,Yes,Yes,DSL,Yes,No,No,No,Yes,Yes,Month-to-month,No,Electronic check,62.61,124.35,0
CUST-01750,Female,0,Yes,No,1,Yes,No,No,No internet service,No internet service,No internet service,No internet service,No internet service,No internet service,Two year,Yes,Electronic check,22.14,23.21,0
CUST-01751,Female,0,Yes,Yes,4,Yes,No,Fiber optic,No,No,No,No,No,No,Two year,Yes,Electronic check,75.74,306.07,1
CUST-01752,Female,1,Yes,Yes,30,Yes,No,Fiber optic,No,No,No,No,No,No,One year,Yes,Electronic check,75.78,2376.71,1
CUST-01753,Male,0,Yes,Yes,36,Yes,No,No,No internet service,No internet service,No internet service,No internet service,No internet service,No internet service,One year,Yes,Electronic check,20.24,742.22,1
CUST-01754,Male,0,No,Yes,18,No,No phone service,No,No internet service,No internet service,No internet service,No internet service,No internet service,No internet service,Month-to-month,Yes,Bank transfer (automatic),26.08,451.18,1
CUST-01755,Female,0,No,No,1,Yes,No,DSL,No,No,Yes,No,No,No,One year,Yes,Electronic check,30.65,32.17,1
CUST-01756,Male,0,No,No,32,Yes,No,No,No internet service,No internet service,No internet service,No internet service,No internet service,No internet service,One year,Yes,Electronic check,20.32,666.69,0
CUST-01757,Male,0,No,Yes,2,Yes,No,DSL,No,Yes,No,Yes,No,No,Month-to-month,Yes,Bank transfer (automatic),48.98,99.33,1
CUST-01758,Male,0,Yes,Yes,4,Yes,Yes,DSL,Yes,No,No,No,Yes,Yes,Month-to-month,Yes,Mailed check,23.95,98.09,0
CUST-01759,Male,0,No,No,22,Yes,Yes,Fiber optic,Yes,Yes,Yes,No,No,Yes,Month-to-month,Yes,Electronic check,100.12,2256.93,1
CUST-01760,Female,0,Yes,No,13,Yes,Yes,No,No internet service,No internet service,No internet service,No internet service,No internet service,No internet service,Month-to-month,Yes,Credit card (automatic),20.59,261.47,0
CUST-01761,Male,0,Yes,No,20,Yes,No,DSL,No,Yes,No,Yes,No,No,Two year,Yes,Bank transfer (automatic),70.92,1353.08,0
CUST-01762,Male,0,No,No,32,Yes,Yes,Fiber optic,No,No,No,Yes,Yes,Yes,One year,No,Bank transfer (automatic),58.39,1783.45,0
CUST-01763,Male,0,No,No,5,Yes,No,Fiber optic,No,No,No,Yes,No,No,Month-to-month,Yes,Credit card (automatic),74.92,373.4,1
CUST-01764,Male,0,No,No,71,No,No phone service,Fiber optic,No,No,No,Yes,Yes,No,Two year,Yes,Credit card (automatic),74.43,5137.0,0
CUST-01765,Female,0,Yes,No,26,Yes,Yes,Fiber optic,No,No,No,No,Yes,Yes,Month-to-month,No,Electronic check,34.61,899.86,1
CUST-01766,Female,0,Yes,Yes,1,Yes,No,Fiber optic,No,No,Yes,No,No,Yes,Two year,No,Electronic check,75.14,78.88,0
CUST-01767,Male,0,Yes,No,31,Yes,No,Fiber optic,Yes,No,Yes,No,No,No,Two year,Yes,Bank transfer (automatic),78.41,2417.17,0
CUST-01768,Male,1,Yes,No,19,Yes,Yes,Fiber optic,No,No,No,Yes,Yes,No,Two year,Yes,Bank transfer (automatic),49.21,931.46,0
CUST-01769,Male,0,Yes,Yes,38,Yes,Yes,Fiber optic,Yes,No,Yes,No,No,No,Month-to-month,Yes,Electronic check,72.9,2634.9,0
CUST-01770,Male,0,No,No,49,Yes,No,DSL,No,Yes,No,No,Yes,Yes,Month-to-month,Yes,Electronic check,70.04,3535.75,0
CUST-01771,Male,0,No,No,72,Yes,Yes,DSL,No,No,No,Yes,Yes,No,Month-to-month,No,Bank transfer (automatic),74.19,5576.12,0
CUST-01772,Male,0,Yes,No,72,Yes,Yes,Fiber optic,No,No,No,No,Yes,No,Month-to-month,Yes,Bank transfer (automatic),46.74,3479.2,0
CUST-01773,Female,0,No,Yes,25,No,No phone service,No,No internet service,No internet service,No internet service,No internet service,No internet service,No internet service,Two year,No,Bank transfer (automatic),18.0,436.12,0
CUST-01774,Male,0,Yes,No,26,Yes,No,DSL,No,No,No,No,No,No,Month-to-month,Yes,Credit card (automatic),65.4,1730.35,0
CUST-01775,Female,0,No,No,1,No,No phone service,DSL,No,Yes,Yes,No,Yes,No,Month-to-month,Yes,Electronic check,79.98,78.91,1
CUST-01776,Female,1,Yes,No,64,Yes,Yes,Fiber optic,Yes,No,No,No,No,Yes,One year,No,Electronic check,89.31,5520.94,0
CUST-01777,Male,0,No,No,1,Yes,Yes,DSL,No,No,No,Yes,Yes,No,Month-to-month,No,Electronic check,45.76,46.91,1
CUST-01778,Female,0,No,No,32,Yes,No,No,No internet service,No internet service,No internet service,No internet service,No internet service,No internet service,Month-to-month,No,Credit card (automatic),18.0,556.99,0
CUST-01779,Female,0,No,No,3,Yes,No,Fiber optic,No,No,No,Yes,Yes,No,Two year,Yes,Credit card (automatic),61.62,175.81,1
CUST-01780,Female,0,Yes,Yes,10,No,No phone service,No,No internet service,No internet service,No internet service,No internet service,No internet service,No internet service,Month-to-month,Yes,Bank transfer (automatic),20.19,196.59,0
CUST-01781,Female,0,No,No,4,Yes,Yes,Fiber optic,No,No,No,No,Yes,No,Month-to-month,Yes,Electronic check,102.31,390.67,1
CUST-01782,Female,0,Yes,No,4,Yes,No,No,No internet service,No internet service,No internet service,No internet service,No internet service,No internet service,One year,No,Bank transfer (automatic),19.16,78.6,0
CUST-01783,Female,0,Yes,No,2,Yes,Yes,DSL,No,No,No,No,No,No,One year,Yes,Credit card (automatic),38.74,73.99,0
CUST-01784,Male,1,Yes,No,12,Yes,No,Fiber optic,No,Yes,Yes,No,No,Yes,One year,No,Credit card (automatic),97.0,1117.18,0
CUST-01785,Female,0,No,No,17,No,No phone service,DSL,Yes,No,Yes,No,No,No,Two year,No,Bank transfer (automatic),57.19,939.42,0
CUST-01786,Female,0,No,Yes,19,Yes,Yes,Fiber optic,No,No,No,No,No,No,Two year,Yes,Mailed check,79.73,1454.19,0
CUST-01787,Female,1,Yes,No,18,Yes,Yes,DSL,Yes,No,No,Yes,No,Yes,Month-to-month,Yes,Bank transfer (automatic),50.34,903.09,1
CUST-01788,Male,0,No,No,23,Yes,No,Fiber optic,Yes,No,No,No,No,No,Month-to-month,No,Mailed check,66.72,1555.82,0
CUST-01789,Female,0,No,No,62,No,No phone service,No,No internet service,No internet service,No internet service,No internet service,No internet service,No internet service,One year,No,Mailed check,22.97,1400.65,0
CUST-01790,Male,1,No,No,31,Yes,No,DSL,No,No,No,No,No,No,Two year,Yes,Credit card (automatic),71.13,2166.5,0
CUST-01791,Female,0,Yes,No,1,No,No phone service,DSL,No,Yes,No,No,Yes,Yes,One year,Yes,Electronic check,59.02,58.33,0
CUST-01792,Male,1,No,No,6,Yes,No,DSL,Yes,No,No,No,No,Yes,Month-to-month,Yes,Credit card (automatic),55.64,340.59,0
CUST-01793,Male,0,No,No,13,Yes,Yes,No,No internet service,No internet service,No internet service,No internet service,No internet service,No internet service,One year,Yes,Electronic check,21.1,261.82,0
CUST-01794,Female,0,Yes,No,72,Yes,No,No,No internet service,No internet service,No internet service,No internet service,No internet service,No internet service,Month-to-month,No,Mailed check,22.31,1685.83,0
CUST-01795,Female,1,No,No,2,Yes,Yes,DSL,No,No,No,No,No,No,Two year,No,Mailed check,56.77,118.86,0
CUST-01796,Male,0,Yes,No,39,Yes,Yes,DSL,No,No,No,No,No,No,Month-to-month,Yes,Mailed check,68.01,2649.57,0
CUST-01797,Female,0,Yes,No,1,Yes,No,DSL,Yes,No,No,No,No,No,Two year,No,Credit card (automatic),62.43,59.93,0
CUST-01798,Male,0,Yes,Yes,14,Yes,No,Fiber optic,No,Yes,No,No,Yes,Yes,One year,Yes,Electronic check,88.06,1239.42,0
CUST-01799,Male,1,Yes,No,47,Yes,No,Fiber optic,No,Yes,No,No,Yes,No,One year,No,Bank transfer (automatic),82.0,3963.66,0
CUST-01800,Male,0,No,No,13,Yes,Yes,Fiber optic,No,No,Yes,No,Yes,No,Month-to-month,Yes,Mailed check,80.1,1054.14,1
CUST-01801,Male,0,Yes,No,18,Yes,Yes,DSL,No,No,No,No,Yes,No,Month-to-month,No,Credit card (automatic),18.0,333.54,0
CUST-01802,Male,0,No,No,72,Yes,No,DSL,Yes,Yes,No,No,No,Yes,Two year,Yes,Mailed check,44.12,3104.68,0
CUST-01803,Female,0,Yes,Yes,2,Yes,Yes,DSL,No,No,No,Yes,No,No,Month-to-month,Yes,Electronic check,55.05,106.4,0
CUST-01804,Male,0,No,Yes,24,Yes,Yes,Fiber optic,No,Yes,Yes,No,No,No,Month-to-month,No,Credit card (automatic),68.81,1645.55,1
CUST-01805,Male,0,No,No,14,Yes,No,DSL,Yes,No,No,Yes,Yes,Yes,Month-to-month,No,Credit card (automatic),90.73,1222.81,0
CUST-01806,Female,0,No,No,72,Yes,No,DSL,No,Yes,No,No,No,Yes,Month-to-month,Yes,Electronic check,47.42,3524.56,0
CUST-01807,Male,0,No,No,50,Yes,No,Fiber optic,No,Yes,No,No,No,No,Month-to-month,Yes,Credit card (automatic),73.08,3593.41,1
CUST-01808,Female,0,No,No,4,Yes,Yes,DSL,No,Yes,No,Yes,No,Yes,Month-to-month,No,Mailed check,51.56,210.81,1
CUST-01809,Female,0,Yes,No,72,Yes,No,Fiber optic,No,No,Yes,No,Yes,No,One year,No,Credit card (automatic),57.82,4333.41,0
CUST-01810,Female,0,No,Yes,7,Yes,No,DSL,No,No,Yes,No,No,No,One year,No,Mailed check,59.03,400.6,0
CUST-01811,Male,1,No,No,2,Yes,No,No,No internet service,No internet service,No internet service,No internet service,No internet service,No internet service,Two year,Yes,Electronic check,22.42,43.7,0
CUST-01812,Male,0,No,No,24,Yes,No,DSL,No,No,No,No,No,Yes,Month-to-month,Yes,Credit card (automatic),82.17,1894.94,1
CUST-01813,Male,0,No,No,42,Yes,No,Fiber optic,Yes,Yes,Yes,Yes,No,Yes,Month-to-month,Yes,Credit card (automatic),81.67,3263.16,0
CUST-01814,Female,0,No,No,40,Yes,No,Fiber optic,No,No,No,No,Yes,No,Month-to-month,Yes,Electronic check,70.16,2681.65,0
CUST-01815,Male,0,Yes,Yes,24,Yes,No,No,No internet service,No internet service,No internet service,No internet service,No internet service,No internet service,Two year,No,Mailed check,18.0,418.69,0
CUST-01816,Female,0,No,No,21,No,No phone service,No,No internet service,No internet service,No internet service,No internet service,No internet service,No internet service,Month-to-month,No,Credit card (automatic),24.86,545.1,1
CUST-01817,Male,0,Yes,No,72,Yes,No,Fiber optic,Yes,No,Yes,Yes,No,Yes,One year,Yes,Mailed check,59.99,4347.24,0
CUST-01818,Female,0,Yes,No,54,Yes,No,Fiber optic,No,No,No,No,No,No,Month-to-month,Yes,Bank transfer (automatic),76.45,4256.39,1
CUST-01819,Male,1,No,No,38,Yes,No,DSL,No,No,No,No,No,No,Month-to-month,No,Bank transfer (automatic),52.79,2090.4,0
CUST-01820,Male,0,Yes,Yes,6,No,No phone service,DSL,No,No,No,No,Yes,Yes,Month-to-month,Yes,Bank transfer (automatic),42.49,243.42,0
CUST-01821,Male,0,Yes,No,54,Yes,No,Fiber optic,No,Yes,No,No,Yes,Yes,Two year,No,Credit card (automatic),72.03,3869.11,0
CUST-01822,Female,0,No,No,44,Yes,Yes,Fiber optic,No,No,No,No,No,Yes,Month-to-month,Yes,Mailed check,73.72,3196.31,1
CUST-01823,Female,1,No,No,72,Yes,Yes,No,No internet service,No internet service,No internet service,No internet service,No internet service,No internet service,Two year,Yes,Bank transfer (automatic),18.0,1289.1,0
CUST-01824,Male,0,No,Yes,4,Yes,No,Fiber optic,No,No,No,No,Yes,Yes,Two year,No,Bank transfer (automatic),76.23,293.33,1
CUST-01825,Male,0,No,No,40,No,No phone service,DSL,No,Yes,Yes,No,No,No,Month-to-month,Yes,Mailed check,34.45,1444.45,0
CUST-01826,Female,0,No,No,72,Yes,No,Fiber optic,No,No,No,Yes,No,No,Two year,Yes,Mailed check,78.94,5740.59,0
CUST-01827,Female,0,Yes,Yes,19,Yes,No,Fiber optic,No,Yes,No,Yes,No,No,Month-to-month,Yes,Credit card (automatic),92.05,1828.44,1
CUST-01828,Female,0,No,Yes,42,Yes,Yes,No,No internet service,No internet service,No internet service,No internet service,No internet service,No internet service,Month-to-month,No,Electronic check,18.0,754.34,0
CUST-01829,Male,0,Yes,No,72,Yes,No,Fiber optic,Yes,No,Yes,No,Yes,Yes,Month-to-month,Yes,Electronic check,91.66,6466.51,0
CUST-01830,Female,1,Yes,Yes,25,Yes,No,DSL,Yes,No,Yes,No,Yes,No,Month-to-month,Yes,Credit card (automatic),79.16,2019.97,0
CUST-01831,Male,1,No,No,38,Yes,No,Fiber optic,No,Yes,Yes,Yes,No,Yes,Month-to-month,Yes,Electronic check,73.82,2723.66,0
CUST-01832,Female,0,No,No,1,Yes,No,No,No internet service,No internet service,No internet service,No internet service,No internet service,No internet service,Month-to-month,Yes,Credit card (automatic),23.48,24.24,0
CUST-01833,Male,1,Yes,No,23,Yes,No,No,No internet service,No internet service,No internet service,No internet service,No internet service,No internet service,Month-to-month,No,Mailed check,22.29,536.24,0
CUST-01834,Female,0,Yes,No,9,Yes,Yes,No,No internet service,No internet service,No internet service,No internet service,No internet service,No internet service,One year,No,Mailed check,27.54,244.83,0
CUST-01835,Female,0,No,No,4,No,No phone service,No,No internet service,No internet service,No internet service,No internet service,No internet service,No internet service,Month-to-month,No,Mailed check,20.87,83.01,1
CUST-01836,Female,0,No,Yes,39,Yes,No,DSL,No,No,No,Yes,No,No,Month-to-month,Yes,Electronic check,54.17,2035.73,0
CUST-01837,Female,0,No,Yes,1,Yes,Yes,Fiber optic,No,No,No,No,Yes,No,One year,No,Bank transfer (automatic),81.53,84.34,1
CUST-01838,Female,1,Yes,Yes,72,Yes,No,No,No internet service,No internet service,No internet service,No internet service,No internet service,No internet service,One year,No,Credit card (automatic),18.0,1284.49,0
CUST-01839,Male,0,No,No,23,Yes,Yes,No,No internet service,No internet service,No internet service,No internet service,No internet service,No internet service,Two year,Yes,Credit card (automatic),18.0,409.45,0
CUST-01840,Female,0,Yes,No,33,Yes,Yes,Fiber optic,No,No,Yes,No,No,Yes,Two year,Yes,Credit card (automatic),78.04,2503.95,0
CUST-01841,Female,0,Yes,No,9,Yes,No,Fiber optic,Yes,Yes,Yes,No,Yes,No,One year,Yes,Bank transfer (automatic),59.32,559.46,0
CUST-01842,Female,0,No,No,6,Yes,No,DSL,No,Yes,No,No,No,No,Two year,Yes,Electronic check,83.39,503.35,0
CUST-01843,Male,0,No,No,8,Yes,No,Fiber optic,No,Yes,No,No,Yes,No,Month-to-month,Yes,Mailed check,81.28,671.47,0
CUST-01844,Female,0,Yes,No,8,Yes,Yes,Fiber optic,No,No,No,Yes,Yes,No,Month-to-month,Yes,Bank transfer (automatic),73.83,585.46,1
CUST-01845,Male,0,Yes,Yes,63,Yes,Yes,Fiber optic,Yes,No,No,No,Yes,Yes,Month-to-month,Yes,Electronic check,77.17,4885.37,0
CUST-01846,Female,1,No,No,49,Yes,No,Fiber optic,Yes,No,Yes,Yes,No,No,Month-to-month,No,Credit card (automatic),48.8,2293.14,0
CUST-01847,Female,0,Yes,No,61,Yes,No,No,No internet service,No internet service,No internet service,No internet service,No internet service,No internet service,One year,No,Bank transfer (automatic),18.0,1096.72,0
CUST-01848,Male,0,Yes,No,42,Yes,No,No,No internet service,No internet service,No internet service,No internet service,No internet service,No internet service,Two year,Yes,Mailed check,20.34,839.21,0
CUST-01849,Female,1,Yes,No,33,Yes,No,DSL,No,No,No,No,No,Yes,One year,Yes,Electronic check,58.12,1891.55,1
CUST-01850,Male,0,Yes,No,24,Yes,No,Fiber optic,No,No,No,No,No,Yes,Month-to-month,No,Electronic check,88.22,2039.67,1
CUST-01851,Male,0,Yes,Yes,9,No,No phone service,DSL,No,No,Yes,No,No,No,Month-to-month,Yes,Credit card (automatic),61.76,564.66,1
CUST-01852,Female,0,No,No,39,Yes,Yes,DSL,Yes,Yes,No,No,Yes,No,One year,Yes,Credit card (automatic),68.43,2565.9,0
CUST-01853,Male,0,No,No,4,Yes,Yes,Fiber optic,No,No,No,No,No,No,Month-to-month,Yes,Bank transfer (automatic),71.23,297.64,0
CUST-01854,Female,0,No,No,22,Yes,No,Fiber optic,No,Yes,No,No,Yes,No,Month-to-month,No,Credit card (automatic),72.08,1565.97,1
CUST-01855,Female,0,No,No,6,Yes,Yes,DSL,No,Yes,No,Yes,No,No,Two year,Yes,Electronic check,49.47,299.72,1
CUST-01856,Male,0,No,No,22,Yes,No,Fiber optic,No,No,No,No,No,No,Two year,No,Credit card (automatic),75.89,1678.19,0
CUST-01857,Male,0,No,No,11,No,No phone service,DSL,No,No,Yes,No,No,No,Two year,Yes,Bank transfer (automatic),58.57,670.56,0
CUST-01858,Male,0,No,No,1,Yes,No,Fiber optic,No,No,No,Yes,Yes,No,Month-to-month,No,Credit card (automatic),104.59,99.99,1
CUST-01859,Male,0,Yes,No,22,Yes,Yes,No,No internet service,No internet service,No internet service,No internet service,No internet service,No internet service,Month-to-month,Yes,Bank transfer (automatic),23.03,505.3,0
CUST-01860,Female,0,No,No,6,Yes,No,DSL,Yes,No,No,No,No,Yes,Month-to-month,No,Bank transfer (automatic),33.36,200.11,1
CUST-01861,Female,0,Yes,Yes,5,Yes,No,Fiber optic,Yes,No,No,Yes,No,No,One year,Yes,Electronic check,74.04,383.73,1
CUST-01862,Male,0,No,No,15,Yes,Yes,DSL,Yes,Yes,Yes,No,Yes,No,Month-to-month,Yes,Mailed check,78.5,1203.21,0
CUST-01863,Female,0,No,No,14,Yes,No,Fiber optic,No,Yes,Yes,Yes,No,Yes,Month-to-month,Yes,Electronic check,57.66,834.72,0
CUST-01864,Female,0,No,No,64,Yes,No,No,No internet service,No internet service,No internet service,No internet service,No internet service,No internet service,One year,No,Bank transfer (automatic),24.08,1601.32,0
CUST-01865,Female,1,No,No,26,Yes,Yes,DSL,No,No,No,Yes,Yes,Yes,Two year,No,Mailed check,45.53,1132.86,0
CUST-01866,Female,0,Yes,No,61,Yes,Yes,Fiber optic,Yes,Yes,No,No,No,No,One year,Yes,Credit card (automatic),89.29,5665.33,0
CUST-01867,Male,0,Yes,No,5,Yes,Yes,DSL,No,No,Yes,No,Yes,Yes,Two year,No,Electronic check,58.9,287.38,0
CUST-01868,Male,0,Yes,No,14,Yes,No,Fiber optic,No,No,No,Yes,Yes,No,Two year,Yes,Credit card (automatic),74.72,1037.94,0
CUST-01869,Female,1,Yes,No,25,Yes,No,Fiber optic,No,No,Yes,No,No,Yes,Month-to-month,Yes,Credit card (automatic),80.13,2077.22,1
CUST-01870,Male,0,Yes,No,5,Yes,Yes,Fiber optic,No,No,No,No,No,No,One year,Yes,Bank transfer (automatic),117.17,559.86,1
CUST-01871,Male,0,Yes,No,4,Yes,Yes,Fiber optic,No,No,No,No,No,Yes,Month-to-month,Yes,Electronic check,62.84,242.24,1
CUST-01872,Male,1,Yes,Yes,34,Yes,Yes,Fiber optic,No,Yes,Yes,No,No,No,Month-to-month,No,Electronic check,84.04,2801.45,0
CUST-01873,Female,0,No,Yes,33,Yes,No,Fiber optic,No,Yes,No,No,No,Yes,Month-to-month,Yes,Mailed check,41.99,1427.41,1
CUST-01874,Female,0,Yes,No,8,Yes,No,Fiber optic,No,No,No,No,Yes,No,Month-to-month,Yes,Mailed check,88.68,703.92,0
CUST-01875,Female,0,Yes,No,8,Yes,No,DSL,No,No,No,No,No,No,Two year,Yes,Bank transfer (automatic),64.06,502.91,0
CUST-01876,Male,0,Yes,Yes,43,No,No phone service,DSL,No,Yes,Yes,No,No,No,Two year,No,Electronic check,51.29,2252.42,0
CUST-01877,Female,0,No,No,3,Yes,Yes,DSL,No,No,Yes,Yes,Yes,No,Month-to-month,Yes,Electronic check,71.4,220.86,1
CUST-01878,Female,0,Yes,Yes,72,No,No phone service,Fiber optic,No,No,Yes,No,Yes,No,Month-to-month,Yes,Credit card (automatic),58.15,4175.27,0
CUST-01879,Male,0,No,No,72,Yes,No,DSL,No,No,No,Yes,No,No,Month-to-month,No,Mailed check,78.55,5393.68,0
CUST-01880,Female,0,Yes,Yes,65,Yes,Yes,Fiber optic,No,No,Yes,No,No,No,Month-to-month,No,Electronic check,80.87,5420.8,0
CUST-01881,Female,0,No,Yes,7,Yes,No,Fiber optic,No,Yes,No,Yes,Yes,No,Month-to-month,No,Credit card (automatic),80.47,571.46,1
CUST-01882,Male,0,No,No,1,Yes,No,DSL,No,Yes,No,No,Yes,Yes,Two year,No,Credit card (automatic),75.34,75.47,0
CUST-01883,Male,0,Yes,No,72,Yes,No,Fiber optic,Yes,No,Yes,No,Yes,No,Month-to-month,Yes,Bank transfer (automatic),63.91,4601.48,0
CUST-01884,Male,0,Yes,No,13,Yes,Yes,Fiber optic,Yes,Yes,No,No,Yes,No,Month-to-month,Yes,Mailed check,104.96,1331.75,0
CUST-01885,Female,0,Yes,No,11,Yes,No,DSL,No,No,Yes,No,No,Yes,One year,No,Electronic check,78.72,867.69,0
CUST-01886,Female,1,No,No,9,Yes,No,DSL,Yes,Yes,Yes,No,Yes,No,Two year,No,Bank transfer (automatic),53.89,495.73,0
CUST-01887,Female,0,Yes,Yes,8,Yes,Yes,Fiber optic,No,No,No,No,Yes,Yes,Two year,Yes,Electronic check,66.81,511.57,0
CUST-01888,Male,0,No,No,42,Yes,No,No,No internet service,No internet service,No internet service,No internet service,No internet service,No internet service,One year,Yes,Mailed check,22.44,910.45,0
CUST-01889,Male,0,No,No,72,Yes,No,Fiber optic,No,Yes,No,No,No,No,Month-to-month,Yes,Bank transfer (automatic),56.58,4115.57,0
CUST-01890,Female,0,No,No,49,Yes,No,Fiber optic,No,No,Yes,No,Yes,No,One year,No,Bank transfer (automatic),46.14,2173.96,0
CUST-01891,Female,0,Yes,No,35,No,No phone service,Fiber optic,No,No,No,No,No,No,Two year,Yes,Bank transfer (automatic),82.36,2940.12,1
CUST-01892,Male,0,Yes,No,10,No,No phone service,Fiber optic,No,Yes,Yes,No,Yes,Yes,Month-to-month,No,Bank transfer (automatic),90.15,914.97,1
CUST-01893,Male,0,No,No,25,Yes,Yes,Fiber optic,No,No,No,Yes,Yes,No,Two year,Yes,Electronic check,52.27,1293.81,0
CUST-01894,Male,0,No,No,8,Yes,No,No,No internet service,No internet service,No internet service,No internet service,No internet service,No internet service,Month-to-month,Yes,Mailed check,22.22,182.77,1
CUST-01895,Male,0,No,No,3,Yes,No,No,No internet service,No internet service,No internet service,No internet service,No internet service,No internet service,One year,No,Bank transfer (automatic),21.24,62.46,0
CUST-01896,Female,0,No,No,4,Yes,Yes,Fiber optic,No,Yes,No,Yes,Yes,No,Month-to-month,No,Electronic check,89.54,374.46,1
CUST-01897,Male,1,No,No,29,Yes,Yes,Fiber optic,No,No,Yes,No,Yes,No,Two year,No,Credit card (automatic),68.03,1877.67,0
CUST-01898,Female,0,No,No,1,Yes,No,Fiber optic,No,Yes,No,No,No,Yes,Month-to-month,Yes,Electronic check,81.6,78.4,1
CUST-01899,Female,0,No,No,72,Yes,No,Fiber optic,No,No,Yes,Yes,No,Yes,Month-to-month,Yes,Electronic check,101.05,7340.39,0
CUST-01900,Female,0,Yes,No,72,Yes,Yes,Fiber optic,No,No,No,No,No,Yes,Two year,Yes,Bank transfer (automatic),86.67,6338.88,0
CUST-01901,Male,0,No,No,5,Yes,No,Fiber optic,No,No,No,No,No,Yes,Month-to-month,No,Credit card (automatic),62.4,327.36,0
CUST-01902,Male,0,Yes,Yes,17,No,No phone service,DSL,No,No,Yes,Yes,No,Yes,Two year,No,Electronic check,55.09,912.29,0
CUST-01903,Male,0,Yes,Yes,46,Yes,Yes,No,No internet service,No internet service,No internet service,No internet service,No internet service,No internet service,Month-to-month,Yes,Electronic check,18.1,855.57,0
CUST-01904,Male,0,No,No,72,No,No phone service,No,No internet service,No internet service,No internet service,No internet service,No internet service,No internet service,Two year,Yes,Electronic check,20.68,1448.66,0
CUST-01905,Female,0,Yes,Yes,71,Yes,Yes,DSL,No,No,No,Yes,Yes,No,Month-to-month,No,Bank transfer (automatic),43.27,3211.21,0
CUST-01906,Male,0,Yes,Yes,9,Yes,No,DSL,Yes,No,No,No,No,No,One year,No,Bank transfer (automatic),51.19,457.84,0
CUST-01907,Male,0,Yes,Yes,2,Yes,No,DSL,No,Yes,Yes,Yes,Yes,No,Two year,Yes,Bank transfer (automatic),70.13,133.96,0
CUST-01908,Female,1,No,No,10,Yes,Yes,DSL,Yes,Yes,Yes,No,No,Yes,Month-to-month,Yes,Electronic check,75.71,736.43,1
CUST-01909,Male,0,No,No,18,No,No phone service,No,No internet service,No internet service,No internet service,No internet service,No internet service,No internet service,Two year,No,Electronic check,22.03,391.77,0
CUST-01910,Female,0,No,No,14,Yes,Yes,DSL,No,No,No,Yes,No,No,One year,Yes,Electronic check,79.92,1100.1,1
CUST-01911,Female,0,Yes,No,47,Yes,No,Fiber optic,No,No,No,No,Yes,Yes,Month-to-month,No,Bank transfer (automatic),37.25,1736.24,1
CUST-01912,Female,0,Yes,No,9,Yes,No,DSL,No,No,Yes,No,No,No,Month-to-month,No,Bank transfer (automatic),75.91,691.81,1
CUST-01913,Female,1,Yes,Yes,62,Yes,Yes,Fiber optic,Yes,Yes,No,No,No,No,Two year,No,Bank transfer (automatic),75.28,4574.96,0
CUST-01914,Female,0,Yes,Yes,8,Yes,Yes,DSL,Yes,Yes,Yes,No,Yes,No,Two year,Yes,Bank transfer (automatic),23.11,176.6,0
CUST-01915,Female,0,No,No,14,Yes,Yes,DSL,No,Yes,No,No,No,No,One year,No,Bank transfer (automatic),55.28,770.56,1
CUST-01916,Female,0,Yes,Yes,19,No,No phone service,No,No internet service,No internet service,No internet service,No internet service,No internet service,No internet service,Month-to-month,No,Credit card (automatic),23.94,452.01,0
CUST-01917,Female,0,Yes,Yes,11,Yes,No,DSL,Yes,No,No,No,Yes,Yes,Month-to-month,No,Bank transfer (automatic),49.88,549.11,1
CUST-01918,Male,0,Yes,No,46,Yes,No,DSL,Yes,Yes,No,No,Yes,No,Month-to-month,No,Bank transfer (automatic),83.62,3782.23,1
CUST-01919,Male,0,Yes,No,16,Yes,No,Fiber optic,No,No,No,Yes,No,Yes,Month-to-month,Yes,Bank transfer (automatic),75.94,1155.22,1
CUST-01920,Male,1,Yes,No,69,Yes,Yes,DSL,No,Yes,No,No,No,No,Month-to-month,Yes,Credit card (automatic),60.32,4109.74,0
CUST-01921,Male,0,No,Yes,72,Yes,Yes,Fiber optic,Yes,Yes,Yes,No,Yes,No,Two year,Yes,Credit card (automatic),86.26,6069.47,0
CUST-01922,Female,0,No,No,62,No,No phone service,No,No internet service,No internet service,No internet service,No internet service,No internet service,No internet service,Month-to-month,Yes,Bank transfer (automatic),19.85,1230.25,0
CUST-01923,Male,0,No,No,23,Yes,No,DSL,Yes,No,No,No,Yes,Yes,One year,Yes,Electronic check,45.82,1010.14,0
CUST-01924,Female,0,No,Yes,22,Yes,No,Fiber optic,No,No,No,No,No,No,Month-to-month,No,Bank transfer (automatic),50.73,1140.36,0
CUST-01925,Male,0,Yes,No,7,Yes,No,DSL,No,Yes,Yes,Yes,No,No,Two year,Yes,Bank transfer (automatic),92.32,663.19,0
CUST-01926,Male,0,No,No,28,Yes,No,Fiber optic,No,Yes,No,No,Yes,No,Month-to-month,No,Credit card (automatic),45.19,1288.76,0
CUST-01927,Male,1,No,No,72,Yes,No,No,No internet service,No internet service,No internet service,No internet service,No internet service,No internet service,Month-to-month,Yes,Electronic check,22.17,1640.58,0
CUST-01928,Female,0,Yes,Yes,2,No,No phone service,Fiber optic,No,No,Yes,No,No,Yes,One year,No,Credit card (automatic),92.35,180.8,0
CUST-01929,Male,0,No,No,44,Yes,Yes,Fiber optic,Yes,No,No,No,No,No,Month-to-month,Yes,Mailed check,92.06,3897.77,1
CUST-01930,Female,0,No,No,65,Yes,No,DSL,No,Yes,No,Yes,No,Yes,Month-to-month,No,Credit card (automatic),82.6,5207.43,1
CUST-01931,Female,0,Yes,No,72,Yes,Yes,DSL,Yes,No,No,Yes,Yes,No,Two year,No,Bank transfer (automatic),59.38,4418.01,0
CUST-01932,Male,0,No,No,13,Yes,Yes,Fiber optic,No,No,No,No,No,No,Month-to-month,Yes,Credit card (automatic),75.61,1019.72,1
CUST-01933,Male,0,No,No,14,Yes,No,Fiber optic,Yes,No,No,No,No,Yes,Two year,No,Electronic check,59.78,797.92,0
CUST-01934,Male,0,No,No,8,Yes,No,Fiber optic,No,No,Yes,No,No,No,One year,Yes,Electronic check,75.86,635.14,0
CUST-01935,Female,0,No,No,49,Yes,No,DSL,No,No,No,No,Yes,No,Month-to-month,Yes,Bank transfer (automatic),42.81,2138.16,0
CUST-01936,Male,1,Yes,Yes,4,Yes,Yes,Fiber optic,No,No,No,No,Yes,No,Month-to-month,No,Mailed check,78.21,328.14,1
CUST-01937,Female,1,Yes,No,9,Yes,No,DSL,No,Yes,No,No,No,No,One year,Yes,Credit card (automatic),76.76,669.04,1
CUST-01938,Female,0,No,No,11,Yes,No,Fiber optic,Yes,No,No,No,Yes,No,One year,Yes,Mailed check,62.92,714.32,0
CUST-01939,Male,0,No,No,15,Yes,Yes,No,No internet service,No internet service,No internet service,No internet service,No internet service,No internet service,Two year,Yes,Electronic check,19.8,304.34,0
CUST-01940,Male,0,No,No,17,Yes,No,No,No internet service,No internet service,No internet service,No internet service,No internet service,No internet service,Month-to-month,Yes,Mailed check,23.73,422.79,0
CUST-01941,Female,0,Yes,No,26,Yes,No,Fiber optic,No,No,No,Yes,Yes,No,One year,No,Mailed check,100.74,2518.93,0
CUST-01942,Female,0,Yes,No,72,Yes,No,DSL,No,No,No,No,Yes,No,Two year,Yes,Electronic check,81.34,6038.65,0
CUST-01943,Female,0,Yes,Yes,9,No,No phone service,No,No internet service,No internet service,No internet service,No internet service,No internet service,No internet service,Month-to-month,Yes,Electronic check,18.0,162.71,0
CUST-01944,Male,0,Yes,No,48,Yes,Yes,Fiber optic,Yes,No,No,No,Yes,Yes,Two year,Yes,Electronic check,99.47,4774.01,0
CUST-01945,Female,0,Yes,No,36,Yes,Yes,Fiber optic,No,Yes,Yes,No,Yes,Yes,Month-to-month,Yes,Mailed check,62.0,2142.53,1
CUST-01946,Male,0,Yes,No,3,Yes,No,DSL,Yes,No,Yes,No,Yes,No,Month-to-month,Yes,Electronic check,32.5,96.83,1
CUST-01947,Female,0,Yes,Yes,53,Yes,No,Fiber optic,No,No,No,No,No,No,Month-to-month,No,Electronic check,89.68,4762.09,1
CUST-01948,Female,0,Yes,No,3,Yes,No,Fiber optic,No,No,No,No,Yes,No,Month-to-month,No,Credit card (automatic),75.48,223.75,1
CUST-01949,Male,0,Yes,No,42,Yes,No,Fiber optic,No,Yes,No,No,No,No,Month-to-month,Yes,Electronic check,89.54,3719.1,0
CUST-01950,Female,0,No,No,40,Yes,No,No,No internet service,No internet service,No internet service,No internet service,No internet service,No internet service,Month-to-month,Yes,Bank transfer (automatic),20.21,789.87,0
CUST-01951,Male,0,No,No,37,Yes,Yes,DSL,No,No,No,No,Yes,Yes,Month-to-month,Yes,Bank transfer (automatic),55.29,2130.02,0
CUST-01952,Male,1,Yes,No,10,Yes,No,DSL,Yes,No,No,No,Yes,Yes,Month-to-month,No,Bank transfer (automatic),60.68,594.94,0
CUST-01953,Female,0,No,No,27,Yes,No,DSL,Yes,No,Yes,Yes,No,No,Month-to-month,No,Electronic check,47.17,1238.79,0
CUST-01954,Male,0,No,No,45,No,No phone service,Fiber optic,No,Yes,No,Yes,No,No,Month-to-month,No,Credit card (automatic),83.99,3955.78,1
CUST-01955,Male,0,No,No,32,Yes,No,DSL,No,No,No,No,No,Yes,Two year,No,Electronic check,54.54,1659.4,0
CUST-01956,Female,1,Yes,No,52,Yes,Yes,Fiber optic,Yes,No,No,No,Yes,Yes,Two year,Yes,Electronic check,70.92,3792.49,0
CUST-01957,Male,0,Yes,Yes,37,Yes,Yes,No,No internet service,No internet service,No internet service,No internet service,No internet service,No internet service,Two year,Yes,Bank transfer (automatic),21.65,778.87,0
CUST-01958,Male,0,No,No,10,Yes,No,No,No internet service,No internet service,No internet service,No internet service,No internet service,No internet service,Month-to-month,Yes,Credit card (automatic),24.48,238.21,0
CUST-01959,Male,1,Yes,No,5,Yes,No,DSL,No,Yes,Yes,No,No,No,Month-to-month,Yes,Mailed check,71.63,367.88,0
CUST-01960,Female,0,No,Yes,31,Yes,No,No,No internet service,No internet service,No internet service,No internet service,No internet service,No internet service,Month-to-month,Yes,Mailed check,23.36,712.53,0
CUST-01961,Male,1,No,No,45,Yes,No,Fiber optic,No,No,No,No,No,No,Month-to-month,Yes,Mailed check,62.47,2893.91,0
CUST-01962,Female,1,No,No,4,Yes,No,No,No internet service,No internet service,No internet service,No internet service,No internet service,No internet service,Two year,No,Electronic check,20.67,83.07,0
CUST-01963,Female,1,Yes,Yes,6,Yes,No,Fiber optic,No,Yes,No,No,No,Yes,Two year,No,Bank transfer (automatic),72.85,449.3,0
CUST-01964,Male,0,Yes,No,1,Yes,Yes,Fiber optic,No,No,No,No,Yes,No,Month-to-month,Yes,Credit card (automatic),79.15,75.77,1
CUST-01965,Male,0,Yes,Yes,24,Yes,Yes,Fiber optic,No,No,No,Yes,No,No,Month-to-month,Yes,Mailed check,57.19,1403.71,1
CUST-01966,Male,0,No,No,25,Yes,Yes,Fiber optic,Yes,Yes,No,Yes,No,Yes,Two year,Yes,Electronic check,61.04,1540.39,0
CUST-01967,Female,0,Yes,No,22,No,No phone service,Fiber optic,No,No,No,Yes,No,Yes,One year,Yes,Mailed check,78.14,1777.1,0
CUST-01968,Male,0,No,No,12,Yes,No,Fiber optic,Yes,No,No,No,No,Yes,Month-to-month,Yes,Credit card (automatic),82.37,957.35,1
CUST-01969,Male,0,Yes,Yes,17,No,No phone service,Fiber optic,No,No,No,Yes,No,No,Month-to-month,Yes,Bank transfer (automatic),56.22,960.87,1
CUST-01970,Male,0,Yes,Yes,46,Yes,Yes,Fiber optic,No,No,Yes,No,Yes,No,Month-to-month,Yes,Electronic check,66.68,3108.2,1
CUST-01971,Male,0,Yes,Yes,6,Yes,Yes,DSL,No,No,Yes,Yes,No,Yes,Month-to-month,Yes,Mailed check,73.09,418.13,0
CUST-01972,Male,0,No,No,7,Yes,Yes,DSL,No,No,Yes,No,No,No,Two year,Yes,Electronic check,70.57,503.37,0
CUST-01973,Female,0,No,No,35,Yes,Yes,Fiber optic,No,No,No,No,No,No,Month-to-month,Yes,Electronic check,84.28,2978.01,0
CUST-01974,Female,0,Yes,Yes,64,Yes,Yes,Fiber optic,Yes,Yes,No,No,Yes,No,Month-to-month,Yes,Credit card (automatic),79.78,5097.24,0
CUST-01975,Male,0,No,No,13,No,No phone service,DSL,Yes,No,No,No,Yes,No,Month-to-month,Yes,Credit card (automatic),25.17,313.82,0
CUST-01976,Male,0,No,No,72,Yes,Yes,Fiber optic,Yes,Yes,Yes,Yes,Yes,No,Month-to-month,No,Credit card (automatic),53.64,3959.63,0
CUST-01977,Male,0,No,Yes,1,Yes,Yes,Fiber optic,No,Yes,No,No,Yes,Yes,One year,Yes,Bank transfer (automatic),94.62,96.62,0
CUST-01978,Male,0,No,Yes,4,Yes,No,No,No internet service,No internet service,No internet service,No internet service,No internet service,No internet service,Month-to-month,No,Mailed check,20.45,81.94,0
CUST-01979,Female,0,Yes,No,19,Yes,Yes,Fiber optic,No,Yes,No,No,Yes,No,Month-to-month,No,Mailed check,94.68,1744.99,1
CUST-01980,Male,0,Yes,Yes,41,Yes,No,Fiber optic,Yes,No,No,Yes,Yes,Yes,One year,Yes,Electronic check,59.22,2404.34,0
CUST-01981,Female,0,No,Yes,14,Yes,No,DSL,Yes,No,No,No,Yes,No,Month-to-month,Yes,Mailed check,81.46,1145.5,0
CUST-01982,Female,0,Yes,No,25,Yes,No,DSL,No,No,No,No,No,No,Month-to-month,No,Electronic check,70.81,1766.81,0
CUST-01983,Male,1,Yes,Yes,1,No,No phone service,DSL,No,Yes,No,No,No,No,Month-to-month,No,Mailed check,62.22,61.16,1
CUST-01984,Female,0,Yes,No,19,Yes,Yes,Fiber optic,No,No,No,Yes,No,Yes,Month-to-month,Yes,Bank transfer (automatic),98.72,1832.26,1
CUST-01985,Female,0,No,No,8,Yes,Yes,DSL,Yes,No,No,Yes,Yes,Yes,Month-to-month,No,Electronic check,80.48,626.83,0
CUST-01986,Female,0,Yes,No,23,Yes,No,DSL,No,No,No,Yes,Yes,Yes,Month-to-month,No,Credit card (automatic),59.97,1354.92,1
CUST-01987,Female,0,No,No,23,Yes,No,No,No internet service,No internet service,No internet service,No internet service,No internet service,No internet service,One year,No,Bank transfer (automatic),26.11,595.16,0
CUST-01988,Male,0,Yes,No,44,Yes,Yes,Fiber optic,No,No,Yes,No,Yes,Yes,Month-to-month,Yes,Electronic check,93.98,4203.63,1
CUST-01989,Male,0,No,Yes,24,Yes,Yes,No,No internet service,No internet service,No internet service,No internet service,No internet service,No internet service,One year,No,Electronic check,18.0,411.04,0
CUST-01990,Female,0,Yes,Yes,30,Yes,Yes,DSL,No,No,Yes,No,Yes,Yes,Two year,No,Electronic check,66.45,2052.11,0
CUST-01991,Male,0,No,No,24,Yes,Yes,No,No internet service,No internet service,No internet service,No internet service,No internet service,No internet service,Month-to-month,Yes,Credit card (automatic),23.65,544.7,0
CUST-01992,Male,0,No,No,72,Yes,Yes,No,No internet service,No internet service,No internet service,No internet service,No internet service,No internet service,One year,No,Electronic check,19.52,1358.6,0
CUST-01993,Male,0,No,No,50,Yes,No,No,No internet service,No internet service,No internet service,No internet service,No internet service,No internet service,Two year,Yes,Electronic check,19.04,961.25,0
CUST-01994,Male,0,Yes,No,45,Yes,Yes,DSL,Yes,Yes,No,No,No,No,Two year,Yes,Electronic check,18.0,772.87,0
CUST-01995,Male,1,No,No,31,Yes,Yes,DSL,No,No,No,No,Yes,No,One year,No,Mailed check,66.43,2129.59,0
CUST-01996,Female,0,Yes,No,24,Yes,No,No,No internet service,No internet service,No internet service,No internet service,No internet service,No internet service,Month-to-month,No,Bank transfer (automatic),23.85,588.37,0
CUST-01997,Male,0,Yes,Yes,13,No,No phone service,DSL,No,Yes,No,No,No,No,Month-to-month,No,Electronic check,62.74,834.1,1
CUST-01998,Male,0,No,No,49,Yes,Yes,Fiber optic,No,Yes,Yes,No,Yes,No,Month-to-month,No,Electronic check,63.68,3010.02,1
CUST-01999,Male,0,No,No,6,Yes,Yes,Fiber optic,No,No,Yes,No,Yes,No,Two year,Yes,Credit card (automatic),82.93,486.49,0
CUST-02000,Male,0,No,Yes,1,No,No phone service,No,No internet service,No internet service,No internet service,No internet service,No internet service,No internet service,Month-to-month,No,Bank transfer (automatic),19.25,19.78,1
CUST-02001,Female,0,No,No,38,No,No phone service,Fiber optic,No,Yes,No,No,No,Yes,One year,No,Electronic check,118.04,4453.71,0
CUST-02002,Female,0,Yes,Yes,5,Yes,No,Fiber optic,No,No,No,No,No,No,One year,Yes,Mailed check,76.36,380.91,1
CUST-02003,Female,0,No,No,72,Yes,Yes,Fiber optic,No,Yes,No,No,No,Yes,Month-to-month,No,Electronic check,48.36,3359.05,0
CUST-02004,Female,0,Yes,No,47,Yes,No,Fiber optic,Yes,No,No,No,No,Yes,Month-to-month,Yes,Credit card (automatic),51.92,2545.67,1
CUST-02005,Male,0,No,No,29,Yes,Yes,Fiber optic,No,No,No,Yes,No,Yes,Two year,No,Mailed check,68.71,2089.79,0
CUST-02006,Female,1,No,No,12,Yes,No,Fiber optic,No,No,No,No,No,Yes,One year,No,Electronic check,69.82,857.11,1
CUST-02007,Male,0,No,No,32,No,No phone service,DSL,No,Yes,No,Yes,No,No,Month-to-month,Yes,Bank transfer (automatic),69.77,2284.18,0
CUST-02008,Male,0,Yes,No,20,Yes,No,No,No internet service,No internet service,No internet service,No internet service,No internet service,No internet service,Month-to-month,No,Electronic check,19.06,369.04,0
CUST-02009,Male,0,No,No,11,Yes,No,DSL,No,No,Yes,No,Yes,No,Month-to-month,No,Mailed check,54.84,595.94,0
CUST-02010,Male,0,Yes,No,72,Yes,No,Fiber optic,No,Yes,No,No,Yes,No,Month-to-month,Yes,Credit card (automatic),76.38,5395.06,1
CUST-02011,Male,1,Yes,Yes,5,Yes,Yes,DSL,Yes,No,No,No,Yes,No,Month-to-month,Yes,Mailed check,65.11,314.1,1
CUST-02012,Female,0,Yes,Yes,44,Yes,No,DSL,No,Yes,Yes,Yes,Yes,No,Month-to-month,Yes,Mailed check,52.72,2270.35,0
CUST-02013,Female,0,No,No,51,Yes,No,Fiber optic,No,No,No,No,No,No,Month-to-month,Yes,Electronic check,91.71,4860.4,1
CUST-02014,Female,0,Yes,No,72,Yes,Yes,Fiber optic,Yes,Yes,No,No,No,No,Month-to-month,No,Bank transfer (automatic),31.59,2235.68,0
CUST-02015,Female,0,Yes,Yes,25,Yes,Yes,Fiber optic,No,Yes,Yes,Yes,No,No,Month-to-month,Yes,Electronic check,61.8,1509.08,1
CUST-02016,Male,0,Yes,No,24,Yes,No,DSL,No,No,No,No,No,No,Two year,No,Electronic check,34.05,830.76,1
CUST-02017,Female,0,Yes,No,72,Yes,No,No,No internet service,No internet service,No internet service,No internet service,No internet service,No internet service,Two year,Yes,Credit card (automatic),18.77,1316.92,0
CUST-02018,Male,0,No,No,51,Yes,No,Fiber optic,No,No,Yes,No,Yes,No,Month-to-month,Yes,Electronic check,90.5,4802.0,1
CUST-02019,Female,1,No,No,46,No,No phone service,Fiber optic,No,Yes,No,No,No,No,Month-to-month,Yes,Credit card (automatic),78.7,3509.11,1
CUST-02020,Male,0,Yes,No,49,Yes,Yes,DSL,No,No,No,No,Yes,Yes,Two year,Yes,Bank transfer (automatic),42.59,2179.22,0
CUST-02021,Male,0,No,No,21,Yes,Yes,DSL,No,No,No,No,No,Yes,Two year,Yes,Electronic check,66.56,1432.66,0
CUST-02022,Female,0,No,No,1,Yes,Yes,Fiber optic,Yes,Yes,No,No,No,No,Month-to-month,Yes,Electronic check,72.09,72.86,0
CUST-02023,Male,0,No,Yes,7,Yes,No,Fiber optic,No,No,Yes,No,Yes,No,One year,No,Bank transfer (automatic),67.86,470.22,0
CUST-02024,Male,0,No,No,32,Yes,No,Fiber optic,Yes,No,Yes,No,No,No,Month-to-month,No,Bank transfer (automatic),66.14,2071.06,1
CUST-02025,Female,0,Yes,No,16,Yes,Yes,DSL,No,No,No,No,No,Yes,Two year,No,Bank transfer (automatic),52.83,857.79,0
CUST-02026,Male,0,No,Yes,29,Yes,No,Fiber optic,No,No,No,Yes,No,Yes,Two year,Yes,Bank transfer (automatic),84.18,2382.07,0
CUST-02027,Female,0,Yes,No,25,Yes,No,Fiber optic,No,Yes,No,Yes,No,No,One year,Yes,Mailed check,60.25,1543.43,0
CUST-02028,Female,1,Yes,No,18,Yes,No,DSL,No,No,No,Yes,Yes,Yes,Two year,Yes,Electronic check,36.89,695.07,0
CUST-02029,Female,0,No,No,8,Yes,Yes,DSL,No,Yes,Yes,No,No,Yes,Month-to-month,Yes,Mailed check,73.11,572.0,0
CUST-02030,Male,0,No,Yes,40,Yes,Yes,No,No internet service,No internet service,No internet service,No internet service,No internet service,No internet service,Month-to-month,Yes,Bank transfer (automatic),18.0,718.31,0
CUST-02031,Male,0,Yes,No,72,Yes,No,DSL,No,No,No,Yes,No,No,Month-to-month,Yes,Bank transfer (automatic),53.72,3838.81,0
CUST-02032,Male,1,Yes,Yes,47,Yes,No,Fiber optic,No,No,No,Yes,Yes,Yes,Month-to-month,No,Electronic check,44.85,2100.69,0
CUST-02033,Female,0,No,No,4,No,No phone service,DSL,No,Yes,No,No,No,No,Two year,No,Electronic check,71.99,285.68,0
CUST-02034,Male,0,No,No,24,Yes,No,Fiber optic,No,Yes,No,Yes,Yes,Yes,One year,No,Credit card (automatic),65.54,1568.17,0
CUST-02035,Female,0,No,No,57,Yes,No,Fiber optic,Yes,No,No,No,No,Yes,Two year,No,Credit card (automatic),72.92,4013.11,0
CUST-02036,Female,1,Yes,No,28,Yes,Yes,DSL,Yes,Yes,No,No,Yes,Yes,Month-to-month,No,Credit card (automatic),65.93,1802.96,1
CUST-02037,Male,1,No,Yes,18,Yes,Yes,DSL,Yes,Yes,Yes,Yes,No,Yes,Two year,Yes,Electronic check,60.11,1117.82,0
CUST-02038,Female,0,Yes,No,10,Yes,Yes,No,No internet service,No internet service,No internet service,No internet service,No internet service,No internet service,Month-to-month,Yes,Electronic check,20.4,197.25,0
CUST-02039,Male,0,Yes,No,12,Yes,Yes,Fiber optic,No,No,No,Yes,No,No,Month-to-month,Yes,Mailed check,111.07,1318.14,1
CUST-02040,Male,0,Yes,No,8,Yes,No,DSL,No,Yes,Yes,No,Yes,Yes,One year,No,Mailed check,52.97,407.75,0
CUST-02041,Male,0,No,No,6,Yes,No,Fiber optic,No,Yes,No,Yes,Yes,No,Month-to-month,Yes,Electronic check,67.08,382.99,0
CUST-02042,Male,0,No,No,28,Yes,Yes,No,No internet service,No internet service,No internet service,No internet service,No internet service,No internet service,Two year,Yes,Bank transfer (automatic),22.52,643.5,0
CUST-02043,Male,0,No,Yes,22,Yes,Yes,Fiber optic,No,No,No,No,No,No,Month-to-month,Yes,Electronic check,50.36,1098.04,1
CUST-02044,Female,1,No,No,42,Yes,No,Fiber optic,No,No,No,Yes,No,Yes,Month-to-month,Yes,Electronic check,97.58,4272.99,0
CUST-02045,Female,0,Yes,No,11,Yes,No,DSL,No,Yes,No,No,No,Yes,Two year,No,Bank transfer (automatic),42.65,481.3,0
CUST-02046,Female,0,Yes,No,19,Yes,Yes,Fiber optic,No,No,No,Yes,Yes,No,Month-to-month,No,Electronic check,80.22,1579.26,1
CUST-02047,Male,0,Yes,No,36,Yes,Yes,No,No internet service,No internet service,No internet service,No internet service,No internet service,No internet service,Month-to-month,No,Mailed check,19.48,689.85,0
CUST-02048,Male,0,No,No,72,Yes,No,Fiber optic,No,No,No,Yes,No,No,Month-to-month,No,Electronic check,61.86,4519.02,0
CUST-02049,Male,0,No,No,13,Yes,Yes,No,No internet service,No internet service,No internet service,No internet service,No internet service,No internet service,Month-to-month,Yes,Mailed check,20.3,251.33,0
CUST-02050,Female,0,No,No,11,Yes,No,No,No internet service,No internet service,No internet service,No internet service,No internet service,No internet service,Month-to-month,Yes,Credit card (automatic),19.43,217.81,0
CUST-02051,Male,0,No,Yes,19,Yes,No,Fiber optic,Yes,No,Yes,Yes,No,No,Two year,No,Bank transfer (automatic),64.54,1214.05,0
CUST-02052,Female,1,No,No,41,Yes,No,Fiber optic,Yes,Yes,No,Yes,No,Yes,Two year,Yes,Credit card (automatic),78.22,3146.26,0
CUST-02053,Female,0,No,No,72,Yes,No,No,No internet service,No internet service,No internet service,No internet service,No internet service,No internet service,Month-to-month,Yes,Bank transfer (automatic),18.0,1347.53,0
CUST-02054,Male,0,No,No,24,No,No phone service,Fiber optic,No,No,No,Yes,Yes,No,Month-to-month,No,Bank transfer (automatic),52.57,1324.08,0
CUST-02055,Male,0,No,No,53,Yes,Yes,Fiber optic,Yes,No,Yes,Yes,No,No,Two year,No,Credit card (automatic),61.06,3286.95,0
CUST-02056,Female,0,No,No,19,Yes,Yes,Fiber optic,No,No,No,No,No,No,One year,Yes,Electronic check,53.61,997.73,1
CUST-02057,Male,0,No,No,1,Yes,No,Fiber optic,No,Yes,No,Yes,No,No,Two year,No,Mailed check,74.65,77.55,0
CUST-02058,Female,0,No,No,71,No,No phone service,Fiber optic,No,Yes,No,No,No,Yes,One year,Yes,Credit card (automatic),95.34,6990.12,0
CUST-02059,Male,0,Yes,Yes,10,Yes,No,Fiber optic,No,Yes,Yes,No,No,Yes,Two year,Yes,Electronic check,92.21,960.74,0
CUST-02060,Male,0,Yes,No,4,Yes,Yes,No,No internet service,No internet service,No internet service,No internet service,No internet service,No internet service,Two year,No,Bank transfer (automatic),20.36,80.07,0
CUST-02061,Female,0,Yes,Yes,72,Yes,No,No,No internet service,No internet service,No internet service,No internet service,No internet service,No internet service,Two year,No,Credit card (automatic),18.41,1288.75,0
CUST-02062,Male,0,Yes,Yes,13,Yes,No,Fiber optic,No,Yes,No,No,Yes,No,Month-to-month,Yes,Credit card (automatic),94.84,1234.69,0
CUST-02063,Female,0,No,No,4,Yes,No,Fiber optic,No,No,Yes,No,Yes,No,Month-to-month,No,Credit card (automatic),63.08,264.05,1
CUST-02064,Male,1,Yes,No,11,Yes,No,No,No internet service,No internet service,No internet service,No internet service,No internet service,No internet service,One year,Yes,Bank transfer (automatic),26.58,282.04,0
CUST-02065,Female,0,Yes,Yes,23,Yes,No,DSL,No,No,No,No,No,No,Month-to-month,Yes,Bank transfer (automatic),58.1,1349.69,0
CUST-02066,Female,0,Yes,Yes,2,Yes,Yes,DSL,No,Yes,No,Yes,Yes,Yes,Month-to-month,Yes,Mailed check,66.91,128.44,1
CUST-02067,Male,1,No,No,13,Yes,Yes,Fiber optic,No,No,No,No,No,No,Two year,Yes,Electronic check,98.28,1253.21,1
CUST-02068,Female,0,Yes,Yes,35,Yes,Yes,DSL,No,No,No,No,No,No,Month-to-month,Yes,Credit card (automatic),39.71,1340.78,0
CUST-02069,Male,0,Yes,Yes,72,Yes,No,No,No internet service,No internet service,No internet service,No internet service,No internet service,No internet service,Month-to-month,Yes,Credit card (automatic),19.94,1378.47,0
CUST-02070,Male,1,Yes,Yes,16,Yes,Yes,No,No internet service,No internet service,No internet service,No internet service,No internet service,No internet service,Month-to-month,Yes,Mailed check,23.75,398.58,0
CUST-02071,Male,0,Yes,Yes,26,Yes,No,Fiber optic,Yes,No,Yes,Yes,No,Yes,Month-to-month,No,Mailed check,65.59,1643.43,0
CUST-02072,Female,1,No,No,32,Yes,No,DSL,No,No,No,No,No,No,Two year,Yes,Mailed check,59.68,1858.51,0
CUST-02073,Female,1,Yes,Yes,2,Yes,No,DSL,No,No,No,No,No,No,Two year,Yes,Mailed check,58.38,113.18,0
CUST-02074,Male,0,No,No,13,Yes,Yes,DSL,No,No,Yes,No,Yes,Yes,Two year,No,Credit card (automatic),63.74,860.6,0
CUST-02075,Male,0,No,No,36,Yes,No,DSL,No,No,No,No,No,No,Month-to-month,Yes,Mailed check,71.4,2541.06,0
CUST-02076,Female,0,No,No,42,Yes,Yes,No,No internet service,No internet service,No internet service,No internet service,No internet service,No internet service,Month-to-month,Yes,Credit card (automatic),21.48,863.2,0
CUST-02077,Male,0,Yes,No,14,Yes,No,Fiber optic,No,No,No,Yes,No,Yes,Month-to-month,Yes,Bank transfer (automatic),61.0,856.13,1
CUST-02078,Male,0,Yes,Yes,1,Yes,Yes,DSL,No,No,No,No,No,Yes,Month-to-month,Yes,Credit card (automatic),51.96,50.23,1
CUST-02079,Female,0,Yes,Yes,1,Yes,No,Fiber optic,Yes,No,Yes,No,No,No,One year,No,Bank transfer (automatic),67.89,69.1,0
CUST-02080,Male,0,Yes,No,24,Yes,Yes,No,No internet service,No internet service,No internet service,No internet service,No internet service,No internet service,Month-to-month,Yes,Mailed check,24.82,591.53,1
CUST-02081,Female,0,No,No,25,Yes,No,DSL,Yes,Yes,No,No,No,No,Month-to-month,Yes,Credit card (automatic),55.69,1404.06,0
CUST-02082,Male,0,Yes,No,25,Yes,No,Fiber optic,No,Yes,No,No,Yes,Yes,Month-to-month,Yes,Electronic check,53.83,1406.17,0
CUST-02083,Female,0,Yes,No,40,Yes,Yes,DSL,Yes,No,Yes,No,Yes,No,Month-to-month,Yes,Credit card (automatic),49.2,1993.14,0
CUST-02084,Male,0,No,Yes,72,Yes,No,Fiber optic,No,Yes,No,No,Yes,No,Two year,Yes,Electronic check,84.7,5835.2,0
CUST-02085,Male,0,No,No,72,Yes,No,DSL,No,Yes,No,No,Yes,No,Month-to-month,Yes,Bank transfer (automatic),61.87,4581.91,0
CUST-02086,Female,1,Yes,No,38,No,No phone service,No,No internet service,No internet service,No internet service,No internet service,No internet service,No internet service,Month-to-month,No,Electronic check,18.86,738.59,1
CUST-02087,Male,1,Yes,No,23,Yes,No,No,No internet service,No internet service,No internet service,No internet service,No internet service,No internet service,Month-to-month,No,Electronic check,27.13,648.44,0
CUST-02088,Female,0,Yes,No,4,Yes,No,Fiber optic,No,No,No,No,No,No,Month-to-month,No,Mailed check,75.71,299.23,1
CUST-02089,Male,1,No,No,15,Yes,Yes,DSL,No,Yes,No,No,No,No,Month-to-month,No,Electronic check,20.84,303.94,0
CUST-02090,Female,0,No,No,27,Yes,Yes,No,No internet service,No internet service,No internet service,No internet service,No internet service,No internet service,One year,No,Credit card (automatic),18.0,488.6,0
CUST-02091,Female,0,No,No,72,Yes,No,Fiber optic,Yes,No,No,No,Yes,No,One year,Yes,Bank transfer (automatic),96.07,7003.2,0
CUST-02092,Female,0,No,No,4,No,No phone service,Fiber optic,No,No,Yes,No,No,No,Month-to-month,Yes,Credit card (automatic),70.32,282.12,1
CUST-02093,Female,0,No,No,50,Yes,No,Fiber optic,Yes,No,No,Yes,No,Yes,Month-to-month,Yes,Credit card (automatic),81.24,4162.13,1
CUST-02094,Male,1,Yes,Yes,72,Yes,Yes,Fiber optic,No,Yes,Yes,No,No,Yes,Two year,Yes,Bank transfer (automatic),55.65,4009.05,0
CUST-02095,Male,0,Yes,No,52,Yes,No,DSL,Yes,No,No,No,Yes,No,Two year,No,Electronic check,67.14,3653.07,0
CUST-02096,Female,0,No,No,46,Yes,No,DSL,No,Yes,No,No,Yes,Yes,Month-to-month,No,Bank transfer (automatic),61.34,2787.36,0
CUST-02097,Female,0,No,No,9,Yes,No,DSL,Yes,No,No,No,No,No,Month-to-month,Yes,Bank transfer (automatic),61.97,536.23,1
CUST-02098,Female,0,Yes,Yes,1,Yes,No,DSL,No,No,Yes,No,Yes,No,Month-to-month,Yes,Electronic check,68.24,67.95,1
CUST-02099,Male,0,No,Yes,8,Yes,No,No,No internet service,No internet service,No internet service,No internet service,No internet service,No internet service,One year,No,Mailed check,18.0,141.1,0
CUST-02100,Male,0,No,No,49,Yes,No,DSL,No,No,No,Yes,Yes,Yes,Two year,Yes,Bank transfer (automatic),36.19,1711.97,0
CUST-02101,Male,0,Yes,No,3,Yes,Yes,No,No internet service,No internet service,No internet service,No internet service,No internet service,No internet service,One year,Yes,Mailed check,25.19,75.94,0
CUST-02102,Male,0,No,No,11,Yes,No,DSL,No,Yes,No,No,Yes,No,Month-to-month,Yes,Electronic check,59.3,644.01,1
CUST-02103,Female,0,Yes,No,26,Yes,No,No,No internet service,No internet service,No internet service,No internet service,No internet service,No internet service,One year,Yes,Mailed check,19.52,492.07,0
CUST-02104,Female,0,No,No,27,Yes,Yes,DSL,Yes,Yes,No,Yes,Yes,No,Two year,No,Electronic check,35.55,967.65,0
CUST-02105,Female,0,Yes,No,25,Yes,No,Fiber optic,No,No,No,No,No,Yes,Month-to-month,Yes,Credit card (automatic),79.28,2023.61,1
CUST-02106,Male,0,No,No,72,Yes,No,Fiber optic,No,No,No,No,No,No,Two year,No,Bank transfer (automatic),64.67,4512.88,0
CUST-02107,Male,0,No,No,1,Yes,No,DSL,No,Yes,No,Yes,Yes,No,One year,Yes,Mailed check,65.77,68.43,0
CUST-02108,Male,0,Yes,No,21,Yes,Yes,Fiber optic,No,Yes,No,No,Yes,Yes,Month-to-month,No,Credit card (automatic),68.05,1438.37,1
CUST-02109,Female,0,No,No,22,Yes,No,No,No internet service,No internet service,No internet service,No internet service,No internet service,No internet service,Month-to-month,Yes,Mailed check,19.77,417.27,0
CUST-02110,Female,0,No,Yes,11,Yes,Yes,DSL,No,Yes,No,No,No,Yes,Month-to-month,No,Bank transfer (automatic),63.5,696.99,1
CUST-02111,Male,1,No,No,23,No,No phone service,No,No internet service,No internet service,No internet service,No internet service,No internet service,No internet service,One year,No,Mailed check,21.92,513.52,0
CUST-02112,Female,0,Yes,No,35,Yes,No,Fiber optic,No,No,No,Yes,Yes,Yes,One year,Yes,Electronic check,81.19,2704.19,1
CUST-02113,Male,0,No,No,35,Yes,Yes,Fiber optic,No,Yes,No,No,No,No,Month-to-month,Yes,Mailed check,70.44,2363.1,0
CUST-02114,Male,1,Yes,Yes,2,Yes,No,Fiber optic,Yes,Yes,No,No,No,No,Month-to-month,No,Electronic check,75.08,153.74,1
CUST-02115,Female,0,Yes,No,51,Yes,No,No,No internet service,No internet service,No internet service,No internet service,No internet service,No internet service,Two year,Yes,Electronic check,24.37,1214.13,0
CUST-02116,Male,0,Yes,No,72,Yes,Yes,DSL,No,No,No,No,Yes,No,Month-to-month,No,Bank transfer (automatic),55.92,3968.48,0
CUST-02117,Female,0,Yes,Yes,4,Yes,No,DSL,No,No,No,No,No,Yes,Month-to-month,No,Electronic check,51.07,200.58,0
CUST-02118,Male,0,No,No,17,No,No phone service,No,No internet service,No internet service,No internet service,No internet service,No internet service,No internet service,Month-to-month,Yes,Electronic check,19.58,327.67,0
CUST-02119,Female,0,Yes,Yes,22,Yes,Yes,No,No internet service,No internet service,No internet service,No internet service,No internet service,No internet service,Month-to-month,No,Bank transfer (automatic),18.09,399.17,0
CUST-02120,Female,1,Yes,Yes,4,No,No phone service,DSL,No,No,No,No,No,No,Two year,Yes,Credit card (automatic),63.28,243.01,1
CUST-02121,Female,0,No,No,22,Yes,No,DSL,No,Yes,Yes,No,No,No,Month-to-month,Yes,Bank transfer (automatic),42.6,967.77,0
CUST-02122,Male,0,No,Yes,7,Yes,Yes,No,No internet service,No internet service,No internet service,No internet service,No internet service,No internet service,Month-to-month,No,Credit card (automatic),19.61,134.69,1
CUST-02123,Male,1,No,No,72,Yes,No,Fiber optic,No,No,No,Yes,Yes,No,One year,No,Credit card (automatic),62.91,4640.15,0
CUST-02124,Female,1,Yes,Yes,19,Yes,Yes,Fiber optic,No,No,No,No,Yes,No,One year,Yes,Mailed check,68.48,1319.89,0
CUST-02125,Female,0,No,No,72,Yes,No,No,No internet service,No internet service,No internet service,No internet service,No internet service,No internet service,Month-to-month,No,Bank transfer (automatic),22.08,1625.34,0
CUST-02126,Male,0,Yes,No,1,Yes,No,DSL,No,No,No,No,Yes,No,Month-to-month,Yes,Electronic check,71.85,72.45,1
CUST-02127,Male,0,No,No,4,Yes,No,DSL,Yes,No,No,No,Yes,No,Month-to-month,No,Bank transfer (automatic),72.7,288.44,0
CUST-02128,Male,0,No,No,18,Yes,Yes,Fiber optic,No,No,Yes,No,No,Yes,Two year,Yes,Credit card (automatic),76.33,1313.0,0
CUST-02129,Female,0,No,No,66,Yes,Yes,Fiber optic,Yes,Yes,Yes,No,Yes,Yes,One year,Yes,Credit card (automatic),85.29,5592.95,0
CUST-02130,Male,1,Yes,No,25,Yes,No,DSL,Yes,Yes,No,No,No,Yes,Two year,Yes,Mailed check,42.44,1009.1,0
CUST-02131,Male,0,Yes,Yes,42,Yes,No,No,No internet service,No internet service,No internet service,No internet service,No internet service,No internet service,Month-to-month,Yes,Credit card (automatic),18.0,718.2,0
CUST-02132,Female,0,Yes,Yes,17,Yes,Yes,No,No internet service,No internet service,No internet service,No internet service,No internet service,No internet service,Month-to-month,Yes,Credit card (automatic),21.05,348.83,0
CUST-02133,Male,0,Yes,No,1,Yes,No,DSL,Yes,No,No,No,Yes,No,One year,No,Electronic check,65.5,67.37,0
CUST-02134,Male,0,Yes,Yes,33,Yes,Yes,DSL,No,No,No,No,No,Yes,Month-to-month,No,Bank transfer (automatic),62.18,1997.87,0
CUST-02135,Male,0,No,Yes,32,Yes,No,Fiber optic,No,No,No,Yes,No,No,One year,Yes,Credit card (automatic),42.76,1398.72,0
CUST-02136,Female,0,Yes,No,2,Yes,Yes,DSL,No,Yes,No,No,No,No,Month-to-month,Yes,Electronic check,76.59,153.98,1
CUST-02137,Female,0,No,Yes,5,No,No phone service,Fiber optic,Yes,Yes,No,Yes,No,No,Month-to-month,Yes,Electronic check,78.5,401.23,1
CUST-02138,Female,0,Yes,Yes,20,Yes,No,DSL,No,Yes,No,No,No,Yes,One year,No,Bank transfer (automatic),40.84,786.52,0
CUST-02139,Female,0,Yes,Yes,18,Yes,Yes,Fiber optic,No,No,Yes,No,No,No,Month-to-month,Yes,Electronic check,77.78,1363.29,1
CUST-02140,Female,0,No,No,44,Yes,No,Fiber optic,Yes,No,No,No,Yes,Yes,Two year,Yes,Bank transfer (automatic),60.42,2706.14,0
CUST-02141,Female,0,No,Yes,15,No,No phone service,No,No internet service,No internet service,No internet service,No internet service,No internet service,No internet service,Two year,No,Electronic check,19.84,306.21,0
CUST-02142,Female,0,Yes,No,34,Yes,No,Fiber optic,Yes,Yes,Yes,No,No,No,One year,Yes,Mailed check,44.82,1535.65,0
CUST-02143,Male,0,Yes,Yes,39,Yes,No,Fiber optic,Yes,Yes,Yes,Yes,Yes,No,Month-to-month,Yes,Credit card (automatic),70.15,2605.02,0
CUST-02144,Male,0,No,No,33,Yes,No,No,No internet service,No internet service,No internet service,No internet service,No internet service,No internet service,Two year,Yes,Credit card (automatic),18.0,621.13,0
CUST-02145,Female,0,Yes,Yes,29,Yes,No,Fiber optic,No,No,Yes,No,Yes,Yes,Month-to-month,No,Electronic check,82.4,2450.59,0
CUST-02146,Male,0,Yes,No,52,Yes,No,No,No internet service,No internet service,No internet service,No internet service,No internet service,No internet service,Month-to-month,No,Bank transfer (automatic),21.96,1197.74,0
CUST-02147,Male,0,No,No,34,Yes,No,DSL,No,No,Yes,No,No,Yes,Month-to-month,No,Mailed check,31.45,1065.03,0
CUST-02148,Female,0,Yes,No,57,Yes,Yes,Fiber optic,No,Yes,Yes,No,Yes,Yes,One year,Yes,Credit card (automatic),95.27,5163.33,0
CUST-02149,Male,1,Yes,Yes,32,Yes,No,Fiber optic,No,No,Yes,No,No,No,Two year,No,Electronic check,54.58,1701.43,0
CUST-02150,Male,0,No,No,5,No,No phone service,No,No internet service,No internet service,No internet service,No internet service,No internet service,No internet service,Two year,No,Mailed check,22.31,106.88,0
CUST-02151,Male,0,No,No,11,Yes,Yes,DSL,No,No,Yes,Yes,No,Yes,Two year,Yes,Mailed check,69.73,798.77,0
CUST-02152,Male,0,Yes,No,12,Yes,Yes,No,No internet service,No internet service,No internet service,No internet service,No internet service,No internet service,Two year,No,Bank transfer (automatic),20.48,248.95,0
CUST-02153,Male,0,No,Yes,3,Yes,No,DSL,No,Yes,Yes,No,No,Yes,Month-to-month,No,Electronic check,48.07,144.65,0
CUST-02154,Female,1,Yes,No,37,Yes,Yes,Fiber optic,No,No,No,No,No,Yes,Month-to-month,No,Credit card (automatic),89.13,3236.21,1
CUST-02155,Female,0,No,No,28,Yes,No,Fiber optic,Yes,No,No,No,Yes,Yes,Month-to-month,No,Bank transfer (automatic),89.57,2441.14,1
CUST-02156,Female,0,No,No,28,Yes,Yes,DSL,Yes,No,Yes,No,No,No,One year,No,Credit card (automatic),38.26,1098.66,1
CUST-02157,Male,0,Yes,No,20,Yes,Yes,DSL,No,No,No,No,No,Yes,Month-to-month,No,Bank transfer (automatic),55.82,1089.72,0
CUST-02158,Female,0,Yes,Yes,25,No,No phone service,Fiber optic,No,No,Yes,No,Yes,No,One year,Yes,Electronic check,87.1,2205.92,0
CUST-02159,Male,0,Yes,No,1,Yes,No,DSL,Yes,No,Yes,No,No,Yes,Two year,No,Electronic check,50.12,49.71,0
CUST-02160,Male,0,No,No,3,Yes,No,Fiber optic,Yes,No,No,No,No,No,Month-to-month,No,Mailed check,58.29,176.77,1
CUST-02161,Male,0,No,Yes,36,Yes,No,DSL,Yes,No,No,Yes,Yes,No,Month-to-month,Yes,Credit card (automatic),86.39,3106.15,0
CUST-02162,Male,0,Yes,No,9,Yes,Yes,DSL,Yes,Yes,No,No,No,No,Month-to-month,Yes,Credit card (automatic),68.4,597.34,0
CUST-02163,Female,1,Yes,Yes,3,Yes,No,DSL,No,Yes,No,No,Yes,No,Two year,Yes,Credit card (automatic),66.23,193.94,0
CUST-02164,Female,1,Yes,No,12,No,No phone service,DSL,No,No,Yes,No,Yes,No,Month-to-month,No,Mailed check,39.94,498.58,1
CUST-02165,Male,0,Yes,No,9,Yes,Yes,Fiber optic,No,Yes,No,Yes,Yes,No,Two year,No,Electronic check,98.26,840.84,1
CUST-02166,Female,0,Yes,Yes,1,Yes,No,DSL,No,Yes,No,No,No,No,Two year,Yes,Electronic check,60.79,58.52,0
CUST-02167,Male,0,No,No,16,Yes,Yes,No,No internet service,No internet service,No internet service,No internet service,No internet service,No internet service,Month-to-month,Yes,Credit card (automatic),25.0,387.83,1
CUST-02168,Female,0,No,No,1,Yes,Yes,DSL,No,No,No,No,No,No,Two year,No,Electronic check,71.84,68.48,0
CUST-02169,Female,1,No,No,1,Yes,Yes,Fiber optic,No,No,Yes,No,Yes,No,Month-to-month,No,Electronic check,65.99,65.73,1
CUST-02170,Male,0,No,Yes,50,Yes,No,DSL,Yes,No,No,No,No,No,Month-to-month,Yes,Bank transfer (automatic),45.61,2276.57,0
CUST-02171,Female,0,No,No,12,Yes,No,No,No internet service,No internet service,No internet service,No internet service,No internet service,No internet service,Month-to-month,Yes,Electronic check,24.94,292.63,1
CUST-02172,Male,0,No,No,26,Yes,No,DSL,No,No,No,No,No,Yes,Two year,No,Bank transfer (automatic),63.59,1646.34,0
CUST-02173,Female,0,No,No,11,Yes,Yes,DSL,No,Yes,No,Yes,Yes,No,Month-to-month,Yes,Electronic check,31.5,350.54,0
CUST-02174,Male,1,Yes,No,72,Yes,No,DSL,Yes,Yes,No,No,Yes,No,Month-to-month,Yes,Electronic check,30.08,2077.4,0
CUST-02175,Male,1,Yes,Yes,41,Yes,Yes,DSL,No,No,Yes,No,No,No,One year,No,Electronic check,31.48,1284.23,0
CUST-02176,Female,0,Yes,No,14,Yes,No,No,No internet service,No internet service,No internet service,No internet service,No internet service,No internet service,Month-to-month,Yes,Bank transfer (automatic),24.21,330.3,0
CUST-02177,Female,0,No,Yes,7,Yes,No,DSL,No,Yes,No,No,No,Yes,Month-to-month,Yes,Mailed check,51.72,366.65,1
CUST-02178,Male,1,No,No,4,No,No phone service,DSL,No,Yes,No,No,Yes,No,Two year,No,Electronic check,51.35,213.15,0
CUST-02179,Female,1,Yes,No,45,Yes,No,DSL,Yes,No,No,Yes,No,No,Month-to-month,Yes,Electronic check,53.13,2465.36,1
CUST-02180,Female,0,No,No,19,Yes,Yes,No,No internet service,No internet service,No internet service,No internet service,No internet service,No internet service,Month-to-month,Yes,Credit card (automatic),18.46,350.11,0
CUST-02181,Male,0,No,No,8,No,No phone service,Fiber optic,No,Yes,Yes,No,No,Yes,Month-to-month,Yes,Bank transfer (automatic),97.54,746.24,0
CUST-02182,Male,0,Yes,No,72,Yes,Yes,Fiber optic,No,Yes,No,No,No,Yes,Two year,No,Bank transfer (automatic),78.26,5719.91,0
CUST-02183,Female,0,Yes,Yes,15,No,No phone service,Fiber optic,Yes,No,No,Yes,Yes,No,Month-to-month,Yes,Mailed check,102.97,1621.14,0
CUST-02184,Male,1,Yes,Yes,25,Yes,Yes,No,No internet service,No internet service,No internet service,No internet service,No internet service,No internet service,Month-to-month,No,Mailed check,23.8,602.91,1
CUST-02185,Male,0,Yes,No,62,Yes,Yes,Fiber optic,Yes,Yes,No,No,Yes,No,Two year,Yes,Credit card (automatic),76.92,4544.49,0
CUST-02186,Male,1,No,No,57,Yes,No,Fiber optic,No,No,No,No,No,Yes,Month-to-month,No,Credit card (automatic),66.87,3669.46,1
CUST-02187,Female,0,No,No,32,No,No phone service,DSL,Yes,No,No,Yes,Yes,Yes,One year,No,Electronic check,85.23,2686.5,0
CUST-02188,Female,0,No,No,70,Yes,No,DSL,No,No,Yes,Yes,No,Yes,Two year,No,Credit card (automatic),71.91,5163.21,0
CUST-02189,Male,0,No,Yes,72,Yes,Yes,DSL,No,Yes,No,Yes,Yes,No,Month-to-month,No,Bank transfer (automatic),55.25,3852.01,0
CUST-02190,Female,0,No,No,72,No,No phone service,DSL,Yes,Yes,No,No,No,Yes,Month-to-month,Yes,Mailed check,78.23,5379.45,0
CUST-02191,Male,0,No,No,13,Yes,No,Fiber optic,Yes,No,No,No,No,No,Month-to-month,Yes,Mailed check,66.7,870.02,1
CUST-02192,Female,0,No,No,16,Yes,Yes,DSL,No,No,No,Yes,No,Yes,One year,No,Credit card (automatic),48.11,760.44,0
CUST-02193,Male,0,No,No,8,Yes,No,DSL,No,No,Yes,Yes,No,No,Month-to-month,Yes,Credit card (automatic),52.48,409.62,1
CUST-02194,Male,0,No,No,58,Yes,No,DSL,Yes,Yes,No,No,No,No,One year,Yes,Electronic check,62.88,3577.49,0
CUST-02195,Female,0,Yes,No,4,Yes,Yes,No,No internet service,No internet service,No internet service,No internet service,No internet service,No internet service,Month-to-month,Yes,Mailed check,20.93,87.17,0
CUST-02196,Male,0,No,Yes,14,Yes,No,Fiber optic,No,No,No,No,No,No,Month-to-month,No,Credit card (automatic),95.37,1355.6,1
CUST-02197,Female,0,Yes,No,1,Yes,No,No,No internet service,No internet service,No internet service,No internet service,No internet service,No internet service,Month-to-month,No,Bank transfer (automatic),20.45,21.32,0
CUST-02198,Female,0,No,Yes,28,Yes,Yes,Fiber optic,No,No,No,No,No,No,Month-to-month,No,Credit card (automatic),106.25,2854.94,1
CUST-02199,Male,0,Yes,No,34,No,No phone service,Fiber optic,No,Yes,No,No,No,No,Month-to-month,No,Bank transfer (automatic),88.14,2942.38,0
CUST-02200,Male,0,Yes,No,9,No,No phone service,DSL,Yes,No,Yes,Yes,No,Yes,Month-to-month,No,Mailed check,59.65,537.79,0
CUST-02201,Female,0,No,No,42,Yes,Yes,DSL,No,No,Yes,No,Yes,No,Two year,Yes,Bank transfer (automatic),83.32,3556.12,0
CUST-02202,Male,0,Yes,No,15,Yes,Yes,DSL,No,Yes,No,No,No,Yes,Month-to-month,Yes,Bank transfer (automatic),77.89,1159.66,0
CUST-02203,Male,0,Yes,Yes,11,Yes,No,DSL,No,No,Yes,Yes,Yes,No,Two year,Yes,Bank transfer (automatic),59.99,633.43,0
CUST-02204,Male,0,Yes,No,72,Yes,No,DSL,Yes,Yes,No,No,Yes,No,Month-to-month,No,Bank transfer (automatic),65.48,4791.5,0
CUST-02205,Male,1,No,No,28,Yes,No,Fiber optic,No,Yes,No,No,Yes,No,Month-to-month,Yes,Credit card (automatic),82.02,2398.33,1
CUST-02206,Male,0,No,No,9,Yes,No,Fiber optic,Yes,No,Yes,Yes,No,Yes,Two year,Yes,Electronic check,89.95,843.14,1
CUST-02207,Female,0,No,No,72,Yes,Yes,Fiber optic,Yes,Yes,No,Yes,Yes,No,Month-to-month,No,Credit card (automatic),93.7,6600.23,0
CUST-02208,Female,0,No,Yes,15,Yes,No,Fiber optic,Yes,Yes,Yes,No,No,No,One year,Yes,Mailed check,90.58,1405.51,0
CUST-02209,Male,0,Yes,No,33,Yes,Yes,DSL,No,No,No,Yes,Yes,No,Month-to-month,Yes,Credit card (automatic),42.4,1430.53,0
CUST-02210,Male,0,Yes,Yes,41,Yes,Yes,DSL,No,No,No,No,No,No,Month-to-month,No,Bank transfer (automatic),67.05,2785.24,0
CUST-02211,Male,0,Yes,No,17,Yes,No,DSL,Yes,Yes,No,Yes,No,No,One year,Yes,Credit card (automatic),52.88,937.01,0
CUST-02212,Female,0,No,No,24,Yes,No,No,No internet service,No internet service,No internet service,No internet service,No internet service,No internet service,Month-to-month,No,Mailed check,19.56,446.78,0
CUST-02213,Male,0,No,No,8,Yes,Yes,DSL,No,No,No,No,Yes,Yes,One year,Yes,Electronic check,64.09,536.6,0
CUST-02214,Female,0,Yes,No,20,Yes,Yes,Fiber optic,No,No,Yes,No,No,No,One year,No,Bank transfer (automatic),88.6,1849.25,0
CUST-02215,Female,0,Yes,No,11,Yes,Yes,Fiber optic,Yes,No,Yes,No,No,No,Month-to-month,Yes,Bank transfer (automatic),90.93,1042.2,1
CUST-02216,Female,0,Yes,No,25,Yes,Yes,No,No internet service,No internet service,No internet service,No internet service,No internet service,No internet service,Two year,Yes,Bank transfer (automatic),23.94,600.63,0
CUST-02217,Male,0,No,No,35,Yes,No,Fiber optic,Yes,No,No,No,No,Yes,Month-to-month,Yes,Bank transfer (automatic),61.64,2070.92,0
CUST-02218,Female,0,Yes,No,30,Yes,Yes,DSL,No,No,Yes,No,Yes,No,Month-to-month,Yes,Electronic check,82.53,2474.38,0
CUST-02219,Male,0,Yes,No,47,No,No phone service,No,No internet service,No internet service,No internet service,No internet service,No internet service,No internet service,Two year,Yes,Credit card (automatic),21.62,1047.22,0
CUST-02220,Female,0,Yes,Yes,1,Yes,No,DSL,No,No,Yes,No,Yes,Yes,Month-to-month,Yes,Electronic check,57.7,57.24,1
CUST-02221,Male,0,No,No,2,Yes,No,No,No internet service,No internet service,No internet service,No internet service,No internet service,No internet service,Two year,No,Mailed check,18.07,35.19,0
CUST-02222,Female,0,No,No,7,Yes,No,Fiber optic,No,Yes,Yes,Yes,Yes,No,One year,Yes,Mailed check,84.32,613.81,0
CUST-02223,Male,0,Yes,No,72,Yes,No,Fiber optic,No,No,No,Yes,No,No,One year,No,Credit card (automatic),70.04,4911.69,0
CUST-02224,Female,0,No,No,51,Yes,No,Fiber optic,No,No,No,Yes,Yes,Yes,One year,No,Bank transfer (automatic),73.51,3916.08,0
CUST-02225,Male,0,No,Yes,72,Yes,No,DSL,No,No,No,Yes,No,Yes,Month-to-month,Yes,Bank transfer (automatic),45.48,3186.08,0
CUST-02226,Male,0,No,No,10,No,No phone service,Fiber optic,No,No,No,No,No,No,One year,Yes,Electronic check,60.81,592.13,0
CUST-02227,Male,0,Yes,Yes,27,Yes,Yes,No,No internet service,No internet service,No internet service,No internet service,No internet service,No internet service,Two year,Yes,Electronic check,18.0,502.27,0
CUST-02228,Male,0,No,No,25,Yes,Yes,Fiber optic,Yes,Yes,Yes,No,Yes,No,Month-to-month,No,Mailed check,72.41,1758.21,0
CUST-02229,Female,1,No,No,26,Yes,Yes,No,No internet service,No internet service,No internet service,No internet service,No internet service,No internet service,Month-to-month,No,Electronic check,22.77,583.07,0
CUST-02230,Female,0,Yes,No,40,Yes,Yes,DSL,No,No,No,No,No,Yes,Month-to-month,No,Bank transfer (automatic),56.72,2281.39,0
CUST-02231,Male,0,No,No,16,Yes,No,DSL,No,Yes,No,No,No,Yes,Month-to-month,Yes,Electronic check,50.52,823.97,1
CUST-02232,Female,1,Yes,No,36,Yes,Yes,No,No internet service,No internet service,No internet service,No internet service,No internet service,No internet service,One year,No,Credit card (automatic),20.68,718.04,0
CUST-02233,Male,0,Yes,Yes,49,Yes,Yes,Fiber optic,Yes,No,No,No,No,Yes,One year,No,Credit card (automatic),68.24,3433.4,0
CUST-02234,Male,0,Yes,No,10,No,No phone service,No,No internet service,No internet service,No internet service,No internet service,No internet service,No internet service,Month-to-month,Yes,Bank transfer (automatic),18.0,179.07,1
CUST-02235,Female,0,Yes,No,72,Yes,Yes,DSL,No,No,Yes,No,Yes,Yes,One year,Yes,Mailed check,48.91,3660.87,0
CUST-02236,Male,0,Yes,Yes,23,No,No phone service,Fiber optic,No,No,Yes,No,No,Yes,Month-to-month,No,Electronic check,76.52,1787.35,1
CUST-02237,Male,0,Yes,Yes,42,Yes,Yes,DSL,No,Yes,No,Yes,No,Yes,Month-to-month,No,Bank transfer (automatic),45.26,1849.62,1
CUST-02238,Female,0,No,No,41,Yes,Yes,Fiber optic,No,No,Yes,No,Yes,No,Two year,No,Bank transfer (automatic),100.67,4067.9,0
CUST-02239,Male,0,No,No,26,Yes,No,Fiber optic,Yes,Yes,Yes,No,No,No,Month-to-month,No,Credit card (automatic),61.7,1651.94,1
CUST-02240,Male,0,Yes,No,12,Yes,No,Fiber optic,Yes,No,Yes,No,Yes,Yes,Month-to-month,No,Mailed check,74.94,884.0,0
CUST-02241,Male,1,No,No,35,Yes,No,Fiber optic,No,Yes,Yes,No,No,No,Month-to-month,No,Electronic check,65.96,2223.37,0
CUST-02242,Male,1,No,No,2,Yes,No,DSL,Yes,No,No,No,No,Yes,One year,Yes,Electronic check,43.15,90.42,0
CUST-02243,Female,0,Yes,No,72,Yes,No,Fiber optic,No,No,Yes,No,Yes,No,Month-to-month,No,Electronic check,62.57,4702.79,1
CUST-02244,Female,0,Yes,Yes,6,Yes,Yes,No,No internet service,No internet service,No internet service,No internet service,No internet service,No internet service,Two year,Yes,Electronic check,21.99,129.16,0
CUST-02245,Female,0,No,No,10,Yes,Yes,Fiber optic,Yes,No,Yes,No,No,No,Two year,Yes,Electronic check,88.14,869.54,0
CUST-02246,Male,1,No,No,72,Yes,Yes,Fiber optic,No,Yes,Yes,No,Yes,Yes,Month-to-month,No,Electronic check,50.95,3804.22,1
CUST-02247,Male,0,Yes,Yes,6,Yes,No,No,No internet service,No internet service,No internet service,No internet service,No internet service,No internet service,Month-to-month,No,Bank transfer (automatic),20.21,115.24,0
CUST-02248,Female,0,Yes,Yes,5,Yes,No,DSL,Yes,No,Yes,No,No,No,Two year,No,Electronic check,56.69,280.21,0
CUST-02249,Male,0,No,No,52,Yes,Yes,Fiber optic,No,No,Yes,Yes,Yes,No,Two year,Yes,Bank transfer (automatic),77.42,3846.96,0
CUST-02250,Male,0,No,No,9,Yes,No,Fiber optic,Yes,No,Yes,No,No,Yes,One year,Yes,Mailed check,106.38,992.4,1
CUST-02251,Male,0,Yes,No,3,Yes,Yes,Fiber optic,No,No,No,Yes,No,Yes,Month-to-month,Yes,Bank transfer (automatic),97.62,292.08,0
CUST-02252,Male,0,No,No,8,Yes,Yes,Fiber optic,No,No,No,No,No,Yes,Month-to-month,Yes,Electronic check,61.35,514.88,1
CUST-02253,Female,0,Yes,No,70,Yes,No,Fiber optic,No,No,No,No,No,Yes,Month-to-month,Yes,Electronic check,57.23,3884.03,1
CUST-02254,Female,0,Yes,No,10,Yes,No,No,No internet service,No internet service,No internet service,No internet service,No internet service,No internet service,Month-to-month,Yes,Electronic check,20.39,200.42,0
CUST-02255,Female,0,Yes,No,38,Yes,No,Fiber optic,Yes,No,No,No,No,No,Month-to-month,Yes,Credit card (automatic),95.5,3510.44,1
CUST-02256,Male,0,No,No,16,Yes,No,DSL,No,Yes,No,No,No,No,Two year,No,Mailed check,59.63,908.6,0
CUST-02257,Female,1,Yes,No,9,Yes,Yes,DSL,No,Yes,Yes,Yes,No,Yes,One year,Yes,Bank transfer (automatic),54.05,507.79,1
CUST-02258,Female,1,Yes,No,4,Yes,No,No,No internet service,No internet service,No internet service,No internet service,No internet service,No internet service,Month-to-month,Yes,Credit card (automatic),26.9,110.45,1
CUST-02259,Male,1,No,No,72,Yes,No,DSL,Yes,No,No,No,No,Yes,Month-to-month,No,Bank transfer (automatic),55.16,4101.11,1
CUST-02260,Male,1,No,No,23,Yes,Yes,Fiber optic,No,No,No,No,Yes,No,Month-to-month,No,Electronic check,60.63,1379.01,0
CUST-02261,Female,0,Yes,No,3,Yes,Yes,DSL,No,Yes,No,No,No,No,One year,Yes,Mailed check,61.97,193.7,0
CUST-02262,Female,0,Yes,No,7,Yes,Yes,No,No internet service,No internet service,No internet service,No internet service,No internet service,No internet service,Month-to-month,Yes,Credit card (automatic),18.0,120.82,1
CUST-02263,Female,0,No,No,16,Yes,No,No,No internet service,No internet service,No internet service,No internet service,No internet service,No internet service,Month-to-month,Yes,Bank transfer (automatic),21.61,332.95,0
CUST-02264,Female,1,No,No,25,Yes,Yes,Fiber optic,No,No,No,No,Yes,Yes,Month-to-month,No,Electronic check,60.9,1513.89,1
CUST-02265,Male,0,Yes,No,6,Yes,No,Fiber optic,No,Yes,No,No,No,Yes,One year,Yes,Credit card (automatic),75.47,436.66,1
CUST-02266,Female,0,No,No,10,Yes,Yes,Fiber optic,No,No,No,No,Yes,No,Month-to-month,No,Mailed check,86.42,831.02,1
CUST-02267,Female,0,Yes,Yes,48,Yes,Yes,Fiber optic,No,No,Yes,No,No,No,Month-to-month,Yes,Bank transfer (automatic),71.26,3429.92,0
CUST-02268,Male,0,No,No,17,Yes,No,Fiber optic,No,No,No,No,Yes,No,Two year,No,Bank transfer (automatic),101.2,1668.48,0
CUST-02269,Female,0,Yes,No,1,Yes,No,DSL,Yes,No,No,No,No,Yes,One year,No,Mailed check,61.46,63.37,0
CUST-02270,Male,0,No,No,1,Yes,No,DSL,No,Yes,No,No,Yes,Yes,Month-to-month,Yes,Bank transfer (automatic),51.21,53.24,1
CUST-02271,Male,0,Yes,No,18,No,No phone service,DSL,No,No,Yes,No,No,No,Two year,Yes,Credit card (automatic),82.39,1512.28,0
CUST-02272,Male,0,No,No,1,Yes,Yes,DSL,No,Yes,No,No,No,No,Month-to-month,No,Mailed check,59.18,57.61,0
CUST-02273,Female,0,No,No,6,Yes,Yes,Fiber optic,No,No,No,No,Yes,No,Month-to-month,No,Electronic check,72.25,445.58,1
CUST-02274,Female,0,Yes,Yes,41,Yes,Yes,No,No internet service,No internet service,No internet service,No internet service,No internet service,No internet service,Two year,Yes,Bank transfer (automatic),20.83,815.59,0
CUST-02275,Male,1,No,Yes,20,Yes,No,Fiber optic,No,Yes,No,No,No,No,Two year,Yes,Electronic check,85.89,1741.01,1
CUST-02276,Female,0,Yes,No,21,Yes,Yes,DSL,No,Yes,Yes,No,Yes,No,Month-to-month,Yes,Electronic check,58.44,1279.55,1
CUST-02277,Female,0,No,No,29,Yes,Yes,Fiber optic,No,Yes,Yes,No,No,No,Two year,Yes,Mailed check,85.31,2497.96,0
CUST-02278,Male,0,No,No,49,Yes,Yes,DSL,No,No,No,Yes,Yes,Yes,Month-to-month,No,Mailed check,41.83,2135.63,1
CUST-02279,Male,0,No,No,5,Yes,Yes,DSL,Yes,Yes,No,No,Yes,No,Two year,No,Electronic check,41.42,210.08,0
CUST-02280,Female,0,No,No,6,No,No phone service,Fiber optic,No,No,Yes,Yes,Yes,No,Month-to-month,Yes,Electronic check,61.49,379.51,1
CUST-02281,Male,0,No,No,4,Yes,No,Fiber optic,No,Yes,No,No,No,No,Month-to-month,No,Electronic check,64.49,256.75,0
CUST-02282,Female,0,Yes,Yes,72,No,No phone service,DSL,No,No,No,No,No,Yes,Month-to-month,Yes,Mailed check,68.91,5024.88,1
CUST-02283,Female,0,Yes,No,27,Yes,Yes,DSL,Yes,No,No,No,No,No,Two year,Yes,Electronic check,79.21,2042.39,0
CUST-02284,Female,0,No,No,3,Yes,No,DSL,Yes,No,No,No,No,Yes,Two year,Yes,Bank transfer (automatic),59.44,169.91,0
CUST-02285,Female,0,No,No,7,Yes,Yes,DSL,No,Yes,Yes,No,No,No,Two year,Yes,Bank transfer (automatic),59.88,403.85,0
CUST-02286,Male,0,No,No,41,Yes,No,No,No internet service,No internet service,No internet service,No internet service,No internet service,No internet service,Month-to-month,Yes,Bank transfer (automatic),18.89,776.19,1
CUST-02287,Male,0,No,No,1,Yes,No,Fiber optic,Yes,No,Yes,No,No,No,Month-to-month,Yes,Electronic check,90.95,93.73,0
CUST-02288,Male,0,Yes,Yes,41,Yes,Yes,DSL,No,Yes,No,No,No,Yes,Month-to-month,No,Bank transfer (automatic),61.56,2608.16,0
CUST-02289,Male,1,Yes,Yes,72,Yes,No,Fiber optic,Yes,No,No,Yes,No,Yes,Month-to-month,Yes,Mailed check,87.16,6555.68,0
CUST-02290,Female,0,Yes,No,1,Yes,No,No,No internet service,No internet service,No internet service,No internet service,No internet service,No internet service,Month-to-month,Yes,Electronic check,18.66,18.26,0
CUST-02291,Female,0,No,No,6,Yes,Yes,Fiber optic,No,No,No,No,Yes,Yes,One year,No,Mailed check,101.2,632.59,0
CUST-02292,Male,0,Yes,No,1,Yes,No,DSL,No,Yes,No,No,No,Yes,Two year,No,Mailed check,77.86,80.34,1
CUST-02293,Female,0,Yes,No,3,Yes,Yes,Fiber optic,No,No,Yes,Yes,No,No,Month-to-month,Yes,Bank transfer (automatic),84.9,252.17,1
CUST-02294,Female,0,No,No,30,Yes,No,No,No internet service,No internet service,No internet service,No internet service,No internet service,No internet service,One year,Yes,Mailed check,18.15,539.03,0
CUST-02295,Female,0,No,No,1,Yes,No,Fiber optic,Yes,No,Yes,No,No,No,Two year,Yes,Bank transfer (automatic),65.33,67.19,0
CUST-02296,Male,0,No,No,17,Yes,Yes,Fiber optic,No,Yes,No,No,No,Yes,Month-to-month,Yes,Credit card (automatic),96.36,1654.09,0
CUST-02297,Male,0,No,No,22,Yes,No,DSL,No,No,Yes,No,No,Yes,One year,Yes,Credit card (automatic),57.16,1270.93,0
CUST-02298,Male,0,No,No,72,Yes,Yes,Fiber optic,Yes,No,No,Yes,Yes,No,Month-to-month,Yes,Electronic check,76.52,5392.87,0
CUST-02299,Female,0,Yes,Yes,20,Yes,No,Fiber optic,Yes,No,Yes,No,Yes,Yes,Two year,Yes,Mailed check,76.79,1581.48,0
CUST-02300,Male,0,No,No,4,Yes,Yes,No,No internet service,No internet service,No internet service,No internet service,No internet service,No internet service,Month-to-month,No,Electronic check,21.8,88.67,1
CUST-02301,Male,0,Yes,Yes,10,Yes,Yes,DSL,Yes,No,Yes,No,Yes,Yes,Month-to-month,Yes,Mailed check,72.65,700.54,0
CUST-02302,Male,1,No,No,35,No,No phone service,Fiber optic,No,No,No,No,Yes,Yes,Month-to-month,No,Bank transfer (automatic),95.18,3315.36,1
CUST-02303,Male,0,No,No,3,Yes,No,DSL,No,Yes,No,No,No,Yes,Two year,Yes,Electronic check,48.56,144.01,0
CUST-02304,Male,0,No,No,8,Yes,Yes,No,No internet service,No internet service,No internet service,No internet service,No internet service,No internet service,Month-to-month,Yes,Electronic check,22.28,186.02,0
CUST-02305,Male,0,Yes,Yes,72,Yes,No,DSL,No,No,No,No,Yes,Yes,Month-to-month,No,Electronic check,50.22,3624.41,0
CUST-02306,Female,0,Yes,Yes,1,Yes,Yes,DSL,Yes,No,Yes,No,No,No,One year,Yes,Mailed check,54.34,52.43,0
CUST-02307,Female,0,No,Yes,5,Yes,No,No,No internet service,No internet service,No internet service,No internet service,No internet service,No internet service,Month-to-month,Yes,Bank transfer (automatic),22.64,117.58,0
CUST-02308,Male,0,Yes,Yes,59,Yes,No,DSL,No,No,No,No,No,Yes,Month-to-month,No,Mailed check,53.49,3053.27,0
CUST-02309,Male,0,No,No,3,Yes,No,No,No internet service,No internet service,No internet service,No internet service,No internet service,No internet service,Month-to-month,No,Bank transfer (automatic),18.0,54.6,1
CUST-02310,Female,0,No,Yes,1,Yes,Yes,Fiber optic,Yes,No,No,No,No,No,Month-to-month,No,Bank transfer (automatic),75.11,74.4,0
CUST-02311,Female,1,No,No,4,Yes,No,No,No internet service,No internet service,No internet service,No internet service,No internet service,No internet service,Two year,Yes,Electronic check,19.5,75.21,1
CUST-02312,Male,0,No,No,37,Yes,Yes,No,No internet service,No internet service,No internet service,No internet service,No internet service,No internet service,One year,Yes,Electronic check,18.0,657.11,0
CUST-02313,Male,0,No,No,72,Yes,Yes,Fiber optic,No,No,No,No,Yes,Yes,Two year,Yes,Credit card (automatic),66.64,4605.77,0
CUST-02314,Male,1,Yes,No,28,Yes,No,Fiber optic,Yes,No,No,Yes,Yes,Yes,Month-to-month,Yes,Mailed check,62.01,1742.22,0
CUST-02315,Male,0,Yes,Yes,4,Yes,Yes,DSL,No,Yes,No,No,Yes,No,Month-to-month,Yes,Mailed check,71.81,295.76,1
CUST-02316,Female,0,No,No,6,Yes,No,DSL,No,Yes,Yes,No,Yes,No,Month-to-month,No,Bank transfer (automatic),68.42,414.71,0
CUST-02317,Male,0,No,No,24,Yes,No,Fiber optic,No,No,No,No,Yes,No,Month-to-month,No,Electronic check,76.87,1867.95,1
CUST-02318,Male,1,No,No,40,Yes,Yes,Fiber optic,No,No,No,Yes,No,Yes,Two year,No,Credit card (automatic),44.8,1790.65,0
CUST-02319,Male,0,No,No,34,Yes,Yes,No,No internet service,No internet service,No internet service,No internet service,No internet service,No internet service,One year,No,Bank transfer (automatic),19.06,625.1,0
CUST-02320,Male,0,Yes,No,27,Yes,Yes,DSL,No,No,No,Yes,No,No,Month-to-month,Yes,Electronic check,51.58,1430.83,0
CUST-02321,Female,0,Yes,No,72,Yes,No,No,No internet service,No internet service,No internet service,No internet service,No internet service,No internet service,Two year,No,Electronic check,19.12,1445.34,0
CUST-02322,Female,0,Yes,No,7,Yes,Yes,DSL,No,No,No,No,Yes,No,Month-to-month,No,Electronic check,37.41,255.24,1
CUST-02323,Female,0,No,No,6,Yes,Yes,No,No internet service,No internet service,No internet service,No internet service,No internet service,No internet service,Two year,No,Electronic check,18.79,117.43,0
CUST-02324,Male,0,Yes,No,62,Yes,No,DSL,Yes,Yes,No,No,Yes,No,Month-to-month,Yes,Electronic check,55.75,3308.98,0
CUST-02325,Male,0,Yes,Yes,10,Yes,No,DSL,No,No,No,No,No,Yes,Two year,No,Electronic check,73.19,720.36,0
CUST-02326,Female,0,No,No,12,Yes,No,No,No internet service,No internet service,No internet service,No internet service,No internet service,No internet service,Two year,No,Electronic check,21.8,267.56,0
CUST-02327,Male,0,Yes,No,25,Yes,No,Fiber optic,No,Yes,No,No,Yes,No,Month-to-month,Yes,Mailed check,72.83,1869.18,0
CUST-02328,Male,1,No,No,15,Yes,Yes,Fiber optic,No,No,Yes,No,Yes,Yes,One year,Yes,Electronic check,92.24,1434.93,1
CUST-02329,Female,1,No,No,10,Yes,Yes,No,No internet service,No internet service,No internet service,No internet service,No internet service,No internet service,Two year,Yes,Electronic check,19.06,195.84,0
CUST-02330,Female,0,Yes,Yes,72,Yes,No,DSL,No,Yes,Yes,Yes,No,No,Month-to-month,No,Mailed check,61.04,4372.11,0
CUST-02331,Female,0,Yes,No,4,Yes,Yes,DSL,No,No,Yes,No,Yes,No,Month-to-month,Yes,Bank transfer (automatic),63.66,253.17,0
CUST-02332,Female,0,No,No,16,Yes,No,Fiber optic,No,No,Yes,Yes,No,No,Two year,Yes,Credit card (automatic),51.02,776.58,0
CUST-02333,Male,0,Yes,Yes,1,Yes,No,Fiber optic,No,Yes,No,Yes,No,Yes,Month-to-month,No,Mailed check,68.34,71.62,1
CUST-02334,Male,0,Yes,No,52,Yes,Yes,No,No internet service,No internet service,No internet service,No internet service,No internet service,No internet service,Month-to-month,No,Electronic check,25.19,1316.2,0
CUST-02335,Female,0,Yes,Yes,5,Yes,Yes,DSL,No,No,No,No,No,No,Month-to-month,Yes,Bank transfer (automatic),70.96,362.93,1
CUST-02336,Male,1,Yes,Yes,47,Yes,Yes,Fiber optic,No,Yes,Yes,No,No,No,Month-to-month,No,Credit card (automatic),96.46,4405.87,1
CUST-02337,Female,0,No,No,5,Yes,No,Fiber optic,Yes,No,Yes,No,Yes,No,Two year,No,Credit card (automatic),51.22,258.99,0
CUST-02338,Female,0,Yes,No,17,Yes,No,No,No internet service,No internet service,No internet service,No internet service,No internet service,No internet service,Month-to-month,No,Bank transfer (automatic),19.88,350.53,1
CUST-02339,Male,0,No,Yes,41,Yes,Yes,Fiber optic,No,No,Yes,Yes,No,Yes,Two year,No,Bank transfer (automatic),109.76,4342.61,1
CUST-02340,Female,0,Yes,Yes,10,Yes,No,No,No internet service,No internet service,No internet service,No internet service,No internet service,No internet service,One year,No,Bank transfer (automatic),19.96,201.46,0
CUST-02341,Male,0,No,No,12,Yes,No,DSL,No,Yes,No,No,Yes,Yes,Two year,Yes,Electronic check,53.72,628.75,0
CUST-02342,Male,0,No,No,35,Yes,No,Fiber optic,No,Yes,No,No,No,No,Month-to-month,Yes,Mailed check,88.43,3133.12,0
CUST-02343,Male,0,No,No,6,Yes,No,No,No internet service,No internet service,No internet service,No internet service,No internet service,No internet service,Month-to-month,No,Bank transfer (automatic),18.0,106.2,0
CUST-02344,Male,1,No,No,72,Yes,Yes,No,No internet service,No internet service,No internet service,No internet service,No internet service,No internet service,Month-to-month,No,Electronic check,20.31,1513.61,0
CUST-02345,Female,0,Yes,Yes,6,Yes,No,DSL,No,Yes,No,Yes,No,No,Month-to-month,No,Credit card (automatic),51.48,314.62,1
CUST-02346,Male,1,No,No,44,Yes,No,No,No internet service,No internet service,No internet service,No internet service,No internet service,No internet service,One year,No,Electronic check,18.0,771.91,0
CUST-02347,Female,0,Yes,No,51,Yes,Yes,No,No internet service,No internet service,No internet service,No internet service,No internet service,No internet service,One year,Yes,Electronic check,22.64,1105.42,0
CUST-02348,Female,0,Yes,No,15,Yes,No,No,No internet service,No internet service,No internet service,No internet service,No internet service,No internet service,Month-to-month,Yes,Electronic check,18.53,275.83,0
CUST-02349,Female,0,No,No,5,Yes,Yes,Fiber optic,No,Yes,No,Yes,No,Yes,Month-to-month,Yes,Mailed check,64.97,335.21,1
CUST-02350,Female,0,Yes,No,5,Yes,No,Fiber optic,No,Yes,No,Yes,Yes,Yes,Month-to-month,No,Mailed check,97.26,483.4,1
CUST-02351,Male,0,No,No,72,No,No phone service,No,No internet service,No internet service,No internet service,No internet service,No internet service,No internet service,Month-to-month,No,Electronic check,21.7,1578.14,0
CUST-02352,Male,0,Yes,Yes,41,Yes,No,No,No internet service,No internet service,No internet service,No internet service,No internet service,No internet service,One year,Yes,Bank transfer (automatic),20.05,803.75,0
CUST-02353,Female,0,No,No,19,Yes,No,DSL,No,Yes,No,Yes,No,Yes,Month-to-month,Yes,Electronic check,87.21,1658.73,1
CUST-02354,Female,0,No,No,9,Yes,Yes,Fiber optic,No,No,No,No,No,Yes,Two year,Yes,Mailed check,115.07,1075.77,0
CUST-02355,Male,0,No,No,1,Yes,No,Fiber optic,Yes,No,No,No,No,No,One year,Yes,Mailed check,83.77,83.84,0
CUST-02356,Female,0,No,Yes,35,Yes,No,No,No internet service,No internet service,No internet service,No internet service,No internet service,No internet service,Two year,Yes,Credit card (automatic),18.0,655.45,0
CUST-02357,Male,0,No,No,72,Yes,No,Fiber optic,No,No,Yes,No,No,Yes,Month-to-month,No,Credit card (automatic),62.26,4580.54,0
CUST-02358,Female,0,No,Yes,3,No,No phone service,Fiber optic,No,No,Yes,No,No,Yes,Two year,No,Electronic check,70.51,215.19,0
CUST-02359,Male,0,Yes,Yes,44,Yes,No,DSL,No,No,Yes,No,No,Yes,One year,Yes,Mailed check,42.52,1943.51,0
CUST-02360,Female,1,No,Yes,5,Yes,Yes,No,No internet service,No internet service,No internet service,No internet service,No internet service,No internet service,Month-to-month,Yes,Credit card (automatic),25.04,121.54,1
CUST-02361,Female,0,Yes,No,50,Yes,Yes,DSL,Yes,No,No,No,No,No,Month-to-month,No,Electronic check,69.69,3607.25,0
CUST-02362,Male,0,Yes,No,14,Yes,Yes,DSL,No,No,No,No,No,No,Two year,No,Electronic check,56.22,765.06,0
CUST-02363,Female,0,Yes,Yes,39,No,No phone service,No,No internet service,No internet service,No internet service,No internet service,No internet service,No internet service,Month-to-month,No,Bank transfer (automatic),22.95,923.12,0
CUST-02364,Female,0,Yes,No,72,Yes,Yes,Fiber optic,No,No,Yes,No,No,Yes,Month-to-month,No,Mailed check,63.72,4493.48,0
CUST-02365,Male,0,No,No,30,Yes,No,DSL,Yes,Yes,No,Yes,No,No,Month-to-month,Yes,Credit card (automatic),101.3,3155.13,0
CUST-02366,Female,1,No,No,72,Yes,Yes,Fiber optic,No,Yes,No,No,No,No,Month-to-month,No,Bank transfer (automatic),72.94,5250.84,0
CUST-02367,Male,1,No,No,8,No,No phone service,DSL,No,No,No,No,No,Yes,Month-to-month,No,Mailed check,70.21,587.51,0
CUST-02368,Male,0,No,No,72,Yes,No,DSL,Yes,No,No,Yes,No,No,One year,No,Credit card (automatic),42.76,2948.83,0
CUST-02369,Female,0,Yes,No,65,Yes,Yes,DSL,No,Yes,No,No,No,Yes,Month-to-month,Yes,Mailed check,62.49,3866.15,0
CUST-02370,Female,0,Yes,Yes,3,Yes,Yes,Fiber optic,No,Yes,No,No,No,Yes,One year,No,Bank transfer (automatic),52.97,166.45,1
CUST-02371,Female,0,Yes,Yes,17,Yes,No,Fiber optic,Yes,No,No,No,No,No,Month-to-month,Yes,Credit card (automatic),98.19,1601.61,0
CUST-02372,Female,0,No,No,72,Yes,Yes,DSL,No,Yes,No,No,No,Yes,Month-to-month,No,Bank transfer (automatic),66.91,4919.7,0
CUST-02373,Female,0,Yes,No,2,Yes,No,Fiber optic,No,No,No,Yes,Yes,No,Month-to-month,No,Electronic check,78.65,156.9,1
CUST-02374,Female,0,No,No,19,No,No phone service,DSL,Yes,No,No,No,No,Yes,Two year,No,Mailed check,73.83,1441.5,0
CUST-02375,Female,0,No,No,41,Yes,No,DSL,No,Yes,No,No,No,No,Month-to-month,No,Mailed check,56.06,2218.62,0
CUST-02376,Male,0,No,No,1,Yes,Yes,No,No internet service,No internet service,No internet service,No internet service,No internet service,No internet service,Two year,No,Credit card (automatic),18.52,18.88,0
CUST-02377,Female,0,No,No,44,Yes,Yes,DSL,Yes,No,Yes,No,No,No,Month-to-month,No,Electronic check,65.18,2741.29,1
CUST-02378,Male,1,No,No,14,Yes,Yes,Fiber optic,No,No,No,No,No,No,One year,No,Bank transfer (automatic),80.37,1168.72,0
CUST-02379,Female,0,Yes,No,9,Yes,No,Fiber optic,No,No,Yes,No,Yes,Yes,One year,No,Electronic check,48.49,445.62,0
CUST-02380,Female,1,Yes,No,27,Yes,No,No,No internet service,No internet service,No internet service,No internet service,No internet service,No internet service,Month-to-month,Yes,Bank transfer (automatic),22.2,591.55,0
CUST-02381,Male,0,No,No,25,Yes,Yes,DSL,No,No,No,Yes,Yes,Yes,One year,Yes,Mailed check,57.82,1390.69,0
CUST-02382,Female,0,No,No,66,Yes,No,No,No internet service,No internet service,No internet service,No internet service,No internet service,No internet service,Month-to-month,No,Credit card (automatic),23.89,1565.81,0
CUST-02383,Female,1,No,No,36,Yes,No,No,No internet service,No internet service,No internet service,No internet service,No internet service,No internet service,One year,No,Mailed check,25.09,915.29,0
CUST-02384,Male,0,Yes,Yes,17,Yes,Yes,Fiber optic,No,Yes,Yes,No,No,Yes,Two year,Yes,Credit card (automatic),73.43,1272.52,0
CUST-02385,Female,0,No,No,33,No,No phone service,DSL,No,No,Yes,Yes,No,Yes,Month-to-month,Yes,Bank transfer (automatic),77.93,2578.02,0
CUST-02386,Female,0,Yes,Yes,44,Yes,Yes,DSL,No,Yes,No,No,No,Yes,One year,Yes,Mailed check,41.54,1797.93,0
CUST-02387,Female,0,Yes,Yes,72,Yes,No,DSL,Yes,No,No,No,No,No,Month-to-month,No,Electronic check,43.49,3033.39,0
CUST-02388,Male,0,Yes,Yes,38,Yes,No,Fiber optic,No,Yes,Yes,No,No,No,Month-to-month,No,Electronic check,103.48,3828.89,1
CUST-02389,Female,1,Yes,No,25,Yes,No,DSL,No,Yes,No,No,Yes,Yes,Month-to-month,Yes,Electronic check,65.4,1687.75,0
CUST-02390,Female,1,Yes,No,14,Yes,Yes,No,No internet service,No internet service,No internet service,No internet service,No internet service,No internet service,Month-to-month,No,Electronic check,18.97,273.51,0
CUST-02391,Female,1,Yes,Yes,71,Yes,No,Fiber optic,Yes,No,Yes,No,No,No,Month-to-month,No,Electronic check,90.11,6402.11,0
CUST-02392,Female,0,No,No,50,Yes,No,No,No internet service,No internet service,No internet service,No internet service,No internet service,No internet service,One year,Yes,Mailed check,19.26,993.43,0
CUST-02393,Male,0,No,No,2,Yes,Yes,DSL,Yes,No,No,No,No,No,Month-to-month,Yes,Credit card (automatic),38.83,81.45,0
CUST-02394,Male,0,No,No,38,Yes,No,Fiber optic,No,Yes,No,No,Yes,No,Two year,Yes,Bank transfer (automatic),66.63,2442.36,0
CUST-02395,Female,1,Yes,Yes,24,Yes,No,No,No internet service,No internet service,No internet service,No internet service,No internet service,No internet service,One year,No,Electronic check,20.19,474.52,0
CUST-02396,Female,0,No,No,3,Yes,Yes,DSL,No,Yes,No,No,No,Yes,One year,No,Bank transfer (automatic),62.47,192.12,0
CUST-02397,Male,0,Yes,No,26,Yes,No,Fiber optic,No,No,No,No,No,No,Month-to-month,Yes,Mailed check,84.71,2258.37,1
CUST-02398,Male,0,Yes,No,6,Yes,No,Fiber optic,No,No,No,No,No,No,Month-to-month,Yes,Bank transfer (automatic),97.86,578.99,1
CUST-02399,Female,0,No,No,39,Yes,Yes,Fiber optic,No,No,No,No,Yes,No,Two year,Yes,Bank transfer (automatic),85.97,3276.28,0
CUST-02400,Male,0,Yes,No,10,Yes,No,Fiber optic,No,No,No,No,Yes,No,Month-to-month,No,Electronic check,77.36,742.26,1
CUST-02401,Female,1,No,Yes,5,No,No phone service,DSL,Yes,No,No,No,Yes,Yes,Month-to-month,No,Credit card (automatic),75.58,365.69,1
CUST-02402,Male,1,No,No,2,Yes,No,Fiber optic,No,No,Yes,No,No,No,Month-to-month,Yes,Mailed check,114.18,237.02,1
CUST-02403,Male,0,No,No,21,Yes,No,Fiber optic,No,No,No,No,No,No,Month-to-month,No,Bank transfer (automatic),95.54,2035.13,1
CUST-02404,Male,0,No,No,7,Yes,No,Fiber optic,No,Yes,No,No,No,Yes,Two year,No,Mailed check,64.99,464.82,0
CUST-02405,Male,1,No,No,61,Yes,Yes,DSL,No,No,No,No,No,Yes,One year,Yes,Electronic check,48.75,2856.24,0
CUST-02406,Female,0,Yes,Yes,1,Yes,Yes,Fiber optic,No,No,No,No,No,Yes,Month-to-month,No,Bank transfer (automatic),78.95,79.83,1
CUST-02407,Male,0,No,No,59,Yes,No,DSL,No,No,No,No,Yes,No,Two year,Yes,Credit card (automatic),84.71,5174.12,0
CUST-02408,Male,0,Yes,No,23,Yes,Yes,DSL,Yes,Yes,No,No,Yes,Yes,One year,Yes,Bank transfer (automatic),64.64,1415.91,0
CUST-02409,Female,0,No,No,72,Yes,Yes,DSL,No,No,No,Yes,No,Yes,One year,Yes,Electronic check,47.95,3331.01,0
CUST-02410,Male,0,No,Yes,7,Yes,Yes,Fiber optic,No,No,No,No,No,No,Month-to-month,No,Bank transfer (automatic),72.92,485.6,0
CUST-02411,Male,0,Yes,Yes,3,Yes,Yes,Fiber optic,No,Yes,No,Yes,No,Yes,Month-to-month,Yes,Mailed check,112.52,347.83,1
CUST-02412,Female,0,No,No,31,Yes,No,Fiber optic,Yes,Yes,No,Yes,No,No,Month-to-month,Yes,Mailed check,83.82,2507.48,0
CUST-02413,Male,0,Yes,No,39,No,No phone service,DSL,No,Yes,No,No,Yes,No,One year,Yes,Credit card (automatic),58.81,2205.2,0
CUST-02414,Female,1,Yes,No,14,Yes,Yes,Fiber optic,No,Yes,No,No,No,No,Month-to-month,No,Bank transfer (automatic),57.37,774.01,1
CUST-02415,Female,0,No,No,1,Yes,Yes,DSL,No,No,No,Yes,Yes,No,Two year,No,Mailed check,93.3,92.6,0
CUST-02416,Female,1,Yes,Yes,16,Yes,No,DSL,Yes,Yes,No,No,No,No,Month-to-month,Yes,Mailed check,39.02,649.16,1
CUST-02417,Female,0,Yes,Yes,8,Yes,No,DSL,No,No,No,No,No,No,Month-to-month,No,Electronic check,48.46,377.21,0
CUST-02418,Male,0,Yes,No,13,Yes,No,No,No internet service,No internet service,No internet service,No internet service,No internet service,No internet service,Two year,Yes,Mailed check,19.42,248.88,0
CUST-02419,Female,0,No,No,22,Yes,No,No,No internet service,No internet service,No internet service,No internet service,No internet service,No internet service,Month-to-month,Yes,Mailed check,18.0,385.47,0
CUST-02420,Male,1,Yes,Yes,38,Yes,No,Fiber optic,No,No,No,No,Yes,No,Month-to-month,Yes,Electronic check,74.2,2816.27,0
CUST-02421,Male,0,Yes,Yes,72,Yes,Yes,DSL,No,Yes,No,No,No,No,Two year,Yes,Mailed check,44.39,3203.02,0
CUST-02422,Male,0,No,No,4,Yes,Yes,DSL,Yes,No,No,No,No,Yes,Month-to-month,Yes,Mailed check,64.33,247.37,0
CUST-02423,Male,0,Yes,No,36,Yes,No,No,No internet service,No internet service,No internet service,No internet service,No internet service,No internet service,Month-to-month,Yes,Bank transfer (automatic),20.78,784.91,0
CUST-02424,Male,0,Yes,Yes,8,Yes,No,DSL,No,Yes,No,Yes,No,Yes,Month-to-month,No,Bank transfer (automatic),60.31,504.43,0
CUST-02425,Male,0,No,No,7,Yes,No,Fiber optic,No,No,No,Yes,Yes,No,One year,Yes,Electronic check,75.15,519.8,1
CUST-02426,Male,1,No,Yes,32,Yes,No,DSL,No,No,No,Yes,No,No,Month-to-month,Yes,Electronic check,52.99,1734.2,1
CUST-02427,Male,1,No,No,47,Yes,No,Fiber optic,Yes,Yes,Yes,No,No,Yes,Two year,Yes,Electronic check,61.33,2964.03,0
CUST-02428,Male,0,Yes,No,72,Yes,Yes,Fiber optic,No,No,No,No,No,Yes,Month-to-month,No,Mailed check,64.12,4788.84,0
CUST-02429,Male,1,No,No,46,Yes,No,DSL,No,Yes,No,No,Yes,No,Month-to-month,Yes,Mailed check,59.52,2697.13,0
CUST-02430,Female,0,No,Yes,5,Yes,Yes,DSL,No,Yes,No,No,No,Yes,Month-to-month,No,Electronic check,50.96,265.84,0
CUST-02431,Female,0,Yes,No,8,Yes,Yes,Fiber optic,No,Yes,Yes,No,Yes,No,Month-to-month,Yes,Bank transfer (automatic),92.74,720.61,0
CUST-02432,Female,0,Yes,Yes,45,No,No phone service,No,No internet service,No internet service,No internet service,No internet service,No internet service,No internet service,Month-to-month,No,Bank transfer (automatic),21.62,1018.88,0
CUST-02433,Male,0,No,No,23,Yes,No,DSL,No,Yes,Yes,Yes,No,No,Two year,Yes,Credit card (automatic),72.93,1651.09,0
CUST-02434,Female,0,No,No,11,Yes,No,DSL,No,No,No,No,Yes,No,Month-to-month,Yes,Electronic check,50.62,534.54,0
CUST-02435,Female,1,No,No,20,Yes,No,No,No internet service,No internet service,No internet service,No internet service,No internet service,No internet service,Month-to-month,No,Mailed check,23.8,457.06,1
CUST-02436,Female,0,No,Yes,72,Yes,Yes,No,No internet service,No internet service,No internet service,No internet service,No internet service,No internet service,Two year,Yes,Bank transfer (automatic),18.0,1326.2,0
CUST-02437,Male,0,No,No,45,Yes,No,No,No internet service,No internet service,No internet service,No internet service,No internet service,No internet service,Month-to-month,Yes,Electronic check,21.71,955.98,0
CUST-02438,Male,0,No,No,19,Yes,Yes,DSL,No,No,No,No,No,Yes,Month-to-month,Yes,Credit card (automatic),63.74,1161.41,0
CUST-02439,Male,1,Yes,Yes,72,No,No phone service,No,No internet service,No internet service,No internet service,No internet service,No internet service,No internet service,Month-to-month,No,Credit card (automatic),26.65,1844.55,0
CUST-02440,Male,0,Yes,No,50,Yes,No,Fiber optic,Yes,No,No,No,No,No,Month-to-month,Yes,Electronic check,73.68,3837.49,1
CUST-02441,Female,0,No,No,1,Yes,No,Fiber optic,Yes,Yes,No,No,Yes,Yes,Month-to-month,Yes,Bank transfer (automatic),101.9,98.6,1
CUST-02442,Female,0,No,Yes,3,Yes,Yes,Fiber optic,No,No,Yes,No,Yes,No,Month-to-month,No,Electronic check,82.41,247.5,1
CUST-02443,Female,0,No,Yes,25,Yes,No,Fiber optic,Yes,Yes,No,No,No,Yes,Month-to-month,No,Credit card (automatic),57.73,1508.55,1
CUST-02444,Female,0,No,No,13,Yes,No,DSL,No,No,Yes,No,Yes,Yes,Month-to-month,No,Electronic check,71.49,940.69,1
CUST-02445,Male,0,No,No,53,Yes,Yes,DSL,No,No,Yes,No,No,No,Month-to-month,No,Credit card (automatic),60.21,3347.26,1
CUST-02446,Male,0,Yes,No,72,Yes,No,Fiber optic,No,No,No,No,No,No,Month-to-month,Yes,Credit card (automatic),78.5,5566.77,0
CUST-02447,Male,0,No,No,8,No,No phone service,DSL,No,No,Yes,No,Yes,No,Two year,Yes,Mailed check,65.51,541.65,0
CUST-02448,Female,0,Yes,No,46,Yes,Yes,DSL,Yes,Yes,No,No,Yes,No,One year,No,Bank transfer (automatic),48.86,2195.12,0
CUST-02449,Male,0,Yes,No,24,Yes,No,Fiber optic,Yes,No,No,Yes,Yes,No,Month-to-month,Yes,Electronic check,108.57,2581.37,1
CUST-02450,Male,0,Yes,No,15,No,No phone service,Fiber optic,No,No,No,No,Yes,No,Month-to-month,Yes,Mailed check,91.59,1344.01,1
CUST-02451,Female,1,No,No,49,Yes,Yes,DSL,Yes,No,Yes,Yes,Yes,Yes,One year,Yes,Electronic check,53.35,2539.82,1
CUST-02452,Female,0,No,No,26,Yes,No,Fiber optic,No,No,No,Yes,Yes,No,One year,Yes,Mailed check,61.76,1586.4,0
CUST-02453,Male,1,Yes,No,32,No,No phone service,No,No internet service,No internet service,No internet service,No internet service,No internet service,No internet service,One year,Yes,Electronic check,27.49,854.1,1
CUST-02454,Male,0,Yes,Yes,2,Yes,No,Fiber optic,No,Yes,No,No,No,No,Month-to-month,No,Mailed check,74.55,155.08,1
CUST-02455,Male,0,No,No,28,Yes,No,No,No internet service,No internet service,No internet service,No internet service,No internet service,No internet service,Month-to-month,Yes,Mailed check,19.55,542.59,0
CUST-02456,Male,0,No,Yes,11,Yes,No,DSL,Yes,Yes,Yes,No,No,Yes,Two year,No,Credit card (automatic),55.81,613.41,0
CUST-02457,Male,1,No,No,21,Yes,No,DSL,Yes,Yes,Yes,Yes,Yes,Yes,Two year,No,Mailed check,62.35,1339.48,0
CUST-02458,Male,0,No,No,8,Yes,Yes,Fiber optic,Yes,Yes,Yes,No,Yes,No,Month-to-month,Yes,Credit card (automatic),59.4,491.66,1
CUST-02459,Female,0,No,No,30,No,No phone service,No,No internet service,No internet service,No internet service,No internet service,No internet service,No internet service,Two year,Yes,Credit card (automatic),25.36,781.73,0
CUST-02460,Female,1,Yes,No,5,Yes,Yes,DSL,Yes,No,No,No,No,No,Month-to-month,Yes,Electronic check,65.75,332.65,1
CUST-02461,Female,0,Yes,Yes,4,Yes,Yes,DSL,No,No,Yes,No,Yes,Yes,Two year,Yes,Bank transfer (automatic),53.32,203.09,0
CUST-02462,Male,0,Yes,No,6,Yes,Yes,Fiber optic,No,No,Yes,No,Yes,No,Month-to-month,No,Bank transfer (automatic),65.89,376.88,1
CUST-02463,Female,0,No,No,54,Yes,Yes,Fiber optic,Yes,No,No,No,Yes,Yes,One year,Yes,Mailed check,91.33,4780.9,0
CUST-02464,Male,0,Yes,No,1,Yes,No,No,No internet service,No internet service,No internet service,No internet service,No internet service,No internet service,One year,No,Electronic check,22.96,23.98,0
CUST-02465,Male,0,No,No,41,Yes,No,Fiber optic,Yes,Yes,No,No,Yes,No,Month-to-month,No,Bank transfer (automatic),63.44,2578.3,0
CUST-02466,Female,0,Yes,Yes,1,Yes,No,Fiber optic,No,Yes,No,No,No,Yes,Month-to-month,Yes,Electronic check,63.29,62.7,1
CUST-02467,Male,0,Yes,No,28,Yes,Yes,Fiber optic,Yes,Yes,No,Yes,Yes,Yes,Month-to-month,No,Credit card (automatic),49.35,1388.23,0
CUST-02468,Male,0,Yes,Yes,47,Yes,No,No,No internet service,No internet service,No internet service,No internet service,No internet service,No internet service,Month-to-month,No,Credit card (automatic),20.67,972.57,0
CUST-02469,Female,1,Yes,Yes,8,Yes,Yes,DSL,Yes,No,No,No,Yes,Yes,Month-to-month,No,Mailed check,55.46,447.34,0
CUST-02470,Female,1,Yes,Yes,6,No,No phone service,DSL,No,No,No,Yes,No,No,Month-to-month,Yes,Mailed check,64.93,389.53,0
CUST-02471,Female,0,No,No,10,Yes,Yes,DSL,Yes,No,Yes,No,No,No,Month-to-month,No,Mailed check,64.29,629.71,0
CUST-02472,Male,0,Yes,Yes,38,Yes,Yes,Fiber optic,No,Yes,No,No,No,Yes,One year,Yes,Electronic check,75.86,2759.77,1
CUST-02473,Female,0,No,No,9,Yes,Yes,Fiber optic,Yes,No,Yes,No,No,No,Month-to-month,No,Electronic check,59.29,540.48,0
CUST-02474,Female,0,Yes,No,22,Yes,No,DSL,Yes,Yes,Yes,No,No,Yes,Month-to-month,Yes,Credit card (automatic),59.14,1262.42,0
CUST-02475,Male,0,No,No,4,Yes,Yes,DSL,No,No,No,No,No,No,One year,No,Mailed check,77.72,314.05,0
CUST-02476,Female,0,No,No,19,Yes,No,Fiber optic,Yes,Yes,Yes,No,Yes,No,Month-to-month,Yes,Bank transfer (automatic),94.25,1822.8,0
CUST-02477,Female,0,No,No,31,Yes,Yes,No,No internet service,No internet service,No internet service,No internet service,No internet service,No internet service,Month-to-month,No,Bank transfer (automatic),18.83,575.87,0
CUST-02478,Female,0,Yes,Yes,2,Yes,No,DSL,No,Yes,No,No,No,Yes,Month-to-month,No,Credit card (automatic),39.67,80.06,0
CUST-02479,Male,0,Yes,Yes,54,Yes,No,Fiber optic,No,No,No,No,No,No,One year,Yes,Electronic check,62.59,3272.36,0
CUST-02480,Male,1,No,No,72,Yes,Yes,DSL,Yes,Yes,No,No,Yes,No,Month-to-month,Yes,Credit card (automatic),72.61,5046.83,0
CUST-02481,Male,0,Yes,No,6,Yes,Yes,Fiber optic,No,No,Yes,No,No,No,Two year,Yes,Mailed check,83.46,482.31,1
CUST-02482,Male,0,No,No,45,Yes,No,DSL,No,No,Yes,No,Yes,No,Two year,Yes,Credit card (automatic),33.76,1449.28,0
CUST-02483,Female,0,Yes,No,12,Yes,No,DSL,No,Yes,No,No,Yes,Yes,Month-to-month,Yes,Mailed check,70.18,850.44,1
CUST-02484,Male,0,No,No,36,Yes,No,Fiber optic,No,No,Yes,Yes,No,No,Two year,Yes,Electronic check,71.87,2514.65,0
CUST-02485,Male,0,Yes,Yes,11,Yes,Yes,DSL,No,Yes,No,No,No,Yes,Month-to-month,Yes,Electronic check,58.89,619.83,0
CUST-02486,Female,0,No,No,63,Yes,No,No,No internet service,No internet service,No internet service,No internet service,No internet service,No internet service,Month-to-month,No,Credit card (automatic),22.32,1434.28,0
CUST-02487,Female,0,No,No,13,Yes,Yes,No,No internet service,No internet service,No internet service,No internet service,No internet service,No internet service,Month-to-month,Yes,Electronic check,21.61,271.0,1
CUST-02488,Female,0,Yes,No,60,No,No phone service,Fiber optic,Yes,Yes,No,No,Yes,Yes,Month-to-month,No,Mailed check,57.34,3476.01,0
CUST-02489,Male,0,Yes,Yes,46,Yes,No,Fiber optic,No,Yes,No,No,No,Yes,Two year,No,Mailed check,101.81,4708.91,1
CUST-02490,Male,0,Yes,No,6,Yes,No,DSL,No,No,Yes,No,Yes,No,One year,No,Mailed check,80.16,493.05,1
CUST-02491,Male,1,No,No,5,Yes,No,DSL,No,Yes,No,No,No,No,Month-to-month,No,Mailed check,42.11,216.57,0
CUST-02492,Female,0,Yes,Yes,48,Yes,No,DSL,Yes,No,Yes,Yes,No,Yes,Month-to-month,No,Mailed check,66.53,3171.55,0
CUST-02493,Female,0,Yes,No,15,Yes,No,DSL,No,No,Yes,Yes,No,No,Two year,Yes,Electronic check,48.37,727.97,0
CUST-02494,Male,1,No,No,72,Yes,No,Fiber optic,Yes,Yes,Yes,Yes,No,No,Month-to-month,No,Credit card (automatic),120.0,8486.22,0
CUST-02495,Female,0,Yes,No,72,Yes,Yes,Fiber optic,No,No,Yes,No,No,Yes,Month-to-month,No,Mailed check,66.27,4550.99,0
CUST-02496,Female,0,Yes,No,37,Yes,No,Fiber optic,Yes,No,No,No,No,No,Month-to-month,Yes,Electronic check,57.3,2016.61,1
CUST-02497,Female,0,Yes,No,22,Yes,Yes,Fiber optic,Yes,Yes,No,No,Yes,Yes,Two year,Yes,Electronic check,70.57,1598.94,0
CUST-02498,Male,0,No,Yes,6,Yes,No,DSL,No,No,No,Yes,No,Yes,Month-to-month,Yes,Bank transfer (automatic),64.66,373.72,1
CUST-02499,Female,0,No,No,68,Yes,Yes,No,No internet service,No internet service,No internet service,No internet service,No internet service,No internet service,Month-to-month,No,Bank transfer (automatic),18.63,1282.68,0
CUST-02500,Female,0,Yes,No,2,Yes,No,Fiber optic,Yes,No,Yes,Yes,Yes,No,Month-to-month,No,Electronic check,72.9,143.13,1
CUST-02501,Male,1,No,No,14,Yes,Yes,Fiber optic,No,Yes,No,No,No,Yes,Two year,No,Bank transfer (automatic),47.49,670.03,0
CUST-02502,Male,1,Yes,No,12,Yes,No,DSL,No,No,No,Yes,Yes,No,Month-to-month,No,Mailed check,71.95,831.25,1
CUST-02503,Female,0,Yes,Yes,72,Yes,No,DSL,No,No,Yes,No,Yes,No,One year,Yes,Credit card (automatic),53.44,3868.4,0
CUST-02504,Female,0,No,No,4,Yes,No,DSL,No,No,Yes,Yes,Yes,Yes,Month-to-month,Yes,Credit card (automatic),63.8,243.17,0
CUST-02505,Male,0,Yes,No,70,Yes,Yes,Fiber optic,No,No,No,No,Yes,No,One year,Yes,Bank transfer (automatic),91.33,6442.66,0
CUST-02506,Male,0,No,No,19,Yes,Yes,DSL,No,No,No,No,Yes,No,One year,Yes,Bank transfer (automatic),70.29,1313.4,0
CUST-02507,Female,0,No,No,1,Yes,No,DSL,No,No,No,No,Yes,Yes,One year,No,Bank transfer (automatic),39.39,38.44,0
CUST-02508,Female,0,No,No,41,Yes,No,Fiber optic,No,Yes,Yes,No,No,No,One year,No,Mailed check,68.36,2836.38,0
CUST-02509,Female,1,Yes,Yes,3,Yes,No,Fiber optic,No,No,No,No,Yes,No,Month-to-month,No,Electronic check,84.32,259.33,1
CUST-02510,Female,1,Yes,No,8,Yes,No,DSL,Yes,Yes,No,No,No,No,Two year,No,Bank transfer (automatic),59.34,483.49,0
CUST-02511,Male,0,No,No,51,Yes,No,No,No internet service,No internet service,No internet service,No internet service,No internet service,No internet service,One year,Yes,Bank transfer (automatic),18.83,998.87,0
CUST-02512,Female,0,Yes,No,5,Yes,Yes,Fiber optic,No,Yes,No,No,Yes,No,Month-to-month,Yes,Electronic check,77.15,368.76,1
CUST-02513,Female,0,No,No,12,Yes,No,Fiber optic,Yes,Yes,Yes,Yes,No,No,Month-to-month,Yes,Electronic check,53.49,632.5,1
CUST-02514,Male,0,Yes,No,14,Yes,No,No,No internet service,No internet service,No internet service,No internet service,No internet service,No internet service,Two year,Yes,Electronic check,18.46,269.94,0
CUST-02515,Female,0,Yes,Yes,28,Yes,Yes,Fiber optic,Yes,No,Yes,Yes,Yes,No,Month-to-month,Yes,Bank transfer (automatic),62.0,1742.52,0
CUST-02516,Male,0,Yes,No,49,Yes,Yes,DSL,No,No,Yes,No,No,No,Month-to-month,Yes,Mailed check,47.67,2451.95,0
CUST-02517,Female,0,No,No,8,Yes,Yes,Fiber optic,No,No,No,No,Yes,No,Two year,Yes,Electronic check,39.35,324.59,0
CUST-02518,Female,0,No,Yes,7,Yes,No,DSL,No,Yes,Yes,Yes,No,No,Month-to-month,Yes,Credit card (automatic),35.84,246.36,0
CUST-02519,Male,0,Yes,No,8,Yes,Yes,DSL,No,Yes,No,Yes,No,No,Month-to-month,Yes,Bank transfer (automatic),53.78,435.41,0
CUST-02520,Male,0,No,No,15,Yes,No,DSL,Yes,No,No,No,No,Yes,One year,Yes,Bank transfer (automatic),48.24,692.37,0
CUST-02521,Female,0,Yes,No,24,Yes,Yes,DSL,No,No,No,No,Yes,No,Two year,Yes,Credit card (automatic),50.91,1198.18,0
CUST-02522,Female,0,Yes,No,1,Yes,No,DSL,No,No,No,Yes,No,Yes,Month-to-month,Yes,Electronic check,80.01,83.14,1
CUST-02523,Female,0,No,Yes,48,No,No phone service,No,No internet service,No internet service,No internet service,No internet service,No internet service,No internet service,One year,No,Bank transfer (automatic),18.0,891.67,0
CUST-02524,Male,1,No,No,72,Yes,Yes,DSL,No,Yes,Yes,No,No,Yes,Month-to-month,No,Bank transfer (automatic),70.53,5307.82,0
CUST-02525,Female,0,Yes,Yes,59,Yes,No,DSL,Yes,No,Yes,Yes,No,Yes,Month-to-month,Yes,Mailed check,26.29,1583.56,0
CUST-02526,Male,0,Yes,No,1,Yes,Yes,DSL,No,No,No,No,Yes,No,Two year,Yes,Mailed check,43.83,45.56,0
CUST-02527,Male,0,No,Yes,23,Yes,Yes,Fiber optic,Yes,No,Yes,No,No,Yes,Two year,No,Credit card (automatic),84.78,1920.28,1
CUST-02528,Female,0,No,No,53,No,No phone service,Fiber optic,No,No,No,No,No,Yes,Two year,Yes,Electronic check,64.9,3315.77,0
CUST-02529,Male,0,No,Yes,13,Yes,No,No,No internet service,No internet service,No internet service,No internet service,No internet service,No internet service,Two year,Yes,Bank transfer (automatic),18.59,246.18,0
CUST-02530,Female,0,Yes,No,72,Yes,Yes,Fiber optic,Yes,Yes,Yes,No,No,Yes,One year,No,Credit card (automatic),98.62,7105.8,0
CUST-02531,Female,0,No,No,69,Yes,No,DSL,No,No,No,No,Yes,Yes,Month-to-month,Yes,Electronic check,73.89,5269.65,0
CUST-02532,Female,0,Yes,No,4,Yes,No,Fiber optic,No,No,No,No,No,No,Month-to-month,Yes,Mailed check,71.2,281.69,1
CUST-02533,Female,0,No,Yes,21,Yes,No,DSL,Yes,Yes,No,No,No,Yes,One year,Yes,Credit card (automatic),81.9,1759.71,0
CUST-02534,Female,0,Yes,No,1,Yes,No,Fiber optic,No,No,No,Yes,No,No,One year,Yes,Electronic check,36.78,38.58,0
CUST-02535,Male,0,Yes,No,10,Yes,Yes,DSL,Yes,No,No,No,No,No,Month-to-month,Yes,Bank transfer (automatic),83.93,800.42,0
CUST-02536,Male,0,Yes,No,53,Yes,No,No,No internet service,No internet service,No internet service,No internet service,No internet service,No internet service,One year,Yes,Mailed check,18.03,987.37,0
CUST-02537,Female,0,No,No,72,No,No phone service,Fiber optic,No,No,No,No,Yes,No,One year,No,Bank transfer (automatic),76.37,5656.22,0
CUST-02538,Female,0,No,Yes,72,Yes,No,Fiber optic,No,No,Yes,Yes,No,Yes,Two year,Yes,Electronic check,66.18,4616.88,0
CUST-02539,Male,0,Yes,Yes,1,Yes,No,DSL,No,No,Yes,No,No,Yes,One year,Yes,Mailed check,49.4,48.14,0
CUST-02540,Male,1,No,No,72,Yes,No,DSL,No,Yes,No,Yes,No,No,Month-to-month,Yes,Mailed check,55.95,4229.42,0
CUST-02541,Male,0,No,No,55,Yes,No,DSL,No,Yes,Yes,Yes,Yes,Yes,Month-to-month,Yes,Mailed check,34.72,1930.42,0
CUST-02542,Male,1,Yes,No,64,Yes,No,Fiber optic,No,No,No,No,Yes,No,One year,Yes,Electronic check,82.51,5049.79,0
CUST-02543,Female,1,No,No,72,Yes,Yes,Fiber optic,No,Yes,No,No,No,No,Month-to-month,Yes,Mailed check,63.55,4349.04,0
CUST-02544,Female,0,No,No,21,Yes,No,DSL,No,No,No,No,No,Yes,Two year,No,Credit card (automatic),64.62,1411.5,0
CUST-02545,Male,0,Yes,No,7,Yes,Yes,Fiber optic,Yes,Yes,No,Yes,No,Yes,Month-to-month,Yes,Mailed check,74.88,513.28,1
CUST-02546,Female,0,Yes,No,1,Yes,Yes,DSL,Yes,Yes,Yes,Yes,Yes,No,One year,Yes,Credit card (automatic),29.58,29.55,1
CUST-02547,Male,1,Yes,Yes,1,No,No phone service,DSL,Yes,No,No,No,No,No,Two year,Yes,Electronic check,63.18,61.95,0
CUST-02548,Female,0,Yes,No,32,Yes,No,Fiber optic,No,Yes,Yes,No,No,No,One year,No,Bank transfer (automatic),55.24,1761.65,0
CUST-02549,Male,0,Yes,No,13,Yes,Yes,Fiber optic,No,No,No,No,No,No,One year,Yes,Bank transfer (automatic),72.54,947.59,0
CUST-02550,Female,0,No,No,21,No,No phone service,DSL,Yes,No,Yes,No,Yes,Yes,Two year,No,Electronic check,63.34,1365.07,0
CUST-02551,Male,0,No,Yes,4,Yes,No,Fiber optic,Yes,No,Yes,Yes,No,No,Two year,Yes,Mailed check,60.5,238.96,0
CUST-02552,Male,0,Yes,No,72,Yes,No,DSL,No,No,No,No,Yes,No,Two year,No,Electronic check,62.37,4565.69,0
CUST-02553,Female,0,No,No,4,Yes,Yes,DSL,No,No,Yes,No,No,No,One year,Yes,Credit card (automatic),66.67,258.57,0
CUST-02554,Male,0,No,No,18,Yes,No,Fiber optic,No,Yes,No,No,No,No,One year,Yes,Mailed check,105.81,1852.27,0
CUST-02555,Female,1,No,No,18,Yes,No,Fiber optic,No,No,No,Yes,No,Yes,Two year,No,Electronic check,109.38,2017.91,0
CUST-02556,Female,0,Yes,No,1,Yes,Yes,No,No internet service,No internet service,No internet service,No internet service,No internet service,No internet service,Month-to-month,Yes,Bank transfer (automatic),22.12,23.22,0
CUST-02557,Male,0,No,No,35,Yes,Yes,DSL,No,Yes,Yes,Yes,No,No,Two year,Yes,Credit card (automatic),56.55,1941.08,0
CUST-02558,Female,0,No,Yes,24,Yes,No,No,No internet service,No internet service,No internet service,No internet service,No internet service,No internet service,Two year,Yes,Bank transfer (automatic),21.4,500.72,0
CUST-02559,Female,0,No,No,22,Yes,No,Fiber optic,No,No,No,No,Yes,No,One year,Yes,Electronic check,68.32,1521.63,1
CUST-02560,Female,0,Yes,No,54,Yes,No,DSL,No,Yes,No,Yes,No,No,Month-to-month,Yes,Mailed check,66.29,3625.13,0
CUST-02561,Female,0,Yes,Yes,8,Yes,No,DSL,No,Yes,No,No,Yes,Yes,Month-to-month,Yes,Bank transfer (automatic),73.04,606.75,1
CUST-02562,Female,0,No,No,63,Yes,Yes,DSL,No,No,Yes,No,No,No,Month-to-month,No,Credit card (automatic),42.71,2621.08,0
CUST-02563,Male,0,Yes,No,64,Yes,No,Fiber optic,No,No,No,No,Yes,No,Month-to-month,Yes,Electronic check,59.72,3908.52,0
CUST-02564,Female,0,No,Yes,56,Yes,Yes,DSL,No,Yes,No,Yes,No,No,Month-to-month,No,Electronic check,76.53,4225.03,1
CUST-02565,Female,0,No,No,13,Yes,Yes,DSL,Yes,No,Yes,No,Yes,No,Two year,No,Credit card (automatic),68.38,892.71,0
CUST-02566,Female,0,Yes,Yes,5,Yes,No,Fiber optic,No,No,Yes,No,No,No,Two year,No,Electronic check,51.13,252.06,1
CUST-02567,Female,0,No,No,20,Yes,No,Fiber optic,No,Yes,Yes,No,No,Yes,Month-to-month,Yes,Mailed check,57.91,1183.19,1
CUST-02568,Female,0,Yes,No,9,Yes,No,Fiber optic,Yes,Yes,No,No,No,No,Two year,Yes,Bank transfer (automatic),73.09,670.57,0
CUST-02569,Male,0,Yes,Yes,1,Yes,No,DSL,Yes,No,No,No,Yes,Yes,One year,Yes,Credit card (automatic),78.36,80.02,0
CUST-02570,Female,0,No,No,10,Yes,Yes,DSL,Yes,No,Yes,No,No,Yes,Month-to-month,No,Mailed check,62.51,606.27,1
CUST-02571,Male,0,No,Yes,20,Yes,No,DSL,No,Yes,No,No,Yes,No,Two year,No,Mailed check,40.21,790.63,0
CUST-02572,Male,1,Yes,No,3,Yes,No,DSL,No,No,No,No,No,Yes,Month-to-month,Yes,Mailed check,65.52,203.51,1
CUST-02573,Male,1,No,No,72,Yes,No,DSL,Yes,No,No,No,No,No,Two year,Yes,Electronic check,44.29,3116.05,0
CUST-02574,Male,0,Yes,No,34,Yes,Yes,Fiber optic,Yes,No,Yes,No,Yes,Yes,One year,Yes,Mailed check,105.68,3653.28,1
CUST-02575,Female,0,Yes,No,4,Yes,No,No,No internet service,No internet service,No internet service,No internet service,No internet service,No internet service,One year,Yes,Mailed check,21.29,86.0,0
CUST-02576,Male,0,Yes,No,53,Yes,Yes,No,No internet service,No internet service,No internet service,No internet service,No internet service,No internet service,Two year,Yes,Electronic check,23.01,1236.74,0
CUST-02577,Male,0,Yes,No,72,Yes,No,Fiber optic,No,Yes,No,No,Yes,No,Month-to-month,Yes,Electronic check,66.82,5044.57,0
CUST-02578,Female,0,No,No,9,Yes,No,No,No internet service,No internet service,No internet service,No internet service,No internet service,No internet service,Two year,No,Electronic check,18.59,168.86,0
CUST-02579,Female,0,No,Yes,4,Yes,No,DSL,No,No,Yes,No,No,No,One year,Yes,Mailed check,63.55,262.85,0
CUST-02580,Female,0,No,No,12,Yes,Yes,DSL,No,No,No,No,Yes,No,Two year,Yes,Credit card (automatic),69.19,844.22,0
CUST-02581,Male,0,No,No,57,Yes,No,Fiber optic,No,Yes,No,No,No,No,One year,No,Credit card (automatic),44.28,2470.74,0
CUST-02582,Female,0,Yes,No,6,Yes,Yes,Fiber optic,Yes,Yes,No,No,No,Yes,Month-to-month,Yes,Bank transfer (automatic),56.98,328.86,1
CUST-02583,Female,0,Yes,No,48,Yes,Yes,Fiber optic,No,No,No,No,Yes,Yes,Two year,No,Credit card (automatic),105.69,4995.63,0
CUST-02584,Male,0,No,No,40,Yes,No,Fiber optic,No,Yes,Yes,No,No,Yes,Month-to-month,Yes,Credit card (automatic),77.53,2947.84,0
CUST-02585,Female,0,No,No,33,No,No phone service,DSL,No,No,No,Yes,No,No,Two year,Yes,Credit card (automatic),63.63,2147.33,0
CUST-02586,Female,0,No,No,18,Yes,Yes,No,No internet service,No internet service,No internet service,No internet service,No internet service,No internet service,Two year,Yes,Mailed check,22.43,386.97,0
CUST-02587,Female,0,Yes,No,14,No,No phone service,No,No internet service,No internet service,No internet service,No internet service,No internet service,No internet service,One year,Yes,Bank transfer (automatic),24.91,357.25,0
CUST-02588,Female,0,Yes,No,2,Yes,Yes,DSL,Yes,No,Yes,Yes,Yes,No,Two year,Yes,Electronic check,65.44,133.57,0
CUST-02589,Male,0,Yes,No,14,Yes,No,Fiber optic,Yes,Yes,No,No,No,Yes,Month-to-month,No,Bank transfer (automatic),108.61,1508.08,1
CUST-02590,Female,0,Yes,Yes,29,Yes,Yes,Fiber optic,No,No,Yes,Yes,No,Yes,Month-to-month,No,Mailed check,64.05,1949.95,0
CUST-02591,Female,0,Yes,No,72,Yes,No,Fiber optic,No,No,No,No,No,Yes,One year,Yes,Bank transfer (automatic),62.58,4399.76,0
CUST-02592,Male,0,No,Yes,57,Yes,Yes,DSL,Yes,Yes,Yes,No,Yes,No,Two year,No,Bank transfer (automatic),58.02,3455.12,0
CUST-02593,Female,1,Yes,No,1,Yes,Yes,Fiber optic,No,Yes,No,No,No,No,Month-to-month,No,Electronic check,89.46,89.54,1
CUST-02594,Male,0,No,No,4,Yes,No,DSL,Yes,No,No,Yes,Yes,No,Two year,Yes,Credit card (automatic),60.44,248.79,0
CUST-02595,Female,0,No,No,60,Yes,No,Fiber optic,No,No,Yes,No,No,Yes,One year,No,Electronic check,62.06,3683.59,0
CUST-02596,Male,0,Yes,No,72,Yes,No,DSL,No,No,No,No,Yes,No,Month-to-month,Yes,Electronic check,48.74,3344.11,0
CUST-02597,Male,0,No,No,1,Yes,No,DSL,No,No,No,No,No,No,Month-to-month,No,Mailed check,50.46,52.84,1
CUST-02598,Male,0,Yes,No,38,No,No phone service,Fiber optic,Yes,No,No,Yes,No,No,Month-to-month,No,Electronic check,76.31,2816.27,0
CUST-02599,Male,0,No,No,14,Yes,No,No,No internet service,No internet service,No internet service,No internet service,No internet service,No internet service,Month-to-month,No,Credit card (automatic),22.78,317.27,0
CUST-02600,Female,0,No,No,14,Yes,Yes,No,No internet service,No internet service,No internet service,No internet service,No internet service,No internet service,Two year,Yes,Electronic check,21.38,312.75,0
CUST-02601,Male,0,No,No,32,Yes,No,Fiber optic,Yes,No,No,No,No,No,Month-to-month,Yes,Electronic check,72.66,2326.81,0
CUST-02602,Female,0,No,No,53,Yes,No,DSL,Yes,No,Yes,No,No,No,Month-to-month,No,Electronic check,75.52,4150.24,0
CUST-02603,Male,1,Yes,Yes,10,Yes,No,DSL,Yes,No,No,Yes,No,No,One year,No,Electronic check,75.93,746.42,0
CUST-02604,Male,0,No,No,39,No,No phone service,Fiber optic,Yes,No,Yes,No,No,No,Two year,No,Electronic check,94.34,3801.41,0
CUST-02605,Male,0,No,No,32,Yes,No,DSL,Yes,No,No,No,Yes,No,One year,No,Mailed check,58.45,1954.24,0
CUST-02606,Female,0,No,No,23,Yes,No,Fiber optic,Yes,No,No,No,No,No,Month-to-month,No,Electronic check,68.87,1589.36,1
CUST-02607,Male,0,No,No,29,No,No phone service,Fiber optic,No,Yes,Yes,Yes,Yes,No,Two year,No,Bank transfer (automatic),75.58,2277.34,0
CUST-02608,Female,0,No,No,1,Yes,Yes,DSL,No,No,No,No,No,No,Month-to-month,No,Bank transfer (automatic),21.4,21.1,1
CUST-02609,Female,0,No,No,1,Yes,No,Fiber optic,No,No,No,No,No,No,Month-to-month,Yes,Mailed check,94.32,97.76,1
CUST-02610,Female,1,Yes,No,25,Yes,No,No,No internet service,No internet service,No internet service,No internet service,No internet service,No internet service,Month-to-month,No,Credit card (automatic),24.53,599.09,0
CUST-02611,Female,0,Yes,No,23,No,No phone service,DSL,No,No,No,Yes,Yes,Yes,Two year,Yes,Bank transfer (automatic),57.97,1310.5,0
CUST-02612,Female,0,No,No,2,No,No phone service,No,No internet service,No internet service,No internet service,No internet service,No internet service,No internet service,One year,No,Electronic check,20.43,39.81,0
CUST-02613,Female,0,No,Yes,21,Yes,No,Fiber optic,No,No,Yes,No,No,No,Two year,No,Credit card (automatic),59.7,1268.4,0
CUST-02614,Female,0,No,No,45,Yes,No,DSL,No,Yes,No,No,No,Yes,Month-to-month,Yes,Credit card (automatic),49.69,2284.97,1
CUST-02615,Female,0,Yes,Yes,24,Yes,Yes,Fiber optic,No,No,No,No,Yes,Yes,Month-to-month,No,Bank transfer (automatic),91.43,2208.2,1
CUST-02616,Female,0,Yes,No,23,Yes,No,No,No internet service,No internet service,No internet service,No internet service,No internet service,No internet service,Month-to-month,No,Bank transfer (automatic),26.06,571.42,0
CUST-02617,Male,1,No,No,40,Yes,No,No,No internet service,No internet service,No internet service,No internet service,No internet service,No internet service,Month-to-month,Yes,Bank transfer (automatic),19.33,805.05,1
CUST-02618,Male,0,No,No,6,Yes,Yes,Fiber optic,No,No,No,No,No,Yes,Two year,No,Credit card (automatic),98.71,615.45,0
CUST-02619,Male,0,No,No,19,No,No phone service,Fiber optic,Yes,Yes,No,No,Yes,No,Month-to-month,Yes,Mailed check,77.88,1467.59,1
CUST-02620,Male,1,Yes,No,5,Yes,No,DSL,No,Yes,No,Yes,No,Yes,Month-to-month,Yes,Electronic check,44.48,222.89,1
CUST-02621,Male,0,Yes,Yes,23,Yes,No,Fiber optic,Yes,No,No,Yes,No,No,One year,No,Electronic check,85.2,1909.17,1
CUST-02622,Female,0,Yes,No,28,Yes,Yes,Fiber optic,No,No,No,No,No,No,Month-to-month,No,Mailed check,75.55,2108.35,1
CUST-02623,Female,0,Yes,Yes,4,Yes,Yes,DSL,Yes,No,No,Yes,No,Yes,Month-to-month,Yes,Electronic check,45.53,185.57,1
CUST-02624,Female,0,No,No,2,Yes,No,DSL,No,No,No,No,Yes,No,Month-to-month,No,Electronic check,46.01,92.86,1
CUST-02625,Female,0,Yes,No,5,Yes,No,DSL,No,No,No,No,Yes,No,Two year,Yes,Electronic check,28.96,150.71,0
CUST-02626,Female,0,Yes,No,28,No,No phone service,No,No internet service,No internet service,No internet service,No internet service,No internet service,No internet service,Month-to-month,Yes,Electronic check,20.51,546.07,0
CUST-02627,Female,1,Yes,Yes,6,Yes,No,Fiber optic,Yes,No,No,No,No,Yes,Two year,Yes,Bank transfer (automatic),52.62,330.84,0
CUST-02628,Female,0,Yes,No,10,Yes,No,DSL,Yes,Yes,Yes,Yes,No,No,One year,Yes,Bank transfer (automatic),81.99,826.7,0
CUST-02629,Male,0,No,No,38,No,No phone service,DSL,No,No,Yes,Yes,No,Yes,Month-to-month,No,Electronic check,72.35,2709.74,0
CUST-02630,Male,0,Yes,No,9,Yes,No,DSL,No,Yes,No,Yes,No,No,Month-to-month,No,Electronic check,54.74,471.6,1
CUST-02631,Male,0,Yes,No,16,Yes,Yes,DSL,Yes,Yes,Yes,No,No,No,Two year,No,Electronic check,72.67,1217.11,1
CUST-02632,Male,0,No,No,72,Yes,No,Fiber optic,Yes,No,No,No,No,Yes,One year,Yes,Mailed check,97.26,7247.63,0
CUST-02633,Female,0,Yes,Yes,55,Yes,No,DSL,No,No,No,Yes,No,No,Month-to-month,Yes,Mailed check,68.81,3790.91,1
CUST-02634,Female,0,No,Yes,9,Yes,No,No,No internet service,No internet service,No internet service,No internet service,No internet service,No internet service,Month-to-month,Yes,Credit card (automatic),18.14,167.4,1
CUST-02635,Female,0,Yes,No,29,Yes,No,Fiber optic,No,No,No,Yes,No,No,Month-to-month,No,Credit card (automatic),96.69,2918.76,1
CUST-02636,Male,1,No,Yes,35,No,No phone service,Fiber optic,No,Yes,Yes,No,No,Yes,One year,Yes,Electronic check,83.86,2949.65,0
CUST-02637,Female,0,Yes,Yes,72,Yes,No,Fiber optic,No,No,Yes,No,Yes,No,Month-to-month,Yes,Electronic check,82.2,5883.56,0
CUST-02638,Female,0,Yes,Yes,25,Yes,No,Fiber optic,No,No,Yes,No,Yes,Yes,One year,No,Credit card (automatic),69.28,1657.11,0
CUST-02639,Female,1,No,Yes,26,Yes,Yes,DSL,Yes,No,No,Yes,No,No,Two year,Yes,Mailed check,65.98,1757.52,0
CUST-02640,Male,0,Yes,Yes,70,Yes,Yes,Fiber optic,No,No,Yes,No,No,No,Month-to-month,No,Electronic check,66.47,4725.19,0
CUST-02641,Female,0,No,No,1,Yes,Yes,DSL,No,Yes,No,Yes,No,Yes,Month-to-month,Yes,Electronic check,36.51,37.22,0
CUST-02642,Male,1,Yes,No,31,Yes,Yes,DSL,No,No,No,No,No,No,Two year,Yes,Bank transfer (automatic),26.42,826.96,0
CUST-02643,Male,0,No,Yes,17,Yes,No,Fiber optic,No,Yes,Yes,No,Yes,Yes,One year,Yes,Electronic check,73.03,1226.67,1
CUST-02644,Male,0,No,No,72,Yes,Yes,DSL,No,No,Yes,No,No,No,Two year,No,Electronic check,34.89,2600.39,0
CUST-02645,Male,0,Yes,No,72,Yes,No,Fiber optic,No,Yes,No,No,Yes,Yes,Two year,No,Mailed check,85.76,6297.1,0
CUST-02646,Female,0,Yes,No,5,Yes,No,DSL,Yes,Yes,Yes,No,No,Yes,Month-to-month,Yes,Bank transfer (automatic),63.76,315.25,0
CUST-02647,Male,0,No,No,10,Yes,Yes,Fiber optic,No,No,Yes,Yes,Yes,Yes,Month-to-month,No,Electronic check,60.02,617.76,1
CUST-02648,Male,0,No,No,10,No,No phone service,No,No internet service,No internet service,No internet service,No internet service,No internet service,No internet service,Month-to-month,Yes,Bank transfer (automatic),25.43,266.58,1
CUST-02649,Female,0,Yes,No,3,Yes,No,DSL,No,Yes,Yes,No,No,Yes,Month-to-month,Yes,Electronic check,50.71,150.76,1
CUST-02650,Female,0,No,No,21,No,No phone service,Fiber optic,Yes,No,No,No,Yes,No,One year,Yes,Electronic check,66.09,1456.52,1
CUST-02651,Male,0,Yes,No,23,Yes,Yes,Fiber optic,No,No,Yes,No,Yes,Yes,One year,Yes,Electronic check,98.44,2306.33,0
CUST-02652,Female,0,Yes,No,27,Yes,No,Fiber optic,Yes,No,No,No,No,Yes,Month-to-month,No,Bank transfer (automatic),66.4,1771.74,1
CUST-02653,Male,1,No,No,34,No,No phone service,DSL,Yes,No,No,No,No,Yes,Two year,Yes,Bank transfer (automatic),47.96,1660.81,0
CUST-02654,Male,0,No,No,2,Yes,No,No,No internet service,No internet service,No internet service,No internet service,No internet service,No internet service,Month-to-month,No,Credit card (automatic),18.0,35.44,0
CUST-02655,Male,1,No,No,31,Yes,Yes,Fiber optic,No,Yes,No,Yes,No,Yes,Month-to-month,No,Electronic check,81.07,2512.28,1
CUST-02656,Male,0,Yes,No,72,Yes,Yes,Fiber optic,No,No,No,No,No,No,Month-to-month,Yes,Credit card (automatic),61.97,4657.11,0
CUST-02657,Female,0,Yes,No,19,Yes,No,No,No internet service,No internet service,No internet service,No internet service,No internet service,No internet service,One year,Yes,Mailed check,27.82,522.59,0
CUST-02658,Male,0,No,No,3,Yes,Yes,DSL,No,No,No,No,Yes,Yes,One year,No,Electronic check,59.65,185.31,0
CUST-02659,Female,0,Yes,Yes,2,Yes,No,Fiber optic,No,Yes,Yes,No,Yes,No,Month-to-month,Yes,Mailed check,86.04,164.42,1
CUST-02660,Female,0,Yes,No,10,Yes,Yes,Fiber optic,No,No,Yes,Yes,Yes,No,One year,No,Electronic check,62.58,611.18,1
CUST-02661,Female,0,Yes,Yes,44,Yes,No,No,No internet service,No internet service,No internet service,No internet service,No internet service,No internet service,Month-to-month,No,Electronic check,18.0,783.06,0
CUST-02662,Female,0,No,No,9,Yes,No,DSL,Yes,No,Yes,Yes,Yes,Yes,Month-to-month,Yes,Credit card (automatic),57.32,527.79,0
CUST-02663,Male,0,Yes,No,53,Yes,No,Fiber optic,No,Yes,Yes,No,No,No,One year,Yes,Electronic check,100.13,5520.45,0
CUST-02664,Female,0,Yes,No,54,Yes,No,No,No internet service,No internet service,No internet service,No internet service,No internet service,No internet service,Month-to-month,Yes,Electronic check,21.45,1158.59,0
CUST-02665,Male,0,No,No,19,Yes,No,Fiber optic,Yes,Yes,Yes,Yes,No,Yes,Month-to-month,Yes,Bank transfer (automatic),82.29,1618.26,0
CUST-02666,Female,0,No,No,11,Yes,No,Fiber optic,No,Yes,Yes,No,No,No,Month-to-month,No,Mailed check,95.27,1057.4,1
CUST-02667,Female,0,Yes,Yes,29,Yes,Yes,No,No internet service,No internet service,No internet service,No internet service,No internet service,No internet service,Month-to-month,Yes,Mailed check,21.3,623.35,0
CUST-02668,Male,0,No,No,53,Yes,Yes,No,No internet service,No internet service,No internet service,No internet service,No internet service,No internet service,Two year,Yes,Electronic check,24.48,1354.29,0
CUST-02669,Male,0,Yes,Yes,2,Yes,No,Fiber optic,No,No,Yes,No,No,No,Two year,Yes,Electronic check,88.21,172.34,0
CUST-02670,Male,0,Yes,No,72,Yes,No,Fiber optic,No,Yes,Yes,Yes,Yes,Yes,Two year,No,Credit card (automatic),65.7,4860.58,0
CUST-02671,Female,1,No,No,33,Yes,No,Fiber optic,No,No,Yes,Yes,No,No,Month-to-month,No,Mailed check,61.44,1958.16,0
CUST-02672,Female,0,Yes,No,16,Yes,No,DSL,No,Yes,Yes,Yes,Yes,Yes,Two year,No,Electronic check,45.15,751.74,0
CUST-02673,Male,0,Yes,Yes,22,Yes,No,Fiber optic,No,No,No,Yes,Yes,Yes,Month-to-month,Yes,Electronic check,87.7,1940.83,0
CUST-02674,Male,0,No,Yes,15,Yes,No,DSL,No,Yes,No,No,Yes,Yes,Two year,No,Electronic check,76.46,1128.78,0
CUST-02675,Male,1,No,No,17,Yes,Yes,No,No internet service,No internet service,No internet service,No internet service,No internet service,No internet service,Two year,No,Mailed check,22.31,361.71,0
CUST-02676,Male,0,No,Yes,28,Yes,Yes,No,No internet service,No internet service,No internet service,No internet service,No internet service,No internet service,Month-to-month,No,Credit card (automatic),20.93,585.94,0
CUST-02677,Female,1,Yes,No,1,No,No phone service,DSL,Yes,No,No,No,No,Yes,Month-to-month,Yes,Mailed check,75.16,78.88,1
CUST-02678,Male,0,Yes,No,6,Yes,Yes,Fiber optic,No,No,Yes,No,No,Yes,One year,No,Bank transfer (automatic),119.14,679.27,1
CUST-02679,Male,0,Yes,Yes,8,Yes,Yes,DSL,Yes,Yes,No,No,No,Yes,Month-to-month,Yes,Bank transfer (automatic),53.13,429.37,1
CUST-02680,Male,1,Yes,Yes,16,Yes,Yes,Fiber optic,No,Yes,No,Yes,No,No,Month-to-month,Yes,Bank transfer (automatic),92.3,1406.87,0
CUST-02681,Male,0,Yes,No,14,Yes,No,Fiber optic,No,Yes,No,No,No,No,Month-to-month,No,Bank transfer (automatic),79.46,1140.65,1
CUST-02682,Female,0,No,No,40,Yes,Yes,Fiber optic,No,Yes,No,Yes,No,Yes,One year,No,Mailed check,97.16,3781.39,0
CUST-02683,Male,0,Yes,No,9,Yes,No,No,No internet service,No internet service,No internet service,No internet service,No internet service,No internet service,Month-to-month,No,Mailed check,21.82,189.07,1
CUST-02684,Female,1,Yes,No,1,No,No phone service,No,No internet service,No internet service,No internet service,No internet service,No internet service,No internet service,Two year,No,Mailed check,20.51,19.7,0
CUST-02685,Male,0,No,Yes,1,Yes,Yes,Fiber optic,Yes,Yes,Yes,No,No,No,Month-to-month,No,Electronic check,85.17,87.35,1
CUST-02686,Male,0,Yes,Yes,1,No,No phone service,Fiber optic,No,Yes,No,No,Yes,No,Month-to-month,Yes,Mailed check,61.87,58.88,1
CUST-02687,Female,0,No,No,1,Yes,No,DSL,No,No,No,Yes,No,No,Month-to-month,Yes,Mailed check,75.29,74.68,0
CUST-02688,Male,0,Yes,No,62,Yes,No,DSL,Yes,No,Yes,No,Yes,No,Two year,Yes,Electronic check,58.09,3559.61,0
CUST-02689,Female,1,No,No,38,Yes,No,Fiber optic,No,No,No,No,Yes,Yes,One year,Yes,Electronic check,71.86,2747.06,1
CUST-02690,Female,0,No,No,72,Yes,No,No,No internet service,No internet service,No internet service,No internet service,No internet service,No internet service,Month-to-month,Yes,Mailed check,20.39,1539.03,0
CUST-02691,Male,0,No,No,1,Yes,Yes,No,No internet service,No internet service,No internet service,No internet service,No internet service,No internet service,One year,No,Credit card (automatic),21.15,20.71,0
CUST-02692,Female,1,Yes,Yes,60,No,No phone service,DSL,No,No,Yes,No,Yes,Yes,Month-to-month,Yes,Electronic check,62.2,3857.49,0
CUST-02693,Female,0,No,No,38,Yes,No,Fiber optic,Yes,No,No,No,No,Yes,Two year,No,Credit card (automatic),78.67,3124.61,0
CUST-02694,Female,0,Yes,No,32,Yes,No,DSL,Yes,Yes,Yes,No,No,No,Month-to-month,No,Bank transfer (automatic),55.6,1716.72,0
CUST-02695,Female,0,Yes,No,14,Yes,No,No,No internet service,No internet service,No internet service,No internet service,No internet service,No internet service,Month-to-month,No,Electronic check,18.13,255.33,0
CUST-02696,Female,0,Yes,No,15,Yes,Yes,Fiber optic,Yes,No,Yes,No,No,No,One year,Yes,Electronic check,66.36,969.3,1
CUST-02697,Female,0,Yes,No,59,Yes,Yes,No,No internet service,No internet service,No internet service,No internet service,No internet service,No internet service,Month-to-month,No,Electronic check,18.0,1099.02,0
CUST-02698,Female,0,Yes,No,39,Yes,No,Fiber optic,Yes,No,Yes,No,Yes,No,One year,Yes,Credit card (automatic),56.17,2236.69,0
CUST-02699,Female,0,Yes,No,35,Yes,Yes,DSL,No,No,No,No,No,No,One year,Yes,Credit card (automatic),60.0,2151.87,0
CUST-02700,Male,0,Yes,No,1,Yes,No,Fiber optic,Yes,No,No,No,Yes,Yes,Two year,Yes,Mailed check,60.88,62.17,0
CUST-02701,Male,0,No,No,6,Yes,No,No,No internet service,No internet service,No internet service,No internet service,No internet service,No internet service,Two year,No,Electronic check,24.09,150.65,0
CUST-02702,Female,0,Yes,No,72,Yes,Yes,DSL,No,No,Yes,No,No,No,One year,No,Credit card (automatic),69.72,5096.83,0
CUST-02703,Male,0,No,No,19,Yes,Yes,No,No internet service,No internet service,No internet service,No internet service,No internet service,No internet service,Month-to-month,Yes,Electronic check,21.38,421.85,0
CUST-02704,Female,0,No,No,48,Yes,No,Fiber optic,Yes,No,No,No,Yes,No,Two year,No,Credit card (automatic),110.11,5344.4,0
CUST-02705,Female,1,Yes,No,15,Yes,No,DSL,No,No,No,No,Yes,No,Two year,Yes,Mailed check,77.97,1145.36,0
CUST-02706,Male,0,No,No,46,Yes,Yes,Fiber optic,Yes,Yes,Yes,Yes,No,No,Two year,Yes,Bank transfer (automatic),73.33,3271.86,0
CUST-02707,Female,0,No,No,4,No,No phone service,DSL,Yes,No,No,No,No,No,Two year,Yes,Mailed check,71.85,282.44,0
CUST-02708,Female,0,Yes,No,1,Yes,Yes,DSL,Yes,No,No,No,No,No,Two year,No,Electronic check,58.64,59.49,0
CUST-02709,Female,0,Yes,No,20,Yes,Yes,DSL,No,Yes,No,No,Yes,No,Month-to-month,Yes,Electronic check,77.59,1503.44,1
CUST-02710,Female,0,No,No,28,Yes,No,Fiber optic,No,No,No,Yes,No,No,Month-to-month,Yes,Credit card (automatic),88.96,2605.69,0
CUST-02711,Male,0,No,No,12,Yes,Yes,DSL,Yes,No,No,No,No,Yes,Month-to-month,Yes,Mailed check,50.53,629.98,0
CUST-02712,Female,0,No,No,40,Yes,No,DSL,No,No,No,No,Yes,Yes,Two year,Yes,Electronic check,72.8,2968.92,0
CUST-02713,Female,1,Yes,No,21,Yes,No,Fiber optic,No,No,Yes,Yes,No,No,Month-to-month,Yes,Bank transfer (automatic),83.27,1832.32,0
CUST-02714,Female,0,No,No,72,Yes,Yes,DSL,No,No,No,No,No,Yes,One year,Yes,Credit card (automatic),73.4,5103.19,0
CUST-02715,Male,0,Yes,No,2,Yes,Yes,Fiber optic,No,No,No,No,No,Yes,Two year,Yes,Electronic check,62.05,125.28,0
CUST-02716,Female,0,Yes,No,2,No,No phone service,Fiber optic,No,No,No,No,Yes,No,Two year,No,Bank transfer (automatic),85.94,170.28,0
CUST-02717,Male,0,Yes,Yes,72,No,No phone service,No,No internet service,No internet service,No internet service,No internet service,No internet service,No internet service,One year,Yes,Electronic check,18.74,1371.07,0
CUST-02718,Male,0,Yes,No,35,No,No phone service,Fiber optic,No,No,Yes,No,Yes,No,Month-to-month,Yes,Credit card (automatic),63.44,2307.25,0
CUST-02719,Female,0,No,No,35,Yes,No,Fiber optic,Yes,No,No,No,Yes,Yes,Month-to-month,Yes,Electronic check,50.67,1771.21,0
CUST-02720,Female,0,No,No,1,Yes,No,Fiber optic,No,No,No,No,No,No,Two year,Yes,Mailed check,52.34,50.4,0
CUST-02721,Male,0,No,No,72,Yes,No,DSL,No,Yes,No,Yes,Yes,No,Two year,Yes,Mailed check,81.65,5681.41,0
CUST-02722,Female,0,Yes,No,47,No,No phone service,Fiber optic,No,Yes,No,Yes,Yes,No,Two year,Yes,Bank transfer (automatic),69.78,3315.6,0
CUST-02723,Male,0,No,No,46,Yes,No,Fiber optic,No,No,Yes,No,Yes,No,Two year,Yes,Electronic check,102.41,4557.69,0
CUST-02724,Male,0,No,No,72,Yes,No,Fiber optic,No,No,No,Yes,Yes,No,Month-to-month,Yes,Mailed check,87.68,6154.22,1
CUST-02725,Female,0,Yes,No,27,Yes,No,DSL,No,No,Yes,No,No,No,One year,No,Mailed check,44.68,1221.49,0
CUST-02726,Female,0,No,No,16,No,No phone service,Fiber optic,No,No,No,Yes,No,No,Month-to-month,Yes,Credit card (automatic),106.76,1628.35,0
CUST-02727,Male,0,No,Yes,20,No,No phone service,Fiber optic,Yes,No,No,No,Yes,No,Two year,Yes,Mailed check,103.16,2133.13,0
CUST-02728,Male,0,No,No,48,Yes,No,Fiber optic,No,Yes,No,No,Yes,Yes,Month-to-month,Yes,Electronic check,89.78,4494.72,1
CUST-02729,Male,1,Yes,No,46,Yes,Yes,DSL,Yes,No,No,Yes,Yes,No,Month-to-month,No,Electronic check,63.0,2928.06,0
CUST-02730,Male,0,No,Yes,30,Yes,No,DSL,No,No,No,No,No,No,Two year,Yes,Credit card (automatic),74.05,2273.54,0
CUST-02731,Female,0,No,No,7,Yes,Yes,No,No internet service,No internet service,No internet service,No internet service,No internet service,No internet service,One year,Yes,Credit card (automatic),19.93,137.25,0
CUST-02732,Female,0,Yes,Yes,54,Yes,Yes,Fiber optic,No,No,Yes,No,No,No,Two year,No,Electronic check,95.3,5247.63,0
CUST-02733,Female,0,No,No,33,Yes,No,No,No internet service,No internet service,No internet service,No internet service,No internet service,No internet service,One year,Yes,Bank transfer (automatic),21.38,690.17,0
CUST-02734,Female,0,Yes,No,8,Yes,No,DSL,Yes,No,No,No,Yes,Yes,Month-to-month,No,Electronic check,62.37,484.06,1
CUST-02735,Female,1,No,No,20,Yes,No,No,No internet service,No internet service,No internet service,No internet service,No internet service,No internet service,Month-to-month,No,Credit card (automatic),18.0,376.01,0
CUST-02736,Male,0,No,Yes,72,Yes,No,Fiber optic,No,No,Yes,No,Yes,No,Two year,No,Electronic check,103.8,7747.08,0
CUST-02737,Female,1,No,No,12,Yes,No,Fiber optic,No,No,No,Yes,Yes,No,One year,No,Mailed check,62.56,761.85,0
CUST-02738,Female,1,No,Yes,3,Yes,Yes,DSL,Yes,Yes,Yes,No,No,Yes,Two year,Yes,Bank transfer (automatic),64.53,188.66,0
CUST-02739,Female,0,Yes,Yes,1,Yes,Yes,DSL,No,Yes,No,No,Yes,No,Month-to-month,Yes,Credit card (automatic),81.75,83.82,0
CUST-02740,Female,0,Yes,Yes,6,Yes,No,Fiber optic,No,No,Yes,Yes,Yes,Yes,Month-to-month,Yes,Credit card (automatic),92.49,578.46,1
CUST-02741,Female,0,No,No,6,Yes,No,Fiber optic,No,No,Yes,Yes,No,No,Two year,Yes,Electronic check,63.65,384.15,0
CUST-02742,Male,0,Yes,No,62,Yes,No,DSL,No,Yes,No,No,No,Yes,Month-to-month,Yes,Credit card (automatic),63.82,4126.28,0
CUST-02743,Male,1,Yes,No,5,No,No phone service,Fiber optic,No,No,No,No,No,Yes,Month-to-month,Yes,Bank transfer (automatic),79.01,400.15,1
CUST-02744,Male,0,Yes,Yes,63,Yes,No,Fiber optic,Yes,No,No,No,No,No,Month-to-month,Yes,Bank transfer (automatic),101.57,6670.34,1
CUST-02745,Female,1,Yes,No,2,Yes,No,DSL,No,No,Yes,No,Yes,No,One year,Yes,Credit card (automatic),70.88,141.05,0
CUST-02746,Male,0,No,No,72,Yes,No,Fiber optic,No,No,No,No,No,No,Month-to-month,No,Electronic check,73.22,5294.94,0
CUST-02747,Male,1,No,No,9,Yes,Yes,Fiber optic,Yes,Yes,Yes,No,No,Yes,One year,No,Mailed check,73.17,690.52,0
CUST-02748,Female,1,Yes,No,30,Yes,No,DSL,Yes,No,No,No,No,No,Two year,Yes,Credit card (automatic),61.31,1861.93,0
CUST-02749,Female,0,Yes,Yes,5,Yes,Yes,DSL,Yes,Yes,No,No,Yes,No,Month-to-month,Yes,Electronic check,39.95,199.72,0
CUST-02750,Female,0,Yes,No,15,Yes,No,Fiber optic,Yes,No,No,No,No,No,Month-to-month,No,Credit card (automatic),96.91,1385.56,1
CUST-02751,Male,0,Yes,No,2,Yes,No,Fiber optic,Yes,No,No,No,No,No,Month-to-month,Yes,Credit card (automatic),87.15,173.01,0
CUST-02752,Male,0,Yes,Yes,27,Yes,Yes,Fiber optic,No,Yes,Yes,No,No,No,Month-to-month,Yes,Electronic check,59.5,1530.49,0
CUST-02753,Female,1,Yes,No,13,Yes,Yes,DSL,Yes,No,No,No,Yes,Yes,Month-to-month,Yes,Credit card (automatic),51.82,647.39,1
CUST-02754,Female,0,No,Yes,61,Yes,No,No,No internet service,No internet service,No internet service,No internet service,No internet service,No internet service,One year,Yes,Electronic check,21.65,1293.85,0
CUST-02755,Male,0,No,No,6,Yes,Yes,Fiber optic,No,Yes,Yes,No,No,No,Month-to-month,No,Bank transfer (automatic),67.06,389.32,1
CUST-02756,Male,0,Yes,Yes,10,Yes,Yes,DSL,Yes,No,No,Yes,No,Yes,Month-to-month,No,Mailed check,43.77,433.74,0
CUST-02757,Female,1,No,No,6,Yes,No,Fiber optic,No,No,No,No,No,Yes,One year,Yes,Electronic check,63.66,387.66,0
CUST-02758,Female,0,No,No,26,Yes,Yes,DSL,No,Yes,No,No,Yes,No,Two year,No,Credit card (automatic),81.02,2064.44,0
CUST-02759,Male,0,Yes,Yes,3,Yes,Yes,Fiber optic,No,No,Yes,No,Yes,No,Month-to-month,Yes,Mailed check,28.23,84.61,0
CUST-02760,Female,0,Yes,Yes,6,Yes,Yes,DSL,No,Yes,No,No,No,Yes,One year,No,Mailed check,46.01,286.0,0
CUST-02761,Male,0,No,No,36,Yes,No,Fiber optic,No,No,No,No,No,No,Month-to-month,Yes,Credit card (automatic),55.53,2074.92,0
CUST-02762,Male,0,Yes,Yes,2,Yes,No,DSL,No,No,No,No,No,Yes,Month-to-month,Yes,Electronic check,54.35,110.67,0
CUST-02763,Male,0,No,No,43,Yes,Yes,No,No internet service,No internet service,No internet service,No internet service,No internet service,No internet service,One year,Yes,Bank transfer (automatic),20.44,894.29,0
CUST-02764,Male,0,No,No,3,No,No phone service,DSL,No,No,No,No,No,No,One year,No,Credit card (automatic),46.56,140.01,0
CUST-02765,Female,0,Yes,Yes,28,Yes,Yes,Fiber optic,Yes,Yes,Yes,Yes,Yes,No,One year,No,Mailed check,120.0,3458.09,0
CUST-02766,Female,0,No,No,72,Yes,Yes,DSL,No,No,Yes,Yes,Yes,Yes,Month-to-month,Yes,Credit card (automatic),48.82,3437.85,0
CUST-02767,Male,0,No,No,6,Yes,No,Fiber optic,No,No,Yes,No,No,No,Two year,Yes,Mailed check,45.17,283.65,0
CUST-02768,Male,0,Yes,No,9,Yes,Yes,Fiber optic,Yes,Yes,No,Yes,Yes,Yes,Month-to-month,No,Electronic check,58.64,514.22,0
CUST-02769,Male,0,Yes,No,72,Yes,No,Fiber optic,No,Yes,No,Yes,No,No,Month-to-month,No,Electronic check,90.98,6737.84,0
CUST-02770,Male,1,No,No,31,Yes,Yes,Fiber optic,Yes,No,No,Yes,Yes,No,One year,No,Bank transfer (automatic),108.05,3447.46,0
CUST-02771,Male,0,No,No,21,Yes,No,No,No internet service,No internet service,No internet service,No internet service,No internet service,No internet service,Month-to-month,Yes,Electronic check,18.0,389.58,0
CUST-02772,Female,1,No,Yes,26,Yes,No,DSL,No,No,No,Yes,No,No,Month-to-month,Yes,Credit card (automatic),25.6,671.84,1
CUST-02773,Female,0,No,No,11,Yes,Yes,No,No internet service,No internet service,No internet service,No internet service,No internet service,No internet service,Month-to-month,Yes,Electronic check,23.09,242.05,0
CUST-02774,Female,0,Yes,Yes,61,Yes,Yes,Fiber optic,No,No,No,No,Yes,No,One year,Yes,Mailed check,63.35,3932.06,0
CUST-02775,Female,0,Yes,Yes,43,Yes,Yes,Fiber optic,No,No,Yes,Yes,Yes,No,Month-to-month,Yes,Electronic check,52.7,2222.54,0
CUST-02776,Male,0,Yes,Yes,32,Yes,Yes,DSL,No,No,Yes,No,Yes,No,One year,Yes,Bank transfer (automatic),37.58,1262.03,0
CUST-02777,Male,0,Yes,Yes,72,Yes,No,Fiber optic,No,No,No,Yes,Yes,No,Two year,Yes,Bank transfer (automatic),67.79,4775.45,0
CUST-02778,Male,0,No,No,27,Yes,Yes,Fiber optic,No,No,No,No,Yes,Yes,Two year,No,Credit card (automatic),86.5,2293.94,0
CUST-02779,Male,0,No,Yes,22,Yes,Yes,DSL,No,No,No,No,No,No,Month-to-month,No,Mailed check,59.01,1268.86,0
CUST-02780,Male,0,No,No,72,Yes,Yes,DSL,Yes,No,Yes,No,No,No,One year,Yes,Electronic check,48.57,3551.48,0
CUST-02781,Female,0,No,No,7,Yes,No,Fiber optic,Yes,No,No,No,Yes,Yes,Month-to-month,Yes,Credit card (automatic),71.62,493.2,1
CUST-02782,Male,0,Yes,No,4,No,No phone service,DSL,No,Yes,Yes,Yes,No,Yes,Two year,Yes,Electronic check,45.46,185.83,0
CUST-02783,Female,0,Yes,No,5,Yes,Yes,Fiber optic,No,No,Yes,No,Yes,No,Two year,No,Credit card (automatic),81.21,399.72,0
CUST-02784,Female,0,Yes,No,72,Yes,No,DSL,No,No,Yes,No,Yes,Yes,Month-to-month,Yes,Credit card (automatic),51.64,3879.45,0
CUST-02785,Female,0,No,Yes,33,Yes,No,No,No internet service,No internet service,No internet service,No internet service,No internet service,No internet service,One year,Yes,Electronic check,20.12,648.05,0
CUST-02786,Female,0,Yes,Yes,11,Yes,No,No,No internet service,No internet service,No internet service,No internet service,No internet service,No internet service,Two year,Yes,Electronic check,18.38,198.02,0
CUST-02787,Male,0,No,No,9,Yes,Yes,DSL,No,No,Yes,No,No,Yes,Month-to-month,Yes,Credit card (automatic),64.94,580.35,0
CUST-02788,Female,1,No,No,1,Yes,No,DSL,Yes,Yes,No,No,Yes,No,One year,Yes,Credit card (automatic),67.65,70.74,0
CUST-02789,Female,1,Yes,Yes,4,Yes,No,No,No internet service,No internet service,No internet service,No internet service,No internet service,No internet service,Two year,Yes,Bank transfer (automatic),22.63,87.12,0
CUST-02790,Female,0,Yes,Yes,72,No,No phone service,DSL,Yes,No,No,Yes,No,No,Two year,No,Credit card (automatic),52.96,3810.48,0
CUST-02791,Male,0,No,No,44,Yes,No,DSL,No,Yes,No,No,No,No,Month-to-month,Yes,Credit card (automatic),61.57,2703.26,0
CUST-02792,Male,0,Yes,No,72,Yes,Yes,No,No internet service,No internet service,No internet service,No internet service,No internet service,No internet service,Two year,Yes,Mailed check,20.34,1499.12,0
CUST-02793,Male,0,No,No,17,Yes,No,Fiber optic,No,No,Yes,Yes,No,Yes,One year,Yes,Bank transfer (automatic),73.57,1229.75,1
CUST-02794,Female,0,No,Yes,29,Yes,Yes,Fiber optic,No,No,Yes,No,No,No,Month-to-month,Yes,Bank transfer (automatic),56.81,1619.34,0
CUST-02795,Female,0,Yes,No,21,Yes,No,DSL,Yes,No,No,No,Yes,Yes,One year,Yes,Electronic check,49.86,1043.9,0
CUST-02796,Male,0,Yes,No,68,Yes,No,Fiber optic,Yes,Yes,Yes,No,Yes,No,Month-to-month,Yes,Mailed check,64.36,4379.17,0
CUST-02797,Female,0,Yes,Yes,72,Yes,No,DSL,No,No,No,No,Yes,Yes,Month-to-month,Yes,Bank transfer (automatic),34.81,2436.1,1
CUST-02798,Male,0,No,No,72,Yes,No,DSL,Yes,No,Yes,No,No,Yes,Two year,No,Bank transfer (automatic),74.18,5392.23,0
CUST-02799,Male,0,Yes,Yes,29,Yes,No,Fiber optic,Yes,Yes,No,No,No,Yes,Two year,Yes,Electronic check,66.39,1845.62,1
CUST-02800,Female,0,No,No,2,Yes,Yes,Fiber optic,Yes,No,Yes,Yes,Yes,No,Two year,Yes,Credit card (automatic),82.32,164.33,0
CUST-02801,Female,0,No,No,30,Yes,Yes,DSL,No,No,No,No,No,No,Month-to-month,No,Bank transfer (automatic),40.75,1205.01,0
CUST-02802,Female,0,No,No,3,Yes,No,Fiber optic,Yes,No,No,No,Yes,No,Month-to-month,No,Electronic check,105.61,327.29,1
CUST-02803,Female,0,Yes,No,4,Yes,No,Fiber optic,No,No,No,No,No,Yes,Two year,No,Mailed check,69.56,271.12,1
CUST-02804,Male,0,No,No,6,Yes,Yes,No,No internet service,No internet service,No internet service,No internet service,No internet service,No internet service,Two year,Yes,Credit card (automatic),23.03,141.83,0
CUST-02805,Male,0,No,No,14,Yes,No,Fiber optic,No,No,Yes,No,No,Yes,Two year,Yes,Mailed check,108.45,1514.69,0
CUST-02806,Male,0,No,No,28,Yes,No,Fiber optic,Yes,No,No,No,No,No,Month-to-month,Yes,Bank transfer (automatic),69.93,2036.22,1
CUST-02807,Male,1,No,No,12,Yes,Yes,Fiber optic,No,No,Yes,No,No,No,Two year,No,Electronic check,74.14,885.37,0
CUST-02808,Male,0,No,No,19,Yes,Yes,DSL,Yes,No,Yes,No,No,Yes,Two year,Yes,Electronic check,77.93,1516.5,0
CUST-02809,Female,1,No,Yes,1,Yes,No,No,No internet service,No internet service,No internet service,No internet service,No internet service,No internet service,Month-to-month,Yes,Credit card (automatic),18.0,17.19,0
CUST-02810,Male,0,Yes,No,30,Yes,Yes,DSL,No,Yes,No,Yes,Yes,No,Month-to-month,No,Mailed check,53.09,1628.93,0
CUST-02811,Male,0,No,No,34,Yes,Yes,DSL,No,No,No,Yes,No,Yes,Two year,No,Credit card (automatic),67.82,2361.38,0
CUST-02812,Male,0,Yes,No,3,Yes,Yes,No,No internet service,No internet service,No internet service,No internet service,No internet service,No internet service,Month-to-month,No,Electronic check,18.35,53.3,1
CUST-02813,Female,0,No,No,49,Yes,No,DSL,No,No,Yes,Yes,No,No,Month-to-month,No,Bank transfer (automatic),56.91,2740.8,0
CUST-02814,Female,0,No,No,33,Yes,Yes,No,No internet service,No internet service,No internet service,No internet service,No internet service,No internet service,Month-to-month,No,Electronic check,19.9,656.56,0
CUST-02815,Female,0,Yes,Yes,21,No,No phone service,DSL,No,Yes,No,No,No,No,Month-to-month,Yes,Credit card (automatic),49.78,1084.19,0
CUST-02816,Female,0,No,No,25,No,No phone service,DSL,No,No,No,No,Yes,Yes,Month-to-month,Yes,Credit card (automatic),65.06,1590.17,1
CUST-02817,Male,1,No,No,22,Yes,Yes,No,No internet service,No internet service,No internet service,No internet service,No internet service,No internet service,Month-to-month,Yes,Bank transfer (automatic),21.59,477.94,0
CUST-02818,Male,0,Yes,No,1,Yes,No,No,No internet service,No internet service,No internet service,No internet service,No internet service,No internet service,Month-to-month,Yes,Electronic check,18.91,18.57,0
CUST-02819,Female,0,No,No,42,Yes,No,No,No internet service,No internet service,No internet service,No internet service,No internet service,No internet service,Two year,Yes,Mailed check,22.6,927.79,0
CUST-02820,Female,0,Yes,No,22,Yes,No,DSL,No,No,No,No,Yes,No,Month-to-month,Yes,Mailed check,59.99,1349.09,0
CUST-02821,Male,0,No,No,6,Yes,Yes,Fiber optic,Yes,No,No,No,No,No,Month-to-month,Yes,Credit card (automatic),88.52,529.13,0
CUST-02822,Male,0,No,No,36,Yes,Yes,DSL,Yes,No,No,No,No,No,Month-to-month,No,Mailed check,59.98,2152.78,0
CUST-02823,Female,0,No,No,38,Yes,Yes,Fiber optic,No,Yes,Yes,Yes,No,Yes,Two year,No,Electronic check,65.38,2494.74,0
CUST-02824,Female,1,No,Yes,7,Yes,Yes,Fiber optic,No,No,No,No,No,No,Month-to-month,No,Bank transfer (automatic),82.95,595.21,1
CUST-02825,Female,0,No,No,50,Yes,No,No,No internet service,No internet service,No internet service,No internet service,No internet service,No internet service,Month-to-month,Yes,Bank transfer (automatic),21.94,1098.87,0
CUST-02826,Female,0,Yes,No,19,Yes,No,No,No internet service,No internet service,No internet service,No internet service,No internet service,No internet service,Month-to-month,No,Credit card (automatic),20.98,386.85,0
CUST-02827,Male,0,Yes,No,6,Yes,No,DSL,No,No,Yes,No,Yes,No,Two year,Yes,Credit card (automatic),36.68,225.1,0
CUST-02828,Male,1,No,No,34,Yes,No,Fiber optic,No,Yes,Yes,No,No,No,One year,Yes,Credit card (automatic),71.32,2533.73,1
CUST-02829,Male,0,No,No,29,No,No phone service,DSL,No,Yes,No,Yes,Yes,No,Month-to-month,No,Bank transfer (automatic),85.35,2504.65,0
CUST-02830,Female,0,No,No,5,Yes,Yes,DSL,Yes,No,No,Yes,No,No,Two year,Yes,Mailed check,61.16,319.55,0
CUST-02831,Female,0,No,Yes,65,Yes,No,Fiber optic,No,Yes,No,Yes,No,Yes,Month-to-month,No,Credit card (automatic),95.05,6176.89,0
CUST-02832,Male,0,No,No,61,Yes,No,DSL,No,No,No,No,No,Yes,Month-to-month,Yes,Electronic check,51.97,3114.21,0
CUST-02833,Male,0,Yes,Yes,57,Yes,Yes,Fiber optic,No,Yes,No,No,No,Yes,One year,No,Bank transfer (automatic),79.66,4335.15,0
CUST-02834,Male,0,No,No,16,Yes,No,Fiber optic,Yes,Yes,No,No,No,No,Month-to-month,Yes,Mailed check,81.97,1357.38,1
CUST-02835,Male,1,Yes,No,55,Yes,No,DSL,No,Yes,No,No,No,No,One year,Yes,Electronic check,91.31,4867.15,1
CUST-02836,Female,1,Yes,No,59,Yes,Yes,DSL,No,Yes,No,Yes,No,Yes,Month-to-month,Yes,Bank transfer (automatic),50.12,2918.14,0
CUST-02837,Male,0,No,No,72,Yes,No,DSL,No,Yes,Yes,No,No,Yes,One year,Yes,Bank transfer (automatic),37.18,2741.62,0
CUST-02838,Male,0,No,Yes,72,Yes,No,Fiber optic,No,Yes,Yes,No,No,No,Month-to-month,Yes,Electronic check,81.25,5889.55,1
CUST-02839,Male,1,Yes,Yes,15,Yes,No,Fiber optic,Yes,Yes,Yes,No,Yes,No,Month-to-month,Yes,Mailed check,72.17,1089.28,1
CUST-02840,Male,1,No,No,7,Yes,Yes,No,No internet service,No internet service,No internet service,No internet service,No internet service,No internet service,One year,Yes,Mailed check,18.87,128.0,0
CUST-02841,Male,0,No,No,11,Yes,No,No,No internet service,No internet service,No internet service,No internet service,No internet service,No internet service,Two year,No,Bank transfer (automatic),19.4,222.12,0
CUST-02842,Male,0,No,No,21,Yes,No,No,No internet service,No internet service,No internet service,No internet service,No internet service,No internet service,Month-to-month,Yes,Bank transfer (automatic),18.49,371.57,0
CUST-02843,Male,0,No,Yes,52,Yes,No,Fiber optic,Yes,Yes,Yes,Yes,Yes,No,One year,Yes,Electronic check,45.59,2313.12,0
CUST-02844,Female,0,Yes,Yes,41,No,No phone service,DSL,No,No,Yes,Yes,No,Yes,One year,No,Electronic check,68.95,2721.87,0
CUST-02845,Female,0,No,No,49,Yes,No,Fiber optic,No,Yes,Yes,No,No,Yes,Two year,Yes,Credit card (automatic),78.0,3632.0,0
CUST-02846,Female,0,No,No,15,Yes,No,Fiber optic,Yes,No,No,No,Yes,No,Month-to-month,Yes,Credit card (automatic),80.42,1166.71,0
CUST-02847,Female,0,No,No,9,Yes,No,Fiber optic,No,No,No,No,No,No,One year,Yes,Credit card (automatic),68.34,605.52,1
CUST-02848,Male,1,No,No,1,Yes,Yes,DSL,Yes,No,No,No,No,No,One year,Yes,Mailed check,67.81,65.31,0
CUST-02849,Female,0,Yes,No,31,Yes,Yes,DSL,No,Yes,Yes,No,Yes,Yes,Month-to-month,No,Mailed check,56.09,1709.5,1
CUST-02850,Female,0,Yes,Yes,50,No,No phone service,DSL,No,No,Yes,No,No,No,Month-to-month,Yes,Credit card (automatic),60.65,3120.09,0
CUST-02851,Male,0,No,Yes,70,Yes,No,No,No internet service,No internet service,No internet service,No internet service,No internet service,No internet service,Month-to-month,No,Mailed check,23.6,1602.19,0
CUST-02852,Male,0,No,No,20,Yes,Yes,DSL,No,No,No,No,No,No,Two year,No,Electronic check,47.87,912.56,0
CUST-02853,Female,0,No,No,72,Yes,No,Fiber optic,No,No,No,No,No,No,Two year,No,Bank transfer (automatic),70.19,5239.12,0
CUST-02854,Female,0,Yes,No,7,Yes,No,Fiber optic,Yes,No,No,No,No,No,Month-to-month,No,Mailed check,68.97,472.15,0
CUST-02855,Male,0,Yes,No,23,Yes,No,DSL,Yes,No,Yes,Yes,No,No,Month-to-month,Yes,Bank transfer (automatic),53.99,1193.04,1
CUST-02856,Female,1,Yes,No,7,Yes,Yes,Fiber optic,No,No,No,No,No,No,One year,No,Bank transfer (automatic),112.46,781.47,0
CUST-02857,Male,0,No,No,6,No,No phone service,Fiber optic,Yes,Yes,No,No,No,No,One year,No,Credit card (automatic),89.84,527.19,0
CUST-02858,Male,0,Yes,No,72,Yes,Yes,DSL,No,No,No,Yes,No,No,Month-to-month,Yes,Electronic check,80.26,5810.33,0
CUST-02859,Male,0,No,No,54,Yes,Yes,DSL,No,No,No,Yes,No,No,Month-to-month,No,Mailed check,59.91,3375.9,0
CUST-02860,Male,0,Yes,No,1,Yes,No,Fiber optic,No,No,No,Yes,No,No,Two year,No,Bank transfer (automatic),63.1,61.05,0
CUST-02861,Female,0,No,No,10,Yes,Yes,DSL,Yes,No,Yes,No,No,No,Month-to-month,No,Mailed check,56.15,585.78,0
CUST-02862,Male,1,Yes,Yes,7,Yes,No,DSL,Yes,No,Yes,Yes,Yes,No,Month-to-month,Yes,Bank transfer (automatic),49.45,356.57,1
CUST-02863,Male,0,Yes,No,5,Yes,No,Fiber optic,No,No,No,No,No,Yes,One year,Yes,Credit card (automatic),84.9,430.35,0
CUST-02864,Female,0,No,No,38,Yes,Yes,No,No internet service,No internet service,No internet service,No internet service,No internet service,No internet service,Two year,No,Mailed check,22.65,862.14,0
CUST-02865,Male,1,No,No,26,Yes,Yes,DSL,No,No,Yes,No,No,Yes,One year,Yes,Mailed check,72.88,1904.75,0
CUST-02866,Female,0,Yes,No,19,Yes,No,DSL,No,No,No,No,No,No,Month-to-month,No,Electronic check,77.34,1440.22,0
CUST-02867,Female,0,No,No,6,Yes,No,DSL,No,Yes,Yes,No,No,No,Two year,Yes,Credit card (automatic),61.81,373.4,0
CUST-02868,Female,0,Yes,No,10,Yes,No,Fiber optic,Yes,No,No,Yes,No,No,Month-to-month,Yes,Credit card (automatic),95.67,955.74,0
CUST-02869,Male,0,Yes,No,14,Yes,Yes,Fiber optic,Yes,No,No,No,No,Yes,Month-to-month,No,Bank transfer (automatic),70.06,976.11,1
CUST-02870,Female,0,Yes,Yes,49,Yes,Yes,DSL,Yes,No,Yes,No,Yes,No,Month-to-month,No,Mailed check,59.47,2786.74,0
CUST-02871,Female,0,Yes,No,72,Yes,No,No,No internet service,No internet service,No internet service,No internet service,No internet service,No internet service,Month-to-month,No,Bank transfer (automatic),22.8,1660.93,0
CUST-02872,Male,0,No,No,6,Yes,No,Fiber optic,No,No,Yes,No,No,Yes,One year,No,Electronic check,47.56,275.6,1
CUST-02873,Female,0,Yes,No,13,Yes,No,Fiber optic,Yes,Yes,No,No,No,No,Month-to-month,Yes,Electronic check,97.53,1263.46,1
CUST-02874,Female,0,No,No,10,Yes,No,DSL,No,Yes,Yes,No,No,Yes,Month-to-month,Yes,Mailed check,45.33,443.81,0
CUST-02875,Female,1,Yes,Yes,1,Yes,No,Fiber optic,No,Yes,No,No,No,No,Month-to-month,Yes,Electronic check,58.25,60.58,1
CUST-02876,Female,0,No,No,7,Yes,No,Fiber optic,No,No,No,No,No,No,Two year,No,Electronic check,77.62,552.54,1
CUST-02877,Female,1,Yes,Yes,72,Yes,Yes,Fiber optic,No,Yes,No,No,Yes,No,Two year,No,Credit card (automatic),76.18,5361.44,0
CUST-02878,Male,0,Yes,Yes,59,Yes,Yes,Fiber optic,No,No,No,No,No,Yes,Month-to-month,Yes,Credit card (automatic),72.64,4467.28,1
CUST-02879,Female,0,Yes,Yes,5,Yes,No,DSL,No,No,No,Yes,Yes,Yes,Two year,Yes,Electronic check,74.66,375.6,0
CUST-02880,Female,0,No,Yes,14,No,No phone service,Fiber optic,No,Yes,No,No,Yes,Yes,Two year,No,Electronic check,42.77,594.15,0
CUST-02881,Male,0,No,Yes,11,Yes,No,Fiber optic,Yes,Yes,No,Yes,Yes,No,Month-to-month,Yes,Credit card (automatic),97.64,1039.85,1
CUST-02882,Male,1,No,No,5,No,No phone service,Fiber optic,No,No,Yes,No,No,Yes,Two year,Yes,Credit card (automatic),86.62,425.57,0
CUST-02883,Male,0,Yes,No,31,Yes,No,DSL,Yes,No,No,No,No,No,One year,Yes,Bank transfer (automatic),64.32,1902.62,0
CUST-02884,Female,0,No,Yes,26,Yes,Yes,No,No internet service,No internet service,No internet service,No internet service,No internet service,No internet service,Two year,Yes,Electronic check,19.08,493.0,0
CUST-02885,Male,0,No,No,17,Yes,No,No,No internet service,No internet service,No internet service,No internet service,No internet service,No internet service,Two year,No,Electronic check,20.67,340.92,0
CUST-02886,Female,0,Yes,No,61,Yes,No,DSL,No,Yes,No,No,Yes,Yes,Two year,Yes,Credit card (automatic),43.3,2590.26,0
CUST-02887,Female,0,Yes,No,30,No,No phone service,No,No internet service,No internet service,No internet service,No internet service,No internet service,No internet service,Month-to-month,No,Credit card (automatic),20.03,622.7,0
CUST-02888,Male,0,No,No,9,Yes,No,Fiber optic,Yes,No,No,Yes,No,No,One year,Yes,Bank transfer (automatic),93.46,827.54,0
CUST-02889,Male,0,No,Yes,14,Yes,Yes,Fiber optic,Yes,No,No,No,No,Yes,Month-to-month,Yes,Credit card (automatic),87.83,1267.79,1
CUST-02890,Female,0,Yes,No,5,Yes,Yes,DSL,Yes,No,No,No,No,No,Month-to-month,Yes,Electronic check,59.73,309.69,1
CUST-02891,Male,0,No,No,28,Yes,No,Fiber optic,No,Yes,Yes,No,No,Yes,Month-to-month,Yes,Electronic check,42.72,1187.03,0
CUST-02892,Female,0,No,No,28,Yes,Yes,Fiber optic,No,No,No,Yes,No,No,Month-to-month,Yes,Electronic check,58.04,1701.74,1
CUST-02893,Male,0,No,No,65,Yes,No,DSL,No,No,Yes,No,No,No,Two year,Yes,Electronic check,52.15,3358.83,1
CUST-02894,Male,1,Yes,Yes,61,Yes,Yes,No,No internet service,No internet service,No internet service,No internet service,No internet service,No internet service,Two year,No,Credit card (automatic),21.51,1353.45,0
CUST-02895,Male,0,No,No,58,Yes,No,DSL,No,No,Yes,Yes,No,Yes,Two year,No,Credit card (automatic),55.02,3335.87,0
CUST-02896,Female,0,Yes,No,25,No,No phone service,Fiber optic,No,Yes,No,No,Yes,No,Month-to-month,No,Electronic check,95.8,2277.36,0
CUST-02897,Male,0,Yes,Yes,33,Yes,No,Fiber optic,No,No,No,Yes,Yes,No,One year,Yes,Mailed check,60.06,1953.22,0
CUST-02898,Female,0,No,No,47,Yes,No,No,No internet service,No internet service,No internet service,No internet service,No internet service,No internet service,One year,No,Mailed check,20.8,1004.03,0
CUST-02899,Female,1,Yes,No,3,Yes,No,Fiber optic,No,Yes,No,No,No,Yes,Month-to-month,Yes,Electronic check,55.14,170.88,0
CUST-02900,Female,0,Yes,No,11,Yes,No,DSL,No,No,Yes,No,Yes,No,Month-to-month,Yes,Credit card (automatic),51.31,584.3,0
CUST-02901,Female,0,Yes,Yes,5,Yes,No,Fiber optic,Yes,Yes,No,Yes,No,No,Month-to-month,No,Mailed check,32.68,167.69,1
CUST-02902,Male,0,Yes,Yes,22,Yes,No,Fiber optic,No,No,Yes,No,Yes,Yes,Two year,Yes,Mailed check,58.96,1274.66,0
CUST-02903,Female,0,Yes,No,58,Yes,Yes,No,No internet service,No internet service,No internet service,No internet service,No internet service,No internet service,Two year,Yes,Electronic check,28.13,1681.15,0
CUST-02904,Female,0,Yes,No,8,Yes,No,Fiber optic,No,No,No,No,No,No,Two year,No,Mailed check,72.7,585.4,0
CUST-02905,Male,0,No,No,42,Yes,No,DSL,No,No,No,No,No,Yes,Month-to-month,Yes,Credit card (automatic),64.82,2639.58,0
CUST-02906,Female,0,Yes,No,16,Yes,Yes,No,No internet service,No internet service,No internet service,No internet service,No internet service,No internet service,Month-to-month,Yes,Electronic check,19.32,299.86,0
CUST-02907,Male,0,No,No,72,Yes,Yes,Fiber optic,No,No,No,No,Yes,No,Two year,No,Electronic check,76.59,5360.77,0
CUST-02908,Female,0,Yes,No,31,Yes,No,DSL,Yes,No,No,Yes,No,No,Month-to-month,Yes,Bank transfer (automatic),71.16,2132.46,0
CUST-02909,Male,0,Yes,Yes,72,No,No phone service,No,No internet service,No internet service,No internet service,No internet service,No internet service,No internet service,Month-to-month,No,Bank transfer (automatic),21.23,1498.14,0
CUST-02910,Female,0,No,No,9,Yes,No,Fiber optic,Yes,No,No,No,Yes,No,Month-to-month,Yes,Electronic check,78.42,722.51,0
CUST-02911,Male,0,Yes,No,72,Yes,No,No,No internet service,No internet service,No internet service,No internet service,No internet service,No internet service,Two year,Yes,Electronic check,22.67,1702.46,0
CUST-02912,Female,0,No,No,14,Yes,Yes,DSL,Yes,Yes,No,No,Yes,No,Month-to-month,No,Electronic check,60.8,829.48,1
CUST-02913,Female,0,No,Yes,31,No,No phone service,Fiber optic,No,Yes,No,No,No,No,Month-to-month,Yes,Credit card (automatic),84.54,2642.81,1
CUST-02914,Male,0,Yes,No,6,Yes,No,Fiber optic,Yes,Yes,No,No,Yes,No,Two year,No,Electronic check,80.8,464.64,0
CUST-02915,Male,0,No,No,45,Yes,No,Fiber optic,No,No,No,No,No,Yes,Month-to-month,Yes,Electronic check,94.0,4252.05,1
CUST-02916,Male,1,Yes,No,72,Yes,No,DSL,Yes,Yes,No,No,Yes,Yes,Two year,Yes,Credit card (automatic),80.34,5959.66,0
CUST-02917,Male,1,No,No,49,Yes,No,Fiber optic,No,Yes,No,No,No,No,Month-to-month,Yes,Credit card (automatic),57.28,2845.95,0
CUST-02918,Female,0,No,No,30,Yes,Yes,Fiber optic,No,Yes,No,No,Yes,No,Two year,Yes,Mailed check,71.98,2171.95,0
CUST-02919,Female,0,No,No,19,Yes,No,Fiber optic,No,Yes,No,Yes,Yes,Yes,One year,Yes,Credit card (automatic),73.07,1413.93,1
CUST-02920,Male,0,Yes,No,13,Yes,No,Fiber optic,Yes,No,No,No,No,No,One year,Yes,Mailed check,88.85,1137.45,0
CUST-02921,Female,0,Yes,Yes,17,Yes,Yes,Fiber optic,Yes,No,No,Yes,No,No,Two year,No,Electronic check,79.09,1359.47,0
CUST-02922,Male,0,Yes,Yes,12,Yes,Yes,DSL,Yes,No,No,Yes,No,No,Month-to-month,No,Mailed check,64.81,743.45,0
CUST-02923,Male,0,Yes,Yes,57,Yes,No,No,No internet service,No internet service,No internet service,No internet service,No internet service,No internet service,Month-to-month,Yes,Mailed check,18.91,1054.45,0
CUST-02924,Female,1,No,No,71,Yes,No,Fiber optic,Yes,No,No,No,No,Yes,Month-to-month,Yes,Electronic check,111.38,7641.27,1
CUST-02925,Female,0,No,No,72,Yes,Yes,No,No internet service,No internet service,No internet service,No internet service,No internet service,No internet service,Month-to-month,No,Electronic check,25.9,1917.14,0
CUST-02926,Female,0,Yes,Yes,17,Yes,No,No,No internet service,No internet service,No internet service,No internet service,No internet service,No internet service,Two year,Yes,Credit card (automatic),23.87,390.2,0
CUST-02927,Female,0,No,No,25,Yes,Yes,No,No internet service,No internet service,No internet service,No internet service,No internet service,No internet service,Month-to-month,Yes,Mailed check,18.0,459.27,1
CUST-02928,Female,0,No,No,27,Yes,No,DSL,No,Yes,Yes,No,Yes,Yes,Month-to-month,Yes,Electronic check,85.1,2269.2,1
CUST-02929,Female,0,No,Yes,33,Yes,No,Fiber optic,No,No,Yes,No,No,No,Month-to-month,No,Credit card (automatic),100.65,3300.99,0
CUST-02930,Female,0,Yes,No,1,Yes,No,DSL,No,Yes,No,No,No,No,One year,Yes,Electronic check,55.28,56.28,0
CUST-02931,Male,0,Yes,No,59,No,No phone service,No,No internet service,No internet service,No internet service,No internet service,No internet service,No internet service,Month-to-month,Yes,Electronic check,21.44,1305.65,0
CUST-02932,Male,0,No,No,9,Yes,No,No,No internet service,No internet service,No internet service,No internet service,No internet service,No internet service,Two year,No,Credit card (automatic),23.64,210.09,0
CUST-02933,Male,0,No,No,20,Yes,No,DSL,No,No,Yes,No,No,No,Month-to-month,No,Electronic check,27.47,529.82,1
CUST-02934,Male,0,No,No,58,Yes,Yes,No,No internet service,No internet service,No internet service,No internet service,No internet service,No internet service,Two year,No,Bank transfer (automatic),21.25,1245.8,0
CUST-02935,Male,0,No,No,72,Yes,No,No,No internet service,No internet service,No internet service,No internet service,No internet service,No internet service,Two year,Yes,Bank transfer (automatic),22.79,1714.1,0
CUST-02936,Female,0,Yes,Yes,50,Yes,Yes,Fiber optic,No,No,Yes,No,Yes,No,Month-to-month,No,Electronic check,89.28,4326.58,1
CUST-02937,Male,0,No,No,1,Yes,No,Fiber optic,No,No,Yes,No,No,No,Two year,Yes,Electronic check,75.05,74.9,0
CUST-02938,Male,1,Yes,No,14,Yes,Yes,DSL,Yes,No,Yes,Yes,No,No,One year,No,Mailed check,55.0,735.65,0
CUST-02939,Male,0,No,No,9,Yes,No,Fiber optic,Yes,Yes,No,No,No,Yes,Two year,Yes,Credit card (automatic),98.71,864.33,1
CUST-02940,Male,1,No,No,72,Yes,No,No,No internet service,No internet service,No internet service,No internet service,No internet service,No internet service,Month-to-month,No,Mailed check,25.99,1886.15,0
CUST-02941,Male,1,No,No,9,Yes,Yes,DSL,No,No,No,Yes,Yes,No,Month-to-month,Yes,Electronic check,60.12,549.43,1
CUST-02942,Male,0,No,No,72,Yes,Yes,No,No internet service,No internet service,No internet service,No internet service,No internet service,No internet service,Two year,Yes,Mailed check,24.15,1688.21,0
CUST-02943,Male,0,No,No,72,Yes,Yes,DSL,No,No,No,Yes,Yes,No,Two year,Yes,Electronic check,76.7,5738.29,0
CUST-02944,Female,1,Yes,No,58,Yes,Yes,Fiber optic,No,Yes,No,No,No,No,Month-to-month,Yes,Credit card (automatic),80.91,4805.87,1
CUST-02945,Female,0,Yes,No,3,Yes,No,No,No internet service,No internet service,No internet service,No internet service,No internet service,No internet service,Two year,No,Electronic check,23.51,71.5,0
CUST-02946,Male,0,No,Yes,1,Yes,No,No,No internet service,No internet service,No internet service,No internet service,No internet service,No internet service,Two year,No,Credit card (automatic),19.54,18.87,0
CUST-02947,Female,1,Yes,Yes,50,Yes,Yes,DSL,No,No,Yes,No,No,Yes,Month-to-month,No,Electronic check,74.28,3689.4,1
CUST-02948,Female,0,Yes,Yes,59,Yes,No,No,No internet service,No internet service,No internet service,No internet service,No internet service,No internet service,Month-to-month,Yes,Electronic check,18.0,1095.85,0
CUST-02949,Female,0,Yes,No,72,Yes,Yes,DSL,No,No,Yes,Yes,Yes,No,One year,Yes,Mailed check,68.41,5001.16,0
CUST-02950,Female,0,No,No,7,Yes,Yes,Fiber optic,Yes,Yes,No,Yes,No,No,Two year,No,Mailed check,70.26,467.37,0
CUST-02951,Male,0,Yes,No,42,Yes,Yes,Fiber optic,No,No,No,No,No,No,Month-to-month,No,Bank transfer (automatic),67.73,2770.96,1
CUST-02952,Female,0,No,No,23,Yes,No,DSL,No,No,No,No,No,No,One year,Yes,Credit card (automatic),68.76,1618.81,0
CUST-02953,Female,0,No,No,12,Yes,Yes,Fiber optic,No,No,Yes,No,Yes,Yes,One year,Yes,Credit card (automatic),54.21,643.45,0
CUST-02954,Female,0,No,No,29,Yes,No,No,No internet service,No internet service,No internet service,No internet service,No internet service,No internet service,Month-to-month,Yes,Electronic check,22.89,660.15,0
CUST-02955,Male,0,Yes,No,25,Yes,No,Fiber optic,Yes,Yes,No,No,Yes,No,Month-to-month,Yes,Electronic check,55.17,1369.59,0
CUST-02956,Male,0,No,Yes,11,Yes,Yes,DSL,Yes,No,No,Yes,No,Yes,Month-to-month,Yes,Credit card (automatic),50.68,570.45,0
CUST-02957,Male,0,No,No,10,Yes,No,No,No internet service,No internet service,No internet service,No internet service,No internet service,No internet service,One year,No,Credit card (automatic),21.97,216.9,0
CUST-02958,Male,0,No,No,21,Yes,Yes,DSL,Yes,No,Yes,No,Yes,Yes,Month-to-month,No,Electronic check,69.67,1496.69,0
CUST-02959,Male,0,No,No,20,Yes,No,No,No internet service,No internet service,No internet service,No internet service,No internet service,No internet service,Month-to-month,Yes,Credit card (automatic),24.75,515.4,0
CUST-02960,Male,0,No,No,11,No,No phone service,No,No internet service,No internet service,No internet service,No internet service,No internet service,No internet service,Two year,No,Bank transfer (automatic),23.84,252.81,0
CUST-02961,Male,0,Yes,Yes,9,Yes,No,Fiber optic,Yes,Yes,Yes,No,No,Yes,Month-to-month,No,Electronic check,67.48,636.36,1
CUST-02962,Female,1,No,No,72,Yes,No,DSL,No,No,No,No,No,Yes,One year,No,Credit card (automatic),64.92,4598.53,0
CUST-02963,Female,0,Yes,Yes,63,Yes,No,Fiber optic,No,No,No,No,No,No,Two year,Yes,Electronic check,62.82,4133.98,0
CUST-02964,Female,0,Yes,No,54,Yes,Yes,DSL,No,Yes,No,No,No,Yes,Month-to-month,Yes,Mailed check,66.35,3576.23,0
CUST-02965,Male,0,No,No,7,Yes,Yes,DSL,No,Yes,No,Yes,No,Yes,Month-to-month,No,Bank transfer (automatic),56.31,399.23,0
CUST-02966,Male,0,Yes,No,6,Yes,No,Fiber optic,Yes,No,No,Yes,No,Yes,Month-to-month,Yes,Electronic check,85.49,527.78,1
CUST-02967,Male,0,Yes,No,53,No,No phone service,DSL,No,Yes,Yes,No,Yes,No,Month-to-month,No,Bank transfer (automatic),49.56,2549.05,1
CUST-02968,Male,0,No,No,6,Yes,No,DSL,No,Yes,No,Yes,No,No,Two year,Yes,Bank transfer (automatic),55.69,329.15,0
CUST-02969,Male,0,No,No,22,Yes,No,DSL,No,Yes,Yes,No,No,No,Two year,No,Electronic check,68.49,1479.94,0
CUST-02970,Female,0,Yes,No,8,No,No phone service,Fiber optic,No,Yes,Yes,No,No,Yes,Two year,Yes,Mailed check,96.85,800.62,0
CUST-02971,Female,0,No,No,15,No,No phone service,Fiber optic,No,No,Yes,No,No,Yes,Two year,Yes,Bank transfer (automatic),81.93,1171.03,0
CUST-02972,Male,0,Yes,No,61,Yes,No,DSL,No,No,No,Yes,Yes,Yes,Month-to-month,Yes,Credit card (automatic),55.84,3335.02,0
CUST-02973,Male,0,Yes,Yes,71,Yes,No,DSL,No,No,No,Yes,Yes,No,Month-to-month,No,Credit card (automatic),77.87,5485.92,0
CUST-02974,Male,1,Yes,No,72,Yes,No,No,No internet service,No internet service,No internet service,No internet service,No internet service,No internet service,Month-to-month,Yes,Electronic check,27.99,1918.03,0
CUST-02975,Male,0,Yes,No,72,Yes,Yes,No,No internet service,No internet service,No internet service,No internet service,No internet service,No internet service,Month-to-month,Yes,Bank transfer (automatic),23.84,1689.68,0
CUST-02976,Female,0,Yes,No,35,Yes,Yes,Fiber optic,No,No,Yes,Yes,Yes,No,Month-to-month,No,Electronic check,83.77,2897.06,1
CUST-02977,Male,0,Yes,No,18,No,No phone service,DSL,Yes,No,Yes,Yes,Yes,No,Month-to-month,Yes,Electronic check,43.63,756.53,0
CUST-02978,Male,1,No,No,1,Yes,Yes,DSL,Yes,No,Yes,Yes,No,No,One year,No,Bank transfer (automatic),77.0,80.16,0
CUST-02979,Male,0,No,No,29,Yes,Yes,DSL,Yes,Yes,No,No,Yes,No,Month-to-month,No,Electronic check,49.35,1481.86,0
CUST-02980,Male,1,No,Yes,7,Yes,Yes,Fiber optic,No,Yes,No,No,No,No,One year,Yes,Credit card (automatic),67.31,473.13,0
CUST-02981,Female,1,No,No,60,Yes,Yes,Fiber optic,No,No,No,Yes,No,Yes,Month-to-month,Yes,Credit card (automatic),115.06,7237.99,1
CUST-02982,Male,0,Yes,No,25,Yes,Yes,Fiber optic,No,Yes,No,No,Yes,No,Month-to-month,Yes,Mailed check,61.07,1578.3,1
CUST-02983,Male,0,No,Yes,42,Yes,Yes,Fiber optic,No,Yes,No,No,No,No,Month-to-month,No,Mailed check,76.41,3066.33,1
CUST-02984,Female,0,No,No,35,Yes,Yes,No,No internet service,No internet service,No internet service,No internet service,No internet service,No internet service,Month-to-month,No,Credit card (automatic),18.0,607.78,0
CUST-02985,Female,0,Yes,Yes,13,Yes,No,Fiber optic,No,No,No,No,No,No,Month-to-month,No,Electronic check,69.26,874.63,0
CUST-02986,Female,0,Yes,No,45,Yes,Yes,DSL,No,Yes,No,Yes,No,No,Month-to-month,Yes,Electronic check,30.77,1336.83,1
CUST-02987,Male,0,No,No,59,Yes,No,Fiber optic,No,No,No,No,No,Yes,Month-to-month,Yes,Electronic check,62.95,3753.88,0
CUST-02988,Male,1,No,No,43,Yes,No,Fiber optic,Yes,No,Yes,No,Yes,No,Month-to-month,Yes,Mailed check,67.72,2970.55,1
CUST-02989,Female,0,No,No,47,Yes,Yes,DSL,No,No,No,No,No,Yes,Two year,No,Credit card (automatic),58.72,2870.67,0
CUST-02990,Female,1,Yes,No,14,Yes,No,Fiber optic,Yes,No,No,No,No,No,Month-to-month,No,Electronic check,73.39,1059.16,1
CUST-02991,Female,0,Yes,Yes,72,Yes,No,DSL,No,No,Yes,No,No,No,Two year,No,Electronic check,49.02,3408.58,0
CUST-02992,Female,0,No,No,17,Yes,Yes,Fiber optic,No,Yes,Yes,No,Yes,Yes,Month-to-month,No,Credit card (automatic),74.52,1207.72,1
CUST-02993,Female,1,No,No,72,Yes,Yes,DSL,No,No,Yes,No,Yes,Yes,Month-to-month,Yes,Bank transfer (automatic),53.79,3852.16,0
CUST-02994,Female,0,Yes,No,62,Yes,Yes,No,No internet service,No internet service,No internet service,No internet service,No internet service,No internet service,Two year,Yes,Bank transfer (automatic),21.05,1367.1,0
CUST-02995,Male,0,Yes,No,4,Yes,No,Fiber optic,No,No,No,No,No,Yes,One year,Yes,Electronic check,87.71,349.37,1
CUST-02996,Male,0,No,No,72,Yes,Yes,DSL,No,No,No,Yes,No,No,Month-to-month,No,Electronic check,55.14,3963.22,0
CUST-02997,Male,0,No,No,72,Yes,No,No,No internet service,No internet service,No internet service,No internet service,No internet service,No internet service,Month-to-month,Yes,Credit card (automatic),18.0,1318.49,0
CUST-02998,Female,0,Yes,Yes,29,Yes,No,No,No internet service,No internet service,No internet service,No internet service,No internet service,No internet service,Two year,No,Electronic check,18.0,497.24,0
CUST-02999,Female,0,No,Yes,48,Yes,Yes,Fiber optic,No,Yes,Yes,Yes,Yes,Yes,Month-to-month,No,Credit card (automatic),75.15,3711.53,0
CUST-03000,Female,0,No,Yes,72,Yes,No,Fiber optic,Yes,No,No,No,No,No,One year,No,Credit card (automatic),69.12,5129.37,0
CUST-03001,Female,1,No,No,1,Yes,No,DSL,No,Yes,No,No,Yes,Yes,Two year,Yes,Mailed check,65.53,64.55,0
CUST-03002,Female,0,Yes,No,72,Yes,Yes,Fiber optic,Yes,Yes,Yes,Yes,No,No,Month-to-month,Yes,Credit card (automatic),88.89,6324.73,0
CUST-03003,Female,1,Yes,Yes,31,Yes,No,No,No internet service,No internet service,No internet service,No internet service,No internet service,No internet service,Month-to-month,No,Electronic check,25.08,750.74,0
CUST-03004,Male,0,No,No,56,Yes,No,Fiber optic,No,No,No,No,Yes,No,Month-to-month,No,Credit card (automatic),90.68,4850.8,0
CUST-03005,Male,0,Yes,No,24,Yes,No,DSL,Yes,Yes,No,No,No,No,Month-to-month,Yes,Bank transfer (automatic),79.74,2001.0,1
CUST-03006,Female,0,No,No,24,Yes,No,No,No internet service,No internet service,No internet service,No internet service,No internet service,No internet service,One year,Yes,Electronic check,18.0,416.18,0
CUST-03007,Male,0,No,No,72,Yes,No,Fiber optic,No,No,No,No,No,Yes,One year,Yes,Bank transfer (automatic),68.81,5172.01,0
CUST-03008,Female,1,Yes,No,22,Yes,No,No,No internet service,No internet service,No internet service,No internet service,No internet service,No internet service,Month-to-month,Yes,Credit card (automatic),19.64,437.82,1
CUST-03009,Male,0,No,No,20,Yes,No,DSL,No,No,No,No,No,Yes,Month-to-month,No,Bank transfer (automatic),32.61,684.0,1
CUST-03010,Female,0,No,No,29,Yes,Yes,DSL,Yes,Yes,No,No,No,Yes,Month-to-month,No,Bank transfer (automatic),66.23,1911.27,1
CUST-03011,Female,0,No,No,23,Yes,No,DSL,No,No,Yes,No,No,No,Two year,Yes,Credit card (automatic),86.73,2057.61,0
CUST-03012,Male,0,Yes,No,18,Yes,No,DSL,Yes,No,No,Yes,No,Yes,Month-to-month,No,Bank transfer (automatic),41.17,722.91,0
CUST-03013,Male,1,No,No,6,Yes,No,DSL,No,No,No,Yes,Yes,No,Month-to-month,Yes,Mailed check,34.5,198.05,0
CUST-03014,Female,1,Yes,Yes,16,Yes,No,DSL,No,No,No,No,No,No,Month-to-month,Yes,Bank transfer (automatic),89.9,1465.69,0
CUST-03015,Female,0,No,No,10,No,No phone service,Fiber optic,No,Yes,Yes,No,Yes,No,Month-to-month,Yes,Mailed check,89.03,925.34,1
CUST-03016,Male,0,No,Yes,16,Yes,No,No,No internet service,No internet service,No internet service,No internet service,No internet service,No internet service,Two year,No,Mailed check,18.0,275.46,0
CUST-03017,Male,0,Yes,No,28,Yes,No,DSL,No,No,Yes,Yes,No,No,Month-to-month,No,Electronic check,67.4,1890.68,0
CUST-03018,Female,0,No,No,30,Yes,Yes,DSL,No,No,No,Yes,Yes,Yes,One year,Yes,Credit card (automatic),59.12,1803.66,0
CUST-03019,Male,1,No,No,8,Yes,Yes,DSL,Yes,No,Yes,No,No,Yes,Month-to-month,Yes,Mailed check,35.71,291.53,0
CUST-03020,Female,0,Yes,No,2,Yes,No,Fiber optic,No,No,Yes,No,No,Yes,One year,No,Electronic check,91.45,174.64,1
CUST-03021,Female,0,Yes,Yes,43,Yes,Yes,No,No internet service,No internet service,No internet service,No internet service,No internet service,No internet service,Two year,Yes,Electronic check,18.0,802.3,0
CUST-03022,Female,0,No,No,24,Yes,Yes,DSL,No,Yes,No,No,Yes,No,Month-to-month,Yes,Electronic check,79.06,1863.87,1
CUST-03023,Female,1,Yes,Yes,18,Yes,No,DSL,No,Yes,No,No,Yes,No,Month-to-month,Yes,Electronic check,77.28,1362.59,0
CUST-03024,Male,0,Yes,No,4,Yes,Yes,No,No internet service,No internet service,No internet service,No internet service,No internet service,No internet service,Month-to-month,Yes,Mailed check,18.0,68.87,0
CUST-03025,Male,0,No,No,17,Yes,No,No,No internet service,No internet service,No internet service,No internet service,No internet service,No internet service,Month-to-month,No,Credit card (automatic),19.04,326.56,0
CUST-03026,Male,0,No,No,54,Yes,Yes,No,No internet service,No internet service,No internet service,No internet service,No internet service,No internet service,Month-to-month,Yes,Electronic check,23.13,1237.75,1
CUST-03027,Male,0,No,No,27,Yes,No,Fiber optic,No,Yes,Yes,No,Yes,Yes,Two year,Yes,Credit card (automatic),90.91,2564.44,0
CUST-03028,Male,0,Yes,Yes,3,Yes,No,No,No internet service,No internet service,No internet service,No internet service,No internet service,No internet service,Month-to-month,Yes,Electronic check,19.33,55.74,1
CUST-03029,Male,0,Yes,Yes,12,Yes,No,Fiber optic,No,No,No,No,Yes,Yes,One year,Yes,Bank transfer (automatic),88.8,1040.53,1
CUST-03030,Male,0,Yes,No,72,Yes,No,No,No internet service,No internet service,No internet service,No internet service,No internet service,No internet service,Month-to-month,Yes,Bank transfer (automatic),20.66,1451.09,0
CUST-03031,Female,0,No,No,25,Yes,No,Fiber optic,No,No,No,Yes,Yes,No,Month-to-month,No,Bank transfer (automatic),81.79,2135.36,0
CUST-03032,Male,0,No,No,10,No,No phone service,Fiber optic,Yes,No,No,No,No,No,One year,Yes,Electronic check,75.91,732.68,0
CUST-03033,Male,0,Yes,Yes,72,Yes,No,No,No internet service,No internet service,No internet service,No internet service,No internet service,No internet service,Two year,Yes,Bank transfer (automatic),22.71,1714.8,0
CUST-03034,Female,0,Yes,No,13,Yes,No,DSL,No,Yes,No,No,No,Yes,Month-to-month,Yes,Mailed check,96.92,1311.25,0
CUST-03035,Male,0,No,No,41,Yes,Yes,DSL,No,Yes,No,No,No,No,Month-to-month,Yes,Electronic check,54.38,2308.49,1
CUST-03036,Male,0,No,No,5,Yes,No,Fiber optic,No,Yes,No,No,No,Yes,One year,Yes,Electronic check,103.11,520.45,1
CUST-03037,Female,0,Yes,No,5,Yes,Yes,No,No internet service,No internet service,No internet service,No internet service,No internet service,No internet service,Two year,No,Electronic check,20.1,105.36,0
CUST-03038,Male,1,No,Yes,26,Yes,No,DSL,Yes,No,No,No,Yes,No,Two year,Yes,Electronic check,85.11,2166.61,0
CUST-03039,Male,0,Yes,Yes,8,Yes,No,Fiber optic,No,No,No,No,No,No,Month-to-month,Yes,Bank transfer (automatic),84.5,665.28,0
CUST-03040,Male,0,No,Yes,1,Yes,No,Fiber optic,No,Yes,No,Yes,Yes,No,One year,Yes,Credit card (automatic),90.61,92.54,0
CUST-03041,Female,0,No,No,72,Yes,No,No,No internet service,No internet service,No internet service,No internet service,No internet service,No internet service,Month-to-month,No,Electronic check,21.73,1592.91,0
CUST-03042,Male,0,No,No,1,Yes,No,Fiber optic,No,Yes,Yes,No,Yes,Yes,Month-to-month,Yes,Mailed check,93.34,96.47,0
CUST-03043,Male,0,Yes,No,40,Yes,No,DSL,No,No,Yes,No,No,No,Month-to-month,Yes,Electronic check,57.71,2365.15,0
CUST-03044,Female,0,Yes,No,12,Yes,No,Fiber optic,No,No,No,No,No,No,Month-to-month,Yes,Bank transfer (automatic),71.12,867.82,1
CUST-03045,Male,0,No,No,72,Yes,Yes,DSL,No,Yes,No,No,No,No,Two year,Yes,Credit card (automatic),64.5,4785.94,0
CUST-03046,Female,0,Yes,No,72,Yes,No,Fiber optic,Yes,No,No,No,No,No,Month-to-month,Yes,Electronic check,95.07,7178.24,0
CUST-03047,Female,0,No,No,13,Yes,No,Fiber optic,No,Yes,No,No,No,No,Month-to-month,Yes,Credit card (automatic),72.1,947.75,1
CUST-03048,Male,0,No,No,28,Yes,No,Fiber optic,Yes,Yes,Yes,No,No,Yes,Two year,Yes,Electronic check,80.12,2247.82,1
CUST-03049,Female,0,No,No,47,Yes,No,No,No internet service,No internet service,No internet service,No internet service,No internet service,No internet service,One year,Yes,Electronic check,19.32,876.28,0
CUST-03050,Female,0,No,No,4,Yes,No,No,No internet service,No internet service,No internet service,No internet service,No internet service,No internet service,Month-to-month,Yes,Electronic check,18.0,71.25,0
CUST-03051,Male,0,No,Yes,39,Yes,No,No,No internet service,No internet service,No internet service,No internet service,No internet service,No internet service,Month-to-month,No,Electronic check,25.12,984.96,0
CUST-03052,Female,0,No,No,72,Yes,No,DSL,No,No,No,No,Yes,No,Month-to-month,No,Electronic check,55.87,3840.79,0
CUST-03053,Female,1,Yes,Yes,6,Yes,Yes,Fiber optic,No,No,Yes,No,No,No,Month-to-month,No,Mailed check,74.59,468.43,0
CUST-03054,Male,0,Yes,Yes,58,Yes,No,DSL,No,No,Yes,Yes,Yes,No,Two year,Yes,Bank transfer (automatic),49.65,2760.14,0
CUST-03055,Male,0,Yes,Yes,3,Yes,No,DSL,No,No,No,Yes,No,Yes,Month-to-month,No,Electronic check,63.19,199.0,0
CUST-03056,Male,0,Yes,Yes,26,Yes,Yes,Fiber optic,Yes,Yes,Yes,Yes,No,Yes,Two year,No,Electronic check,74.45,1886.44,0
CUST-03057,Female,1,No,No,13,Yes,No,Fiber optic,No,No,No,No,Yes,Yes,One year,Yes,Electronic check,99.87,1327.25,0
CUST-03058,Male,0,No,Yes,20,Yes,Yes,No,No internet service,No internet service,No internet service,No internet service,No internet service,No internet service,One year,Yes,Credit card (automatic),18.55,370.36,0
CUST-03059,Female,0,No,No,11,Yes,No,Fiber optic,Yes,Yes,No,No,Yes,Yes,Month-to-month,Yes,Electronic check,78.57,825.81,1
CUST-03060,Female,1,No,No,9,Yes,No,DSL,No,Yes,Yes,No,No,Yes,Month-to-month,No,Electronic check,60.99,533.57,1
CUST-03061,Female,1,No,No,43,Yes,No,Fiber optic,Yes,Yes,No,Yes,No,No,One year,Yes,Electronic check,110.86,4987.7,0
CUST-03062,Female,0,No,No,8,Yes,No,DSL,No,No,Yes,Yes,Yes,No,Month-to-month,Yes,Electronic check,65.01,521.26,1
CUST-03063,Female,0,Yes,No,16,Yes,No,No,No internet service,No internet service,No internet service,No internet service,No internet service,No internet service,One year,No,Mailed check,25.36,418.88,0
CUST-03064,Female,0,No,No,10,Yes,No,DSL,No,Yes,Yes,Yes,No,No,Month-to-month,No,Electronic check,50.58,526.24,1
CUST-03065,Female,0,Yes,Yes,8,Yes,No,Fiber optic,No,No,No,Yes,Yes,No,Two year,Yes,Electronic check,101.69,774.57,0
CUST-03066,Male,0,No,No,31,Yes,No,Fiber optic,No,Yes,Yes,No,Yes,No,Two year,No,Credit card (automatic),84.27,2670.19,0
CUST-03067,Male,0,Yes,No,1,Yes,Yes,Fiber optic,No,Yes,No,Yes,No,No,One year,Yes,Credit card (automatic),63.23,62.73,0
CUST-03068,Female,0,No,No,49,Yes,No,Fiber optic,No,No,No,No,No,No,Month-to-month,No,Credit card (automatic),59.86,2818.37,1
CUST-03069,Female,0,No,No,25,Yes,No,No,No internet service,No internet service,No internet service,No internet service,No internet service,No internet service,One year,Yes,Credit card (automatic),22.06,549.03,0
CUST-03070,Male,0,No,No,56,Yes,Yes,DSL,No,No,No,Yes,No,No,One year,No,Bank transfer (automatic),35.81,2094.47,0
CUST-03071,Female,0,No,No,7,Yes,Yes,DSL,No,No,No,Yes,No,No,Two year,Yes,Credit card (automatic),66.7,465.66,0
CUST-03072,Male,0,No,No,39,Yes,Yes,No,No internet service,No internet service,No internet service,No internet service,No internet service,No internet service,Month-to-month,No,Mailed check,25.92,983.99,0
CUST-03073,Male,0,Yes,No,17,Yes,No,No,No internet service,No internet service,No internet service,No internet service,No internet service,No internet service,Two year,No,Credit card (automatic),19.38,328.75,0
CUST-03074,Male,1,Yes,No,2,No,No phone service,Fiber optic,No,Yes,No,Yes,Yes,Yes,Month-to-month,Yes,Credit card (automatic),58.87,117.28,0
CUST-03075,Female,0,No,No,44,Yes,Yes,No,No internet service,No internet service,No internet service,No internet service,No internet service,No internet service,Two year,Yes,Bank transfer (automatic),23.39,1008.25,0
CUST-03076,Female,0,Yes,No,45,Yes,Yes,Fiber optic,No,Yes,No,No,Yes,No,Two year,Yes,Credit card (automatic),73.11,3291.54,0
CUST-03077,Male,1,Yes,No,10,No,No phone service,Fiber optic,No,Yes,No,No,No,No,Two year,Yes,Electronic check,79.8,802.06,1
CUST-03078,Male,0,No,No,72,Yes,No,Fiber optic,No,Yes,No,No,Yes,No,One year,No,Electronic check,77.38,5438.66,1
CUST-03079,Male,0,Yes,No,46,Yes,Yes,No,No internet service,No internet service,No internet service,No internet service,No internet service,No internet service,Month-to-month,Yes,Mailed check,19.45,938.65,0
CUST-03080,Male,1,Yes,No,11,Yes,No,DSL,No,No,Yes,No,No,No,Two year,Yes,Mailed check,74.15,804.9,0
CUST-03081,Male,0,Yes,Yes,8,Yes,Yes,DSL,No,No,Yes,No,No,Yes,Month-to-month,No,Credit card (automatic),60.35,493.06,1
CUST-03082,Female,0,Yes,Yes,18,No,No phone service,Fiber optic,No,No,Yes,No,Yes,No,Month-to-month,Yes,Credit card (automatic),44.91,842.5,1
CUST-03083,Male,0,No,No,11,Yes,Yes,DSL,Yes,Yes,Yes,No,Yes,No,Two year,Yes,Bank transfer (automatic),55.05,585.01,0
CUST-03084,Female,0,No,No,7,No,No phone service,Fiber optic,No,No,No,No,Yes,No,Month-to-month,Yes,Electronic check,64.08,433.11,1
CUST-03085,Male,0,No,No,16,Yes,Yes,Fiber optic,No,No,No,No,No,No,One year,No,Electronic check,109.81,1738.87,0
CUST-03086,Female,1,Yes,No,1,Yes,No,No,No internet service,No internet service,No internet service,No internet service,No internet service,No internet service,Month-to-month,Yes,Bank transfer (automatic),28.13,29.03,1
CUST-03087,Female,0,No,Yes,16,Yes,No,DSL,No,No,Yes,Yes,No,No,Month-to-month,Yes,Mailed check,52.33,848.96,0
CUST-03088,Female,0,Yes,Yes,8,Yes,Yes,DSL,No,Yes,No,Yes,Yes,No,One year,Yes,Electronic check,87.67,698.02,0
CUST-03089,Female,0,No,No,9,Yes,No,Fiber optic,No,Yes,No,No,No,Yes,One year,No,Electronic check,39.72,355.17,0
CUST-03090,Female,0,No,No,2,Yes,No,Fiber optic,No,No,No,No,No,Yes,Month-to-month,No,Bank transfer (automatic),54.14,109.26,0
CUST-03091,Female,0,No,No,28,Yes,Yes,Fiber optic,Yes,No,Yes,No,No,No,Month-to-month,Yes,Credit card (automatic),64.12,1752.26,0
CUST-03092,Male,0,No,Yes,20,Yes,Yes,Fiber optic,No,Yes,No,No,No,Yes,Month-to-month,No,Electronic check,86.49,1786.44,1
CUST-03093,Female,0,Yes,Yes,44,No,No phone service,No,No internet service,No internet service,No internet service,No internet service,No internet service,No internet service,Two year,Yes,Mailed check,18.0,777.51,0
CUST-03094,Male,0,Yes,No,72,Yes,Yes,Fiber optic,Yes,Yes,Yes,Yes,No,No,Month-to-month,Yes,Bank transfer (automatic),102.17,7420.85,1
CUST-03095,Female,0,No,No,4,Yes,No,Fiber optic,No,No,Yes,No,No,No,Two year,Yes,Mailed check,104.49,398.83,0
CUST-03096,Female,0,Yes,No,10,Yes,Yes,Fiber optic,Yes,No,No,No,Yes,No,Month-to-month,No,Credit card (automatic),72.38,714.9,1
CUST-03097,Male,0,Yes,Yes,36,Yes,No,Fiber optic,No,No,No,Yes,No,No,Two year,Yes,Electronic check,63.04,2311.41,0
CUST-03098,Female,0,Yes,No,8,Yes,No,Fiber optic,No,No,No,Yes,Yes,Yes,One year,No,Credit card (automatic),93.1,715.22,1
CUST-03099,Male,0,Yes,No,1,Yes,No,DSL,Yes,No,No,Yes,Yes,No,Month-to-month,Yes,Electronic check,63.57,65.3,0
CUST-03100,Male,0,No,No,3,Yes,Yes,Fiber optic,No,Yes,Yes,No,No,Yes,Month-to-month,No,Bank transfer (automatic),100.12,292.81,1
CUST-03101,Male,0,No,No,18,Yes,Yes,No,No internet service,No internet service,No internet service,No internet service,No internet service,No internet service,Two year,Yes,Electronic check,18.28,342.17,0
CUST-03102,Male,0,Yes,No,18,No,No phone service,DSL,No,No,No,No,Yes,No,Two year,No,Credit card (automatic),56.97,1014.35,0
CUST-03103,Female,1,Yes,No,72,Yes,Yes,Fiber optic,No,Yes,No,Yes,No,Yes,Two year,Yes,Electronic check,83.3,6160.01,0
CUST-03104,Female,0,No,No,20,Yes,Yes,Fiber optic,No,No,Yes,No,No,No,Month-to-month,Yes,Mailed check,70.14,1416.53,1
CUST-03105,Male,0,No,No,36,Yes,Yes,DSL,No,No,No,No,No,Yes,Month-to-month,Yes,Credit card (automatic),68.49,2445.31,0
CUST-03106,Female,0,No,Yes,21,Yes,Yes,Fiber optic,Yes,Yes,No,No,Yes,No,Month-to-month,Yes,Mailed check,78.99,1646.66,0
CUST-03107,Female,0,No,No,10,Yes,Yes,DSL,Yes,Yes,Yes,No,No,No,Month-to-month,No,Credit card (automatic),50.04,477.08,1
CUST-03108,Male,0,No,Yes,3,Yes,No,No,No internet service,No internet service,No internet service,No internet service,No internet service,No internet service,Month-to-month,Yes,Credit card (automatic),18.04,55.2,1
CUST-03109,Female,0,No,No,62,Yes,Yes,DSL,No,Yes,Yes,No,No,Yes,Month-to-month,Yes,Electronic check,54.48,3491.49,0
CUST-03110,Male,0,No,No,5,Yes,Yes,No,No internet service,No internet service,No internet service,No internet service,No internet service,No internet service,One year,Yes,Mailed check,21.66,105.21,0
CUST-03111,Male,1,Yes,Yes,3,Yes,Yes,DSL,No,Yes,No,Yes,No,No,One year,No,Bank transfer (automatic),52.45,162.39,0
CUST-03112,Female,1,No,No,7,Yes,Yes,Fiber optic,No,Yes,No,No,Yes,No,Month-to-month,Yes,Credit card (automatic),103.5,742.39,1
CUST-03113,Female,0,Yes,No,1,No,No phone service,DSL,No,No,Yes,No,No,No,Month-to-month,Yes,Electronic check,73.93,76.75,0
CUST-03114,Female,0,No,No,2,Yes,Yes,No,No internet service,No internet service,No internet service,No internet service,No internet service,No internet service,Month-to-month,No,Mailed check,21.97,45.75,0
CUST-03115,Male,0,No,No,32,Yes,Yes,No,No internet service,No internet service,No internet service,No internet service,No internet service,No internet service,Two year,No,Electronic check,22.53,703.29,0
CUST-03116,Male,0,No,No,8,Yes,No,DSL,Yes,No,Yes,No,Yes,No,Two year,No,Bank transfer (automatic),90.95,701.76,0
CUST-03117,Female,0,Yes,No,13,Yes,Yes,DSL,No,Yes,Yes,No,Yes,No,Month-to-month,Yes,Electronic check,56.3,759.79,1
CUST-03118,Female,0,No,No,57,Yes,No,DSL,No,No,Yes,No,No,No,Month-to-month,Yes,Electronic check,68.13,3996.91,0
CUST-03119,Female,0,Yes,No,47,Yes,No,DSL,No,No,Yes,No,No,Yes,Month-to-month,No,Bank transfer (automatic),75.41,3376.26,0
CUST-03120,Female,0,Yes,No,21,Yes,Yes,DSL,No,No,No,No,No,Yes,Month-to-month,No,Credit card (automatic),64.44,1385.2,0
CUST-03121,Male,0,Yes,Yes,30,Yes,Yes,DSL,Yes,No,No,No,No,Yes,Month-to-month,No,Mailed check,32.84,969.07,0
CUST-03122,Female,0,Yes,No,2,Yes,No,No,No internet service,No internet service,No internet service,No internet service,No internet service,No internet service,Month-to-month,Yes,Mailed check,18.0,35.74,0
CUST-03123,Male,0,Yes,No,45,Yes,No,No,No internet service,No internet service,No internet service,No internet service,No internet service,No internet service,Month-to-month,No,Bank transfer (automatic),23.83,1083.38,1
CUST-03124,Male,0,No,Yes,23,Yes,Yes,Fiber optic,No,No,Yes,No,No,No,One year,No,Bank transfer (automatic),89.4,2149.86,0
CUST-03125,Female,0,No,No,27,Yes,No,No,No internet service,No internet service,No internet service,No internet service,No internet service,No internet service,Month-to-month,No,Bank transfer (automatic),20.45,530.46,0
CUST-03126,Female,0,Yes,Yes,35,Yes,No,Fiber optic,No,No,Yes,Yes,No,Yes,Month-to-month,Yes,Mailed check,83.3,2773.33,0
CUST-03127,Female,1,Yes,No,22,Yes,No,DSL,No,Yes,No,No,No,Yes,One year,Yes,Mailed check,45.94,1026.31,0
CUST-03128,Male,0,No,No,23,Yes,Yes,DSL,No,Yes,No,Yes,Yes,Yes,Two year,Yes,Electronic check,63.31,1383.93,0
CUST-03129,Female,0,No,No,22,Yes,No,DSL,Yes,No,No,No,Yes,No,Month-to-month,No,Credit card (automatic),26.53,612.51,0
CUST-03130,Female,0,Yes,Yes,21,Yes,Yes,No,No internet service,No internet service,No internet service,No internet service,No internet service,No internet service,Month-to-month,Yes,Bank transfer (automatic),24.88,499.94,0
CUST-03131,Male,0,No,No,44,Yes,Yes,Fiber optic,Yes,No,No,No,Yes,No,Two year,No,Mailed check,74.08,3250.91,0
CUST-03132,Female,0,No,No,17,Yes,Yes,DSL,No,Yes,Yes,No,Yes,No,Month-to-month,Yes,Mailed check,76.39,1295.76,0
CUST-03133,Male,0,Yes,No,1,Yes,No,Fiber optic,Yes,No,No,No,No,No,Month-to-month,Yes,Electronic check,111.99,109.29,1
CUST-03134,Female,0,Yes,No,30,Yes,No,DSL,No,No,No,No,Yes,Yes,Month-to-month,Yes,Mailed check,76.04,2181.07,1
CUST-03135,Male,0,No,No,72,Yes,No,DSL,No,Yes,Yes,No,Yes,No,One year,No,Bank transfer (automatic),73.76,5442.71,0
CUST-03136,Female,0,Yes,No,9,Yes,Yes,DSL,Yes,Yes,No,No,No,No,Month-to-month,No,Credit card (automatic),44.91,419.38,0
CUST-03137,Female,0,No,No,54,Yes,No,Fiber optic,No,No,No,No,No,Yes,One year,Yes,Bank transfer (automatic),72.56,3846.54,0
CUST-03138,Male,0,Yes,No,19,Yes,Yes,Fiber optic,No,Yes,No,No,Yes,No,Month-to-month,Yes,Bank transfer (automatic),68.95,1354.76,1
CUST-03139,Male,0,No,Yes,32,Yes,No,DSL,No,No,No,No,Yes,No,Month-to-month,Yes,Bank transfer (automatic),57.18,1905.13,0
CUST-03140,Female,0,No,No,70,Yes,Yes,Fiber optic,No,No,No,Yes,Yes,No,One year,Yes,Mailed check,73.97,5425.73,0
CUST-03141,Male,0,Yes,No,47,Yes,No,Fiber optic,Yes,No,Yes,Yes,No,No,One year,Yes,Electronic check,109.05,5227.7,0
CUST-03142,Male,0,No,No,69,Yes,Yes,Fiber optic,No,No,Yes,No,No,Yes,Month-to-month,Yes,Credit card (automatic),86.3,5914.44,0
CUST-03143,Male,0,No,Yes,1,Yes,No,Fiber optic,No,No,Yes,Yes,No,No,Month-to-month,No,Mailed check,92.0,95.18,0
CUST-03144,Male,0,No,No,6,Yes,No,DSL,No,Yes,Yes,No,Yes,Yes,Month-to-month,Yes,Credit card (automatic),50.3,300.49,1
CUST-03145,Female,1,No,No,17,Yes,Yes,DSL,No,Yes,No,No,No,No,Month-to-month,No,Mailed check,50.36,880.23,0
CUST-03146,Female,0,Yes,Yes,60,Yes,No,No,No internet service,No internet service,No internet service,No internet service,No internet service,No internet service,Month-to-month,Yes,Bank transfer (automatic),25.92,1619.52,0
CUST-03147,Male,0,No,No,58,No,No phone service,No,No internet service,No internet service,No internet service,No internet service,No internet service,No internet service,Two year,Yes,Mailed check,25.24,1484.73,0
CUST-03148,Male,0,Yes,Yes,6,No,No phone service,Fiber optic,Yes,No,No,No,Yes,Yes,One year,No,Electronic check,57.4,352.0,0
CUST-03149,Male,0,Yes,Yes,4,Yes,No,Fiber optic,No,No,No,No,Yes,No,Month-to-month,Yes,Credit card (automatic),96.38,395.17,1
CUST-03150,Male,1,Yes,Yes,57,Yes,No,Fiber optic,Yes,No,No,Yes,No,No,Month-to-month,Yes,Bank transfer (automatic),112.98,6644.25,0
CUST-03151,Female,0,Yes,Yes,24,Yes,Yes,Fiber optic,No,Yes,Yes,No,Yes,No,Month-to-month,Yes,Mailed check,108.95,2573.84,1
CUST-03152,Female,0,Yes,Yes,31,No,No phone service,Fiber optic,No,No,No,No,Yes,No,Two year,No,Electronic check,65.95,2127.49,0
CUST-03153,Male,0,No,No,53,Yes,No,DSL,No,Yes,No,No,No,No,Two year,Yes,Credit card (automatic),96.68,5325.38,0
CUST-03154,Male,0,No,No,7,Yes,No,No,No internet service,No internet service,No internet service,No internet service,No internet service,No internet service,Month-to-month,Yes,Credit card (automatic),22.72,163.2,0
CUST-03155,Male,0,Yes,No,4,Yes,Yes,Fiber optic,Yes,Yes,No,No,No,No,Two year,No,Mailed check,60.01,228.28,0
CUST-03156,Female,1,Yes,No,62,No,No phone service,No,No internet service,No internet service,No internet service,No internet service,No internet service,No internet service,Two year,Yes,Electronic check,20.16,1262.92,0
CUST-03157,Male,0,No,No,3,No,No phone service,No,No internet service,No internet service,No internet service,No internet service,No internet service,No internet service,Two year,Yes,Electronic check,21.7,67.36,0
CUST-03158,Female,0,Yes,No,2,Yes,No,Fiber optic,No,Yes,Yes,No,No,Yes,Two year,Yes,Electronic check,71.09,146.98,1
CUST-03159,Male,1,Yes,No,10,Yes,No,Fiber optic,Yes,No,Yes,No,No,Yes,Two year,No,Mailed check,93.29,966.35,1
CUST-03160,Female,0,No,No,12,Yes,No,No,No internet service,No internet service,No internet service,No internet service,No internet service,No internet service,Month-to-month,No,Credit card (automatic),19.28,240.75,0
CUST-03161,Male,0,Yes,No,8,No,No phone service,Fiber optic,No,No,Yes,No,No,No,Month-to-month,No,Mailed check,29.69,247.18,1
CUST-03162,Female,0,Yes,No,43,Yes,Yes,Fiber optic,No,No,Yes,Yes,Yes,Yes,Two year,No,Mailed check,61.61,2747.08,0
CUST-03163,Male,0,No,Yes,72,Yes,No,Fiber optic,No,Yes,No,No,Yes,Yes,Month-to-month,Yes,Mailed check,62.54,4330.02,0
CUST-03164,Male,0,No,No,7,Yes,No,No,No internet service,No internet service,No internet service,No internet service,No internet service,No internet service,Month-to-month,Yes,Electronic check,25.15,172.64,0
CUST-03165,Male,0,Yes,No,48,Yes,No,Fiber optic,No,No,No,Yes,No,No,Month-to-month,No,Electronic check,53.93,2466.91,0
CUST-03166,Female,0,No,No,1,Yes,Yes,Fiber optic,No,Yes,No,No,No,No,One year,No,Mailed check,72.58,71.68,1
CUST-03167,Male,0,No,No,4,Yes,No,DSL,No,No,Yes,Yes,Yes,No,Month-to-month,No,Electronic check,56.49,232.25,1
CUST-03168,Female,0,Yes,No,23,Yes,No,Fiber optic,No,No,No,No,No,No,Month-to-month,No,Mailed check,60.1,1346.53,0
CUST-03169,Female,0,Yes,Yes,72,Yes,No,DSL,Yes,No,No,No,No,Yes,One year,Yes,Electronic check,38.85,2723.31,0
CUST-03170,Male,0,Yes,Yes,72,Yes,No,Fiber optic,Yes,No,Yes,Yes,Yes,No,Two year,Yes,Credit card (automatic),98.24,6752.89,0
CUST-03171,Male,0,Yes,No,3,Yes,Yes,Fiber optic,No,Yes,No,No,No,No,Month-to-month,Yes,Bank transfer (automatic),96.85,293.13,1
CUST-03172,Male,0,Yes,Yes,8,Yes,Yes,DSL,No,No,No,Yes,No,No,One year,Yes,Bank transfer (automatic),64.9,529.65,0
CUST-03173,Female,0,Yes,No,72,Yes,Yes,No,No internet service,No internet service,No internet service,No internet service,No internet service,No internet service,Month-to-month,Yes,Mailed check,23.74,1632.35,0
CUST-03174,Male,0,Yes,No,5,Yes,Yes,Fiber optic,No,No,Yes,Yes,No,No,Month-to-month,Yes,Mailed check,69.06,341.65,1
CUST-03175,Female,0,No,No,43,Yes,No,Fiber optic,No,Yes,No,No,No,No,Month-to-month,Yes,Bank transfer (automatic),45.03,1957.86,0
CUST-03176,Female,0,No,No,1,Yes,No,DSL,Yes,No,Yes,No,No,Yes,Two year,Yes,Bank transfer (automatic),69.05,71.83,0
CUST-03177,Male,0,No,No,31,Yes,Yes,Fiber optic,Yes,No,Yes,Yes,No,No,Two year,Yes,Credit card (automatic),85.07,2544.62,0
CUST-03178,Male,0,No,No,21,Yes,No,DSL,No,No,No,No,Yes,Yes,One year,No,Mailed check,46.81,1003.43,0
CUST-03179,Male,0,No,No,20,Yes,No,Fiber optic,Yes,Yes,Yes,No,No,Yes,Month-to-month,Yes,Electronic check,55.34,1080.11,0
CUST-03180,Male,0,No,No,56,Yes,Yes,DSL,No,No,No,No,Yes,Yes,One year,No,Mailed check,63.19,3561.48,0
CUST-03181,Male,0,Yes,Yes,2,Yes,No,Fiber optic,Yes,No,No,No,No,No,Month-to-month,Yes,Electronic check,90.64,184.4,0
CUST-03182,Male,0,Yes,No,15,No,No phone service,No,No internet service,No internet service,No internet service,No internet service,No internet service,No internet service,Month-to-month,No,Mailed check,18.0,256.7,1
CUST-03183,Female,1,No,Yes,18,Yes,Yes,Fiber optic,No,Yes,No,No,Yes,No,Two year,Yes,Electronic check,66.96,1164.12,1
CUST-03184,Female,0,Yes,Yes,4,No,No phone service,DSL,Yes,No,Yes,No,Yes,No,One year,Yes,Credit card (automatic),50.23,204.95,0
CUST-03185,Female,0,Yes,No,2,Yes,Yes,DSL,No,No,Yes,Yes,No,Yes,Two year,No,Bank transfer (automatic),81.25,157.57,1
CUST-03186,Male,0,No,Yes,6,Yes,No,Fiber optic,No,No,Yes,No,Yes,No,One year,Yes,Electronic check,65.08,402.72,0
CUST-03187,Female,0,No,No,8,Yes,Yes,DSL,No,No,No,No,No,Yes,Two year,No,Electronic check,60.23,492.14,0
CUST-03188,Female,0,No,No,72,Yes,Yes,DSL,Yes,No,No,Yes,No,Yes,Month-to-month,Yes,Mailed check,63.79,4751.88,0
CUST-03189,Female,0,Yes,Yes,20,Yes,No,DSL,No,No,No,No,No,No,Month-to-month,Yes,Bank transfer (automatic),47.34,967.28,1
CUST-03190,Female,0,Yes,No,22,Yes,No,DSL,No,No,No,No,No,No,Two year,Yes,Bank transfer (automatic),79.92,1790.73,0
CUST-03191,Female,0,No,No,39,Yes,No,Fiber optic,Yes,No,Yes,No,No,Yes,Month-to-month,Yes,Credit card (automatic),75.08,3027.42,1
CUST-03192,Male,0,Yes,No,36,Yes,No,DSL,No,Yes,No,Yes,No,Yes,Month-to-month,Yes,Bank transfer (automatic),70.07,2502.28,1
CUST-03193,Male,0,Yes,No,22,Yes,Yes,Fiber optic,Yes,No,No,No,No,Yes,Two year,No,Mailed check,45.85,1048.21,0
CUST-03194,Female,0,No,No,13,No,No phone service,Fiber optic,Yes,Yes,No,No,Yes,No,Two year,No,Mailed check,93.88,1279.75,0
CUST-03195,Female,0,No,No,12,Yes,No,DSL,Yes,No,No,Yes,No,Yes,Month-to-month,No,Bank transfer (automatic),53.58,659.72,0
CUST-03196,Female,0,No,No,1,No,No phone service,No,No internet service,No internet service,No internet service,No internet service,No internet service,No internet service,Month-to-month,No,Credit card (automatic),18.0,17.54,0
CUST-03197,Male,0,No,Yes,72,Yes,No,DSL,No,Yes,Yes,No,No,Yes,Two year,Yes,Mailed check,71.49,5109.96,0
CUST-03198,Male,0,Yes,No,46,Yes,Yes,DSL,Yes,Yes,Yes,No,No,Yes,Two year,Yes,Bank transfer (automatic),44.76,2041.39,0
CUST-03199,Female,1,Yes,No,31,Yes,Yes,Fiber optic,No,Yes,No,No,No,No,Two year,No,Electronic check,79.2,2461.57,0
CUST-03200,Male,1,Yes,Yes,16,Yes,Yes,Fiber optic,No,No,Yes,No,Yes,Yes,One year,Yes,Credit card (automatic),72.5,1181.2,0
CUST-03201,Male,0,No,No,27,Yes,No,No,No internet service,No internet service,No internet service,No internet service,No internet service,No internet service,Month-to-month,No,Bank transfer (automatic),18.38,472.01,0
CUST-03202,Female,0,No,No,21,Yes,Yes,DSL,No,No,No,Yes,Yes,No,Month-to-month,Yes,Mailed check,64.97,1325.02,0
CUST-03203,Male,0,Yes,Yes,10,Yes,No,DSL,No,Yes,No,No,No,No,Month-to-month,Yes,Credit card (automatic),54.32,550.6,1
CUST-03204,Male,0,No,No,11,Yes,Yes,No,No internet service,No internet service,No internet service,No internet service,No internet service,No internet service,Month-to-month,Yes,Credit card (automatic),22.56,244.23,0
CUST-03205,Female,0,Yes,No,66,No,No phone service,Fiber optic,Yes,No,Yes,No,Yes,No,Month-to-month,Yes,Electronic check,71.77,4607.66,1
CUST-03206,Male,0,No,No,32,Yes,Yes,DSL,No,Yes,No,Yes,No,No,Month-to-month,Yes,Electronic check,67.16,2194.69,0
CUST-03207,Male,1,No,No,1,Yes,No,Fiber optic,Yes,No,No,Yes,Yes,No,Month-to-month,Yes,Credit card (automatic),86.33,89.18,1
CUST-03208,Female,0,Yes,No,12,Yes,No,DSL,Yes,No,No,No,Yes,No,Month-to-month,Yes,Bank transfer (automatic),65.79,822.02,0
CUST-03209,Male,0,Yes,Yes,13,Yes,No,No,No internet service,No internet service,No internet service,No internet service,No internet service,No internet service,Month-to-month,Yes,Credit card (automatic),18.0,243.14,1
CUST-03210,Male,0,Yes,No,39,Yes,No,No,No internet service,No internet service,No internet service,No internet service,No internet service,No internet service,Month-to-month,Yes,Mailed check,19.47,775.14,0
CUST-03211,Female,0,Yes,No,38,Yes,No,No,No internet service,No internet service,No internet service,No internet service,No internet service,No internet service,Month-to-month,Yes,Bank transfer (automatic),18.68,741.5,0
CUST-03212,Female,0,Yes,Yes,19,No,No phone service,DSL,No,No,Yes,No,Yes,Yes,Month-to-month,No,Bank transfer (automatic),56.07,1109.77,1
CUST-03213,Female,0,No,No,72,Yes,Yes,No,No internet service,No internet service,No internet service,No internet service,No internet service,No internet service,Month-to-month,No,Electronic check,24.42,1706.03,0
CUST-03214,Male,0,Yes,Yes,65,Yes,No,DSL,No,Yes,No,Yes,No,No,One year,No,Credit card (automatic),45.97,2901.57,0
CUST-03215,Female,0,No,Yes,64,Yes,No,Fiber optic,Yes,No,No,No,No,No,One year,Yes,Bank transfer (automatic),52.99,3376.4,0
CUST-03216,Male,1,Yes,No,13,Yes,Yes,Fiber optic,No,No,No,No,No,Yes,Two year,Yes,Bank transfer (automatic),55.44,708.73,1
CUST-03217,Female,0,Yes,No,18,Yes,Yes,Fiber optic,No,No,No,No,Yes,No,Month-to-month,No,Electronic check,76.71,1445.38,1
CUST-03218,Male,0,Yes,No,17,Yes,Yes,DSL,No,No,No,Yes,No,No,One year,Yes,Bank transfer (automatic),69.26,1204.67,0
CUST-03219,Female,0,No,No,18,Yes,No,Fiber optic,No,No,No,No,No,Yes,One year,Yes,Credit card (automatic),81.61,1452.05,0
CUST-03220,Female,0,Yes,Yes,70,Yes,No,DSL,No,No,Yes,No,No,No,Month-to-month,Yes,Credit card (automatic),40.25,2738.77,0
CUST-03221,Female,0,No,Yes,9,Yes,Yes,No,No internet service,No internet service,No internet service,No internet service,No internet service,No internet service,Two year,No,Credit card (automatic),18.0,166.49,0
CUST-03222,Female,1,No,No,51,Yes,No,Fiber optic,No,No,Yes,Yes,No,Yes,One year,Yes,Electronic check,89.86,4658.91,0
CUST-03223,Male,0,No,Yes,23,Yes,Yes,No,No internet service,No internet service,No internet service,No internet service,No internet service,No internet service,Month-to-month,Yes,Electronic check,18.0,419.77,1
CUST-03224,Female,1,No,Yes,9,Yes,Yes,Fiber optic,No,No,No,Yes,No,No,One year,No,Bank transfer (automatic),76.51,714.99,0
CUST-03225,Female,0,Yes,Yes,23,Yes,No,DSL,No,No,No,No,No,No,Two year,Yes,Credit card (automatic),47.26,1060.65,0
CUST-03226,Male,0,No,No,6,Yes,Yes,No,No internet service,No internet service,No internet service,No internet service,No internet service,No internet service,Two year,No,Bank transfer (automatic),21.0,121.58,0
CUST-03227,Female,1,No,No,3,No,No phone service,Fiber optic,No,No,No,No,No,No,Two year,Yes,Electronic check,82.9,258.0,1
CUST-03228,Male,0,No,No,58,Yes,No,DSL,No,No,No,Yes,No,No,Month-to-month,No,Bank transfer (automatic),30.75,1699.72,0
CUST-03229,Female,0,Yes,Yes,38,Yes,No,No,No internet service,No internet service,No internet service,No internet service,No internet service,No internet service,Month-to-month,No,Bank transfer (automatic),24.99,996.2,1
CUST-03230,Female,0,No,No,7,Yes,Yes,No,No internet service,No internet service,No internet service,No internet service,No internet service,No internet service,Month-to-month,Yes,Electronic check,18.0,122.88,0
CUST-03231,Female,0,Yes,No,72,No,No phone service,Fiber optic,No,Yes,No,No,Yes,No,Month-to-month,Yes,Electronic check,27.68,1999.07,0
CUST-03232,Male,0,Yes,No,1,Yes,Yes,No,No internet service,No internet service,No internet service,No internet service,No internet service,No internet service,Month-to-month,Yes,Electronic check,18.0,18.73,0
CUST-03233,Female,1,No,No,12,Yes,No,Fiber optic,Yes,No,Yes,Yes,No,No,Two year,No,Electronic check,52.57,624.17,0
CUST-03234,Female,0,No,No,1,Yes,Yes,Fiber optic,Yes,No,Yes,No,Yes,Yes,One year,Yes,Electronic check,93.3,91.27,0
CUST-03235,Female,0,No,No,4,Yes,Yes,No,No internet service,No internet service,No internet service,No internet service,No internet service,No internet service,One year,No,Electronic check,21.5,81.88,0
CUST-03236,Male,1,No,No,6,Yes,Yes,DSL,No,Yes,No,No,Yes,No,Month-to-month,No,Mailed check,48.83,304.65,0
CUST-03237,Male,0,Yes,No,53,Yes,No,Fiber optic,No,No,No,Yes,No,Yes,Month-to-month,Yes,Electronic check,76.26,4066.51,0
CUST-03238,Female,0,Yes,No,72,No,No phone service,Fiber optic,No,No,No,Yes,No,Yes,Two year,No,Bank transfer (automatic),53.9,3737.27,0
CUST-03239,Male,0,No,No,64,Yes,No,Fiber optic,Yes,No,No,Yes,Yes,Yes,Month-to-month,Yes,Electronic check,59.39,3915.95,0
CUST-03240,Female,0,Yes,Yes,32,Yes,Yes,Fiber optic,No,No,No,No,Yes,No,One year,No,Electronic check,49.39,1550.28,0
CUST-03241,Female,0,No,No,41,No,No phone service,Fiber optic,No,Yes,No,No,No,No,Month-to-month,Yes,Credit card (automatic),92.22,3594.77,1
CUST-03242,Female,1,Yes,No,23,Yes,No,No,No internet service,No internet service,No internet service,No internet service,No internet service,No internet service,Month-to-month,Yes,Credit card (automatic),18.59,424.23,0
CUST-03243,Female,0,Yes,No,17,Yes,No,No,No internet service,No internet service,No internet service,No internet service,No internet service,No internet service,Month-to-month,No,Mailed check,23.71,414.19,1
CUST-03244,Female,0,No,No,37,Yes,Yes,Fiber optic,Yes,Yes,No,No,Yes,Yes,Month-to-month,No,Mailed check,94.35,3598.07,1
CUST-03245,Female,0,Yes,No,72,Yes,Yes,Fiber optic,No,Yes,Yes,No,No,No,One year,No,Electronic check,52.38,3762.81,0
CUST-03246,Female,0,No,No,1,Yes,Yes,Fiber optic,No,Yes,No,No,Yes,Yes,Month-to-month,Yes,Credit card (automatic),56.85,59.33,1
CUST-03247,Male,0,Yes,No,12,Yes,Yes,No,No internet service,No internet service,No internet service,No internet service,No internet service,No internet service,Two year,No,Electronic check,25.0,314.87,0
CUST-03248,Male,0,Yes,No,12,Yes,Yes,DSL,Yes,No,No,No,No,No,One year,Yes,Electronic check,60.29,693.82,0
CUST-03249,Male,0,No,No,17,Yes,Yes,No,No internet service,No internet service,No internet service,No internet service,No internet service,No internet service,One year,Yes,Mailed check,29.14,472.54,0
CUST-03250,Male,0,Yes,No,31,No,No phone service,Fiber optic,No,Yes,No,Yes,No,No,Month-to-month,No,Electronic check,75.96,2362.3,1
CUST-03251,Male,0,No,Yes,23,Yes,Yes,Fiber optic,No,Yes,No,No,Yes,No,Month-to-month,No,Bank transfer (automatic),81.55,1892.68,0
CUST-03252,Male,0,Yes,Yes,1,Yes,No,No,No internet service,No internet service,No internet service,No internet service,No internet service,No internet service,Month-to-month,Yes,Electronic check,21.44,20.46,0
CUST-03253,Male,0,Yes,No,16,No,No phone service,DSL,Yes,No,No,No,Yes,Yes,Two year,No,Electronic check,54.86,866.39,0
CUST-03254,Female,0,No,Yes,30,Yes,No,DSL,Yes,No,No,No,No,No,Month-to-month,Yes,Bank transfer (automatic),41.85,1279.26,0
CUST-03255,Female,0,No,Yes,22,Yes,No,Fiber optic,No,No,No,No,No,No,Month-to-month,Yes,Bank transfer (automatic),58.73,1273.09,1
CUST-03256,Female,0,Yes,No,65,Yes,Yes,DSL,Yes,Yes,Yes,Yes,No,No,Month-to-month,Yes,Electronic check,50.57,3238.62,0
CUST-03257,Female,0,No,Yes,16,Yes,Yes,Fiber optic,No,Yes,No,No,No,Yes,Two year,Yes,Electronic check,85.4,1409.76,0
CUST-03258,Male,0,No,Yes,1,Yes,No,DSL,No,Yes,Yes,Yes,Yes,No,One year,No,Electronic check,66.37,63.3,1
CUST-03259,Male,0,Yes,No,10,Yes,No,Fiber optic,No,Yes,Yes,No,Yes,Yes,Month-to-month,No,Credit card (automatic),72.74,753.41,1
CUST-03260,Female,0,Yes,Yes,4,Yes,No,DSL,No,No,No,Yes,Yes,Yes,One year,No,Bank transfer (automatic),85.15,325.02,1
CUST-03261,Female,0,No,Yes,9,Yes,Yes,DSL,Yes,No,Yes,No,Yes,Yes,Two year,No,Mailed check,49.19,421.12,0
CUST-03262,Male,0,Yes,No,14,Yes,Yes,DSL,No,No,No,No,Yes,Yes,Month-to-month,Yes,Electronic check,73.26,1016.71,1
CUST-03263,Female,0,Yes,Yes,36,No,No phone service,No,No internet service,No internet service,No internet service,No internet service,No internet service,No internet service,Month-to-month,No,Bank transfer (automatic),22.65,774.98,0
CUST-03264,Female,0,No,No,12,Yes,Yes,DSL,Yes,Yes,Yes,No,No,Yes,Month-to-month,Yes,Electronic check,78.76,912.2,1
CUST-03265,Female,1,Yes,No,68,Yes,No,Fiber optic,Yes,No,No,No,No,Yes,Two year,No,Mailed check,73.06,4892.29,0
CUST-03266,Female,1,No,No,11,Yes,Yes,Fiber optic,No,Yes,No,No,No,No,One year,Yes,Bank transfer (automatic),100.74,1091.36,0
CUST-03267,Male,0,No,No,4,Yes,Yes,Fiber optic,No,Yes,No,No,No,Yes,Month-to-month,Yes,Credit card (automatic),72.41,278.82,1
CUST-03268,Female,0,No,Yes,5,Yes,Yes,Fiber optic,No,No,No,Yes,No,Yes,Month-to-month,No,Credit card (automatic),86.35,442.67,1
CUST-03269,Female,0,No,Yes,72,Yes,No,Fiber optic,No,Yes,Yes,No,No,Yes,Two year,Yes,Electronic check,91.83,6618.08,0
CUST-03270,Male,0,Yes,Yes,19,Yes,No,No,No internet service,No internet service,No internet service,No internet service,No internet service,No internet service,One year,Yes,Credit card (automatic),18.0,349.72,0
CUST-03271,Male,0,Yes,No,16,Yes,No,Fiber optic,No,No,Yes,No,Yes,No,Month-to-month,Yes,Electronic check,103.11,1635.75,1
CUST-03272,Female,0,Yes,No,2,Yes,No,Fiber optic,No,Yes,No,Yes,No,Yes,Month-to-month,No,Electronic check,83.05,158.64,1
CUST-03273,Male,0,No,No,42,Yes,No,Fiber optic,No,No,No,No,No,No,Two year,Yes,Electronic check,90.31,3951.83,0
CUST-03274,Female,0,Yes,No,37,Yes,No,Fiber optic,No,Yes,No,No,No,No,One year,Yes,Bank transfer (automatic),100.04,3566.15,0
CUST-03275,Female,1,Yes,No,15,Yes,Yes,Fiber optic,No,No,Yes,No,Yes,Yes,Month-to-month,Yes,Mailed check,65.67,949.94,1
CUST-03276,Male,0,No,No,37,Yes,Yes,DSL,No,No,No,No,No,No,One year,Yes,Electronic check,77.98,2825.63,0
CUST-03277,Female,0,No,No,14,Yes,No,DSL,No,No,Yes,Yes,No,No,Month-to-month,No,Electronic check,47.2,662.9,1
CUST-03278,Female,0,Yes,No,2,Yes,Yes,DSL,No,Yes,No,No,No,Yes,Two year,No,Electronic check,93.54,183.55,0
CUST-03279,Female,0,Yes,Yes,42,Yes,No,No,No internet service,No internet service,No internet service,No internet service,No internet service,No internet service,Month-to-month,No,Credit card (automatic),20.12,856.65,1
CUST-03280,Female,0,No,No,72,No,No phone service,No,No internet service,No internet service,No internet service,No internet service,No internet service,No internet service,Month-to-month,Yes,Bank transfer (automatic),22.79,1648.48,0
CUST-03281,Male,0,No,No,33,Yes,Yes,Fiber optic,Yes,No,No,No,No,No,Month-to-month,Yes,Electronic check,69.54,2329.92,0
CUST-03282,Male,0,Yes,Yes,10,Yes,No,Fiber optic,No,No,Yes,No,No,Yes,Month-to-month,No,Credit card (automatic),73.96,709.47,1
CUST-03283,Female,0,Yes,Yes,10,Yes,Yes,Fiber optic,Yes,No,No,No,No,Yes,Month-to-month,No,Electronic check,47.43,494.95,1
CUST-03284,Male,0,No,No,72,Yes,No,DSL,No,Yes,Yes,No,Yes,Yes,Month-to-month,Yes,Bank transfer (automatic),46.35,3296.98,0
CUST-03285,Female,1,No,No,11,No,No phone service,No,No internet service,No internet service,No internet service,No internet service,No internet service,No internet service,Month-to-month,No,Mailed check,18.0,202.28,0
CUST-03286,Female,0,No,Yes,46,Yes,No,No,No internet service,No internet service,No internet service,No internet service,No internet service,No internet service,Two year,No,Electronic check,24.17,1061.12,0
CUST-03287,Female,0,Yes,Yes,32,Yes,No,Fiber optic,No,No,No,Yes,No,No,Two year,Yes,Electronic check,98.53,3256.48,1
CUST-03288,Female,0,Yes,Yes,28,Yes,No,Fiber optic,No,No,Yes,Yes,No,No,Month-to-month,Yes,Mailed check,69.03,1949.7,1
CUST-03289,Female,0,No,No,6,No,No phone service,Fiber optic,No,No,No,Yes,Yes,Yes,One year,Yes,Credit card (automatic),93.98,537.59,1
CUST-03290,Male,0,Yes,No,1,Yes,No,DSL,No,No,No,Yes,No,No,One year,No,Bank transfer (automatic),66.21,63.19,0
CUST-03291,Female,0,Yes,No,21,No,No phone service,Fiber optic,No,Yes,No,No,No,No,Month-to-month,Yes,Bank transfer (automatic),82.5,1702.24,0
CUST-03292,Male,0,Yes,No,72,Yes,Yes,Fiber optic,No,No,No,No,Yes,No,Month-to-month,Yes,Credit card (automatic),68.56,4808.24,0
CUST-03293,Male,0,No,No,6,Yes,Yes,DSL,No,No,No,No,Yes,No,One year,Yes,Bank transfer (automatic),55.59,349.45,0
CUST-03294,Female,0,No,No,24,Yes,Yes,Fiber optic,No,Yes,No,No,No,No,Month-to-month,Yes,Electronic check,105.35,2543.31,1
CUST-03295,Female,0,No,No,35,Yes,No,No,No internet service,No internet service,No internet service,No internet service,No internet service,No internet service,One year,Yes,Credit card (automatic),21.18,729.14,0
CUST-03296,Female,1,No,No,21,No,No phone service,No,No internet service,No internet service,No internet service,No internet service,No internet service,No internet service,One year,No,Mailed check,21.44,461.88,0
CUST-03297,Female,0,No,No,22,Yes,No,Fiber optic,No,No,No,No,Yes,No,Month-to-month,No,Electronic check,61.43,1359.13,1
CUST-03298,Female,0,No,No,34,Yes,No,Fiber optic,No,Yes,No,No,Yes,No,One year,No,Bank transfer (automatic),39.47,1329.07,0
CUST-03299,Male,0,Yes,No,53,Yes,Yes,Fiber optic,Yes,No,Yes,No,No,No,Month-to-month,No,Mailed check,64.3,3271.92,0
CUST-03300,Female,1,Yes,No,12,Yes,No,Fiber optic,No,No,Yes,Yes,Yes,No,Month-to-month,Yes,Electronic check,95.13,1092.89,1
CUST-03301,Female,0,No,Yes,72,Yes,No,DSL,No,No,No,No,Yes,No,One year,No,Electronic check,36.55,2527.8,0
CUST-03302,Male,0,Yes,Yes,21,Yes,Yes,DSL,No,No,No,Yes,No,No,Two year,Yes,Mailed check,74.78,1538.12,0
CUST-03303,Male,0,No,No,34,Yes,No,Fiber optic,No,No,Yes,No,No,No,Month-to-month,No,Mailed check,51.28,1819.98,1
CUST-03304,Female,0,Yes,No,3,Yes,No,Fiber optic,No,Yes,No,No,Yes,No,Month-to-month,No,Mailed check,82.81,244.07,1
CUST-03305,Male,0,Yes,Yes,21,Yes,Yes,Fiber optic,No,No,Yes,Yes,Yes,No,Two year,No,Electronic check,76.87,1546.47,1
CUST-03306,Female,0,No,No,1,Yes,No,Fiber optic,No,No,No,Yes,Yes,No,Two year,Yes,Bank transfer (automatic),70.78,72.4,0
CUST-03307,Male,1,No,No,15,Yes,Yes,Fiber optic,Yes,No,Yes,Yes,Yes,No,Two year,No,Credit card (automatic),76.48,1181.52,0
CUST-03308,Male,0,No,No,1,No,No phone service,Fiber optic,No,Yes,Yes,No,Yes,Yes,Month-to-month,No,Bank transfer (automatic),65.34,64.06,0
CUST-03309,Female,1,No,No,72,Yes,No,DSL,No,No,Yes,Yes,Yes,Yes,Month-to-month,Yes,Bank transfer (automatic),52.34,3865.99,0
CUST-03310,Male,0,Yes,No,35,No,No phone service,Fiber optic,Yes,No,No,No,No,No,Two year,No,Electronic check,94.98,3196.42,0
CUST-03311,Male,0,Yes,No,50,Yes,No,DSL,No,No,Yes,Yes,No,No,Month-to-month,No,Bank transfer (automatic),57.11,2898.23,0
CUST-03312,Male,1,No,No,20,No,No phone service,DSL,Yes,No,No,No,Yes,No,Month-to-month,Yes,Credit card (automatic),51.34,1041.73,0
CUST-03313,Male,0,Yes,Yes,61,Yes,No,DSL,No,Yes,No,Yes,Yes,Yes,Month-to-month,Yes,Electronic check,78.22,4813.07,0
CUST-03314,Male,0,Yes,No,66,Yes,Yes,DSL,No,Yes,Yes,Yes,No,No,Month-to-month,Yes,Electronic check,58.02,3695.93,0
CUST-03315,Male,0,Yes,No,14,Yes,No,Fiber optic,No,No,Yes,No,Yes,No,Month-to-month,No,Bank transfer (automatic),83.27,1167.27,1
CUST-03316,Female,0,Yes,Yes,15,Yes,Yes,No,No internet service,No internet service,No internet service,No internet service,No internet service,No internet service,Month-to-month,No,Bank transfer (automatic),21.19,310.16,1
CUST-03317,Female,0,No,No,22,Yes,Yes,DSL,Yes,Yes,No,No,Yes,Yes,Two year,Yes,Credit card (automatic),79.86,1733.57,0
CUST-03318,Male,0,No,No,1,No,No phone service,No,No internet service,No internet service,No internet service,No internet service,No internet service,No internet service,One year,Yes,Bank transfer (automatic),18.0,18.66,0
CUST-03319,Female,0,No,No,72,Yes,Yes,Fiber optic,Yes,No,No,Yes,No,No,Month-to-month,Yes,Credit card (automatic),56.75,3980.88,0
CUST-03320,Female,0,No,No,14,Yes,Yes,No,No internet service,No internet service,No internet service,No internet service,No internet service,No internet service,Month-to-month,No,Electronic check,19.81,270.31,1
CUST-03321,Female,0,Yes,No,20,No,No phone service,No,No internet service,No internet service,No internet service,No internet service,No internet service,No internet service,One year,No,Electronic check,21.66,430.55,0
CUST-03322,Male,0,Yes,No,44,No,No phone service,No,No internet service,No internet service,No internet service,No internet service,No internet service,No internet service,Two year,Yes,Bank transfer (automatic),21.03,902.19,0
CUST-03323,Female,0,Yes,No,11,Yes,No,No,No internet service,No internet service,No internet service,No internet service,No internet service,No internet service,Month-to-month,Yes,Mailed check,23.38,260.48,1
CUST-03324,Male,0,Yes,No,7,Yes,No,DSL,No,No,Yes,No,Yes,No,One year,Yes,Electronic check,85.91,600.9,0
CUST-03325,Female,0,Yes,No,4,Yes,Yes,Fiber optic,No,Yes,No,Yes,No,No,Month-to-month,Yes,Electronic check,81.72,335.91,1
CUST-03326,Male,0,Yes,No,24,Yes,Yes,Fiber optic,No,No,No,No,No,Yes,One year,Yes,Bank transfer (automatic),56.88,1410.49,0
CUST-03327,Male,0,No,No,1,No,No phone service,DSL,No,No,No,No,No,No,Month-to-month,Yes,Credit card (automatic),49.26,49.44,0
CUST-03328,Female,1,No,No,39,Yes,No,Fiber optic,No,No,No,No,No,No,Month-to-month,No,Mailed check,90.86,3512.49,1
CUST-03329,Female,0,No,No,19,Yes,No,DSL,No,Yes,No,No,No,No,One year,Yes,Credit card (automatic),52.64,1010.75,0
CUST-03330,Male,0,No,No,24,Yes,No,Fiber optic,No,No,No,No,No,Yes,One year,Yes,Mailed check,87.74,2109.37,0
CUST-03331,Female,0,Yes,No,9,Yes,No,DSL,No,No,No,No,No,Yes,Month-to-month,Yes,Credit card (automatic),43.59,387.17,0
CUST-03332,Female,0,Yes,No,6,Yes,No,Fiber optic,No,No,No,Yes,No,No,Month-to-month,No,Credit card (automatic),105.07,626.2,1
CUST-03333,Female,0,Yes,No,38,Yes,No,Fiber optic,Yes,No,Yes,No,No,No,Month-to-month,Yes,Credit card (automatic),79.46,3123.51,0
CUST-03334,Male,0,Yes,No,7,Yes,No,DSL,Yes,Yes,No,Yes,Yes,No,One year,No,Electronic check,62.13,441.06,0
CUST-03335,Male,0,Yes,No,48,No,No phone service,No,No internet service,No internet service,No internet service,No internet service,No internet service,No internet service,Month-to-month,Yes,Mailed check,23.55,1146.31,0
CUST-03336,Female,1,Yes,No,7,Yes,No,Fiber optic,No,No,Yes,No,No,Yes,Two year,No,Mailed check,78.04,558.16,1
CUST-03337,Female,0,No,No,30,Yes,Yes,Fiber optic,No,Yes,No,No,No,Yes,Month-to-month,No,Electronic check,98.62,3105.04,1
CUST-03338,Female,0,No,No,33,Yes,Yes,DSL,No,No,No,No,No,No,Month-to-month,Yes,Credit card (automatic),40.87,1350.83,0
CUST-03339,Male,0,No,No,22,Yes,No,DSL,No,No,Yes,No,Yes,Yes,Month-to-month,No,Credit card (automatic),62.96,1400.56,1
CUST-03340,Male,1,Yes,No,72,Yes,No,No,No internet service,No internet service,No internet service,No internet service,No internet service,No internet service,Month-to-month,Yes,Credit card (automatic),18.0,1292.41,1
CUST-03341,Female,0,No,No,15,Yes,No,Fiber optic,No,No,No,No,No,No,Month-to-month,Yes,Electronic check,77.56,1145.28,1
CUST-03342,Female,0,No,No,68,Yes,No,DSL,No,Yes,No,No,No,Yes,Month-to-month,Yes,Electronic check,73.42,5084.98,0
CUST-03343,Female,0,No,No,5,Yes,Yes,No,No internet service,No internet service,No internet service,No internet service,No internet service,No internet service,Month-to-month,No,Electronic check,18.0,91.72,1
CUST-03344,Female,0,Yes,Yes,13,Yes,Yes,Fiber optic,No,No,Yes,No,No,No,Two year,Yes,Electronic check,72.19,946.19,1
CUST-03345,Female,0,No,No,5,Yes,No,Fiber optic,Yes,No,No,No,No,Yes,Month-to-month,Yes,Electronic check,43.09,206.31,1
CUST-03346,Female,0,No,No,29,Yes,Yes,DSL,No,Yes,No,No,Yes,No,Month-to-month,Yes,Electronic check,47.45,1309.24,1
CUST-03347,Male,0,Yes,Yes,32,Yes,Yes,No,No internet service,No internet service,No internet service,No internet service,No internet service,No internet service,Month-to-month,Yes,Mailed check,19.31,636.93,0
CUST-03348,Female,0,Yes,No,19,Yes,Yes,Fiber optic,No,No,No,No,No,No,One year,No,Electronic check,86.74,1583.73,0
CUST-03349,Male,0,Yes,Yes,40,Yes,No,Fiber optic,No,Yes,No,No,Yes,No,Month-to-month,Yes,Credit card (automatic),73.08,2889.26,1
CUST-03350,Female,0,No,No,64,Yes,Yes,DSL,No,No,No,No,Yes,No,Month-to-month,Yes,Bank transfer (automatic),53.96,3359.27,0
CUST-03351,Female,0,No,No,47,Yes,Yes,Fiber optic,No,Yes,No,No,No,Yes,Month-to-month,Yes,Mailed check,40.22,1948.9,0
CUST-03352,Male,0,Yes,Yes,8,Yes,No,Fiber optic,Yes,No,No,Yes,Yes,No,Month-to-month,No,Mailed check,75.13,580.16,1
CUST-03353,Male,0,Yes,Yes,12,No,No phone service,No,No internet service,No internet service,No internet service,No internet service,No internet service,No internet service,Two year,No,Electronic check,18.0,214.34,0
CUST-03354,Male,0,No,No,15,Yes,No,DSL,No,No,No,No,No,No,Two year,Yes,Credit card (automatic),44.32,693.12,0
CUST-03355,Male,0,Yes,No,7,Yes,No,Fiber optic,No,No,No,No,No,No,Two year,No,Electronic check,44.52,325.45,1
CUST-03356,Female,0,Yes,No,14,Yes,Yes,DSL,Yes,Yes,Yes,No,No,No,Month-to-month,Yes,Bank transfer (automatic),40.69,573.29,0
CUST-03357,Male,0,Yes,No,8,Yes,Yes,Fiber optic,No,No,No,Yes,Yes,No,Month-to-month,Yes,Electronic check,90.19,736.96,0
CUST-03358,Female,0,No,No,72,Yes,Yes,DSL,Yes,No,Yes,No,No,No,Month-to-month,Yes,Credit card (automatic),43.86,3015.21,1
CUST-03359,Male,0,No,No,48,Yes,No,No,No internet service,No internet service,No internet service,No internet service,No internet service,No internet service,Month-to-month,No,Credit card (automatic),19.62,907.95,0
CUST-03360,Female,0,Yes,No,62,Yes,No,Fiber optic,No,No,No,No,No,Yes,One year,Yes,Electronic check,74.25,4438.98,0
CUST-03361,Female,0,No,Yes,72,Yes,No,Fiber optic,No,No,No,No,No,No,Two year,Yes,Credit card (automatic),120.0,8920.41,0
CUST-03362,Female,1,No,No,34,Yes,Yes,Fiber optic,No,No,No,No,Yes,No,Month-to-month,No,Bank transfer (automatic),78.37,2746.32,0
CUST-03363,Female,0,Yes,No,6,Yes,No,Fiber optic,No,No,Yes,No,No,No,Month-to-month,No,Bank transfer (automatic),76.29,454.6,0
CUST-03364,Female,1,No,No,45,Yes,No,Fiber optic,No,No,No,No,Yes,Yes,Month-to-month,Yes,Electronic check,99.04,4481.89,1
CUST-03365,Female,0,Yes,No,1,Yes,Yes,Fiber optic,No,No,No,Yes,No,No,Two year,No,Electronic check,82.22,81.22,1
CUST-03366,Male,1,No,Yes,3,Yes,No,Fiber optic,No,No,No,No,Yes,No,One year,Yes,Credit card (automatic),64.79,194.67,0
CUST-03367,Female,0,Yes,No,1,Yes,Yes,DSL,No,No,Yes,No,Yes,No,Two year,Yes,Electronic check,37.57,35.8,0
CUST-03368,Male,0,No,No,4,Yes,Yes,DSL,No,No,No,Yes,No,No,One year,Yes,Credit card (automatic),32.7,131.76,0
CUST-03369,Male,0,Yes,No,44,Yes,No,No,No internet service,No internet service,No internet service,No internet service,No internet service,No internet service,One year,Yes,Mailed check,24.38,1079.13,0
CUST-03370,Female,0,No,No,69,Yes,No,Fiber optic,No,No,No,Yes,No,No,Month-to-month,Yes,Electronic check,57.16,3894.31,0
CUST-03371,Male,0,Yes,No,10,No,No phone service,Fiber optic,No,No,No,No,No,Yes,Two year,Yes,Bank transfer (automatic),88.2,908.88,1
CUST-03372,Female,0,No,No,4,No,No phone service,Fiber optic,Yes,Yes,No,Yes,No,No,One year,Yes,Mailed check,54.08,218.77,0
CUST-03373,Male,0,Yes,Yes,10,Yes,No,Fiber optic,No,No,Yes,No,Yes,No,Month-to-month,Yes,Credit card (automatic),67.75,675.21,1
CUST-03374,Female,0,No,No,33,Yes,No,No,No internet service,No internet service,No internet service,No internet service,No internet service,No internet service,Month-to-month,Yes,Mailed check,24.04,782.39,0
CUST-03375,Male,0,No,Yes,13,Yes,No,Fiber optic,No,No,No,No,Yes,No,Month-to-month,Yes,Electronic check,65.48,832.43,1
CUST-03376,Female,0,Yes,Yes,72,Yes,Yes,DSL,Yes,Yes,No,No,No,Yes,Month-to-month,No,Mailed check,46.5,3448.55,0
CUST-03377,Female,0,No,No,4,Yes,Yes,DSL,No,Yes,No,No,No,Yes,Month-to-month,Yes,Bank transfer (automatic),39.24,158.29,0
CUST-03378,Female,0,Yes,Yes,72,No,No phone service,No,No internet service,No internet service,No internet service,No internet service,No internet service,No internet service,Two year,No,Credit card (automatic),27.31,1901.64,0
CUST-03379,Female,0,No,Yes,1,Yes,Yes,Fiber optic,No,No,No,Yes,Yes,Yes,Two year,Yes,Electronic check,76.98,74.73,0
CUST-03380,Male,1,No,No,19,Yes,No,No,No internet service,No internet service,No internet service,No internet service,No internet service,No internet service,Two year,Yes,Mailed check,22.4,430.53,0
CUST-03381,Female,0,Yes,Yes,9,Yes,No,Fiber optic,Yes,Yes,No,No,Yes,Yes,One year,Yes,Bank transfer (automatic),113.37,981.36,0
CUST-03382,Male,0,No,No,26,Yes,No,DSL,Yes,No,No,No,No,No,Month-to-month,No,Electronic check,34.73,917.22,0
CUST-03383,Male,0,Yes,No,3,Yes,No,DSL,No,No,No,No,Yes,No,Month-to-month,Yes,Mailed check,56.01,176.41,1
CUST-03384,Male,0,Yes,No,66,Yes,Yes,DSL,No,No,Yes,No,Yes,No,Month-to-month,No,Credit card (automatic),70.16,4858.71,0
CUST-03385,Female,0,No,No,4,Yes,No,DSL,No,No,No,No,No,No,Two year,No,Electronic check,55.3,231.22,0
CUST-03386,Male,0,No,No,28,Yes,Yes,DSL,No,Yes,No,No,Yes,No,Month-to-month,No,Mailed check,54.24,1469.23,0
CUST-03387,Male,0,Yes,Yes,1,No,No phone service,Fiber optic,Yes,No,No,Yes,No,Yes,One year,No,Mailed check,93.01,92.12,0
CUST-03388,Male,1,Yes,No,11,Yes,Yes,No,No internet service,No internet service,No internet service,No internet service,No internet service,No internet service,One year,No,Bank transfer (automatic),26.18,292.07,0
CUST-03389,Female,0,No,No,5,Yes,Yes,DSL,No,Yes,No,No,No,No,Month-to-month,Yes,Electronic check,65.75,333.49,0
CUST-03390,Female,0,Yes,No,72,Yes,Yes,Fiber optic,Yes,Yes,Yes,No,No,No,Two year,Yes,Electronic check,57.28,4040.25,0
CUST-03391,Male,1,No,Yes,1,Yes,Yes,Fiber optic,No,Yes,Yes,Yes,Yes,Yes,Month-to-month,Yes,Electronic check,80.36,76.38,1
CUST-03392,Female,0,No,No,13,Yes,Yes,DSL,No,No,No,No,No,Yes,Two year,No,Credit card (automatic),29.51,376.7,0
CUST-03393,Female,0,Yes,No,11,Yes,Yes,DSL,Yes,No,No,No,Yes,No,One year,No,Mailed check,40.14,451.68,0
CUST-03394,Male,0,Yes,No,34,Yes,No,Fiber optic,No,No,No,Yes,No,Yes,Two year,Yes,Electronic check,98.36,3319.71,0
CUST-03395,Male,0,No,No,1,Yes,Yes,No,No internet service,No internet service,No internet service,No internet service,No internet service,No internet service,Two year,No,Electronic check,18.0,18.52,0
CUST-03396,Female,0,Yes,No,53,Yes,No,Fiber optic,No,Yes,No,No,Yes,Yes,Month-to-month,Yes,Electronic check,87.71,4879.26,0
CUST-03397,Male,0,No,No,20,Yes,No,DSL,Yes,No,No,No,No,No,Month-to-month,Yes,Electronic check,62.77,1257.12,1
CUST-03398,Female,0,No,No,19,Yes,No,Fiber optic,No,No,No,No,No,No,Two year,Yes,Bank transfer (automatic),80.57,1538.22,0
CUST-03399,Female,1,No,No,8,Yes,No,No,No internet service,No internet service,No internet service,No internet service,No internet service,No internet service,Month-to-month,No,Mailed check,26.31,219.45,0
CUST-03400,Female,0,Yes,Yes,21,Yes,No,No,No internet service,No internet service,No internet service,No internet service,No internet service,No internet service,Month-to-month,No,Bank transfer (automatic),18.0,392.14,0
CUST-03401,Female,1,Yes,No,14,Yes,No,No,No internet service,No internet service,No internet service,No internet service,No internet service,No internet service,One year,No,Electronic check,18.81,252.71,0
CUST-03402,Female,1,No,No,8,Yes,No,No,No internet service,No internet service,No internet service,No internet service,No internet service,No internet service,One year,No,Electronic check,23.25,180.66,0
CUST-03403,Female,0,No,No,5,Yes,No,DSL,No,No,No,No,Yes,No,One year,Yes,Mailed check,54.35,260.56,0
CUST-03404,Male,0,No,Yes,41,Yes,No,Fiber optic,No,No,Yes,No,Yes,Yes,One year,Yes,Mailed check,89.29,3504.14,0
CUST-03405,Male,0,Yes,No,4,Yes,No,DSL,No,No,Yes,Yes,Yes,No,One year,Yes,Electronic check,46.74,189.05,0
CUST-03406,Female,0,No,No,5,No,No phone service,DSL,No,No,Yes,No,No,No,One year,No,Mailed check,66.77,319.13,0
CUST-03407,Female,0,Yes,No,27,No,No phone service,Fiber optic,No,No,No,No,Yes,Yes,Two year,Yes,Electronic check,57.28,1552.05,0
CUST-03408,Female,1,No,No,8,No,No phone service,Fiber optic,No,No,No,No,No,No,Month-to-month,Yes,Electronic check,74.95,614.29,1
CUST-03409,Male,0,No,Yes,19,Yes,No,Fiber optic,No,No,No,No,No,Yes,Month-to-month,Yes,Bank transfer (automatic),71.25,1348.4,1
CUST-03410,Female,0,No,No,25,Yes,Yes,No,No internet service,No internet service,No internet service,No internet service,No internet service,No internet service,Month-to-month,Yes,Electronic check,24.57,634.12,1
CUST-03411,Male,0,Yes,No,10,Yes,No,Fiber optic,No,No,No,No,Yes,No,Two year,Yes,Credit card (automatic),91.88,954.0,0
CUST-03412,Female,0,No,Yes,13,Yes,No,Fiber optic,Yes,No,Yes,Yes,No,No,Month-to-month,Yes,Credit card (automatic),62.66,775.93,0
CUST-03413,Female,0,Yes,No,7,No,No phone service,Fiber optic,No,No,No,No,Yes,Yes,One year,No,Electronic check,70.61,475.15,0
CUST-03414,Male,0,No,No,19,Yes,Yes,DSL,No,No,No,No,No,No,Month-to-month,Yes,Credit card (automatic),64.34,1272.78,0
CUST-03415,Male,0,Yes,Yes,72,Yes,No,Fiber optic,No,No,No,No,No,No,Two year,No,Mailed check,100.32,7335.55,0
CUST-03416,Female,0,Yes,No,14,Yes,Yes,No,No internet service,No internet service,No internet service,No internet service,No internet service,No internet service,Two year,No,Credit card (automatic),18.69,268.5,0
CUST-03417,Female,0,Yes,No,33,Yes,No,Fiber optic,No,No,No,No,No,Yes,Two year,No,Credit card (automatic),120.0,3975.27,0
CUST-03418,Female,0,No,No,32,Yes,No,No,No internet service,No internet service,No internet service,No internet service,No internet service,No internet service,Month-to-month,Yes,Credit card (automatic),20.82,666.66,0
CUST-03419,Male,0,No,No,49,Yes,No,Fiber optic,No,No,Yes,No,No,Yes,Month-to-month,Yes,Electronic check,109.33,5281.74,0
CUST-03420,Male,0,No,No,39,Yes,Yes,Fiber optic,No,No,Yes,Yes,No,Yes,Month-to-month,Yes,Bank transfer (automatic),92.92,3754.24,1
CUST-03421,Male,0,No,No,1,Yes,No,DSL,No,No,No,No,No,No,Month-to-month,No,Bank transfer (automatic),46.49,47.79,0
CUST-03422,Male,0,No,No,11,Yes,Yes,No,No internet service,No internet service,No internet service,No internet service,No internet service,No internet service,Month-to-month,Yes,Electronic check,21.84,232.39,0
CUST-03423,Male,0,Yes,No,65,Yes,No,DSL,Yes,No,Yes,Yes,No,Yes,Month-to-month,No,Credit card (automatic),71.88,4524.98,0
CUST-03424,Male,1,No,No,24,Yes,No,Fiber optic,No,No,Yes,Yes,No,No,Month-to-month,No,Credit card (automatic),77.04,1800.13,1
CUST-03425,Female,0,No,No,3,Yes,Yes,Fiber optic,No,Yes,Yes,Yes,Yes,Yes,One year,Yes,Credit card (automatic),95.55,300.93,0
CUST-03426,Female,0,Yes,No,10,Yes,Yes,Fiber optic,Yes,No,No,Yes,No,Yes,Two year,Yes,Mailed check,58.96,592.22,0
CUST-03427,Male,1,Yes,Yes,10,Yes,No,DSL,No,Yes,No,Yes,No,No,Month-to-month,No,Electronic check,57.49,575.48,1
CUST-03428,Female,0,Yes,No,66,Yes,Yes,DSL,No,Yes,Yes,No,Yes,No,Two year,No,Mailed check,42.34,2880.51,0
CUST-03429,Female,0,Yes,Yes,25,Yes,Yes,DSL,No,Yes,Yes,No,No,Yes,Month-to-month,No,Bank transfer (automatic),72.82,1795.07,0
CUST-03430,Male,1,Yes,No,29,Yes,No,No,No internet service,No internet service,No internet service,No internet service,No internet service,No internet service,Month-to-month,Yes,Mailed check,20.8,599.6,0
CUST-03431,Female,0,Yes,No,14,Yes,No,No,No internet service,No internet service,No internet service,No internet service,No internet service,No internet service,Month-to-month,No,Mailed check,23.06,321.99,0
CUST-03432,Male,0,No,No,1,Yes,No,Fiber optic,No,No,Yes,No,No,No,Two year,Yes,Electronic check,82.47,83.5,1
CUST-03433,Male,1,Yes,No,2,Yes,No,No,No internet service,No internet service,No internet service,No internet service,No internet service,No internet service,Month-to-month,Yes,Mailed check,21.11,40.63,0
CUST-03434,Female,0,Yes,Yes,17,Yes,No,Fiber optic,No,No,No,No,No,No,Two year,Yes,Mailed check,54.2,895.99,0
CUST-03435,Male,0,No,Yes,6,Yes,Yes,Fiber optic,No,Yes,No,No,No,No,Month-to-month,No,Bank transfer (automatic),91.07,556.94,1
CUST-03436,Male,0,No,No,3,No,No phone service,No,No internet service,No internet service,No internet service,No internet service,No internet service,No internet service,Two year,Yes,Mailed check,26.57,76.19,0
CUST-03437,Male,0,Yes,Yes,9,No,No phone service,DSL,No,Yes,Yes,No,Yes,No,Month-to-month,Yes,Electronic check,66.92,603.32,1
CUST-03438,Male,0,No,Yes,43,Yes,No,DSL,Yes,No,No,No,No,Yes,One year,Yes,Mailed check,77.9,3444.0,0
CUST-03439,Male,0,Yes,No,2,Yes,Yes,Fiber optic,No,Yes,No,No,Yes,No,Two year,No,Bank transfer (automatic),85.59,163.95,0
CUST-03440,Male,1,Yes,No,19,Yes,Yes,DSL,No,No,No,No,Yes,No,Two year,Yes,Credit card (automatic),38.73,768.54,0
CUST-03441,Male,1,Yes,Yes,55,Yes,Yes,DSL,No,No,Yes,No,No,No,Two year,Yes,Electronic check,45.5,2441.99,0
CUST-03442,Male,1,No,No,9,Yes,Yes,No,No internet service,No internet service,No internet service,No internet service,No internet service,No internet service,Month-to-month,No,Mailed check,25.58,226.85,1
CUST-03443,Female,0,No,No,11,Yes,No,Fiber optic,No,Yes,Yes,Yes,No,Yes,One year,Yes,Credit card (automatic),64.19,696.0,0
CUST-03444,Female,0,No,No,68,Yes,Yes,Fiber optic,No,No,Yes,Yes,Yes,Yes,Two year,No,Electronic check,95.15,6327.63,0
CUST-03445,Female,1,No,Yes,33,Yes,Yes,DSL,No,No,Yes,No,Yes,Yes,Month-to-month,Yes,Mailed check,59.21,1976.84,0
CUST-03446,Male,1,No,Yes,51,Yes,No,DSL,No,Yes,No,No,No,No,One year,Yes,Bank transfer (automatic),52.89,2759.5,0
CUST-03447,Male,0,No,No,10,Yes,No,Fiber optic,No,Yes,Yes,Yes,No,Yes,Month-to-month,Yes,Mailed check,91.21,926.74,1
CUST-03448,Female,0,No,No,72,Yes,Yes,Fiber optic,Yes,No,No,Yes,Yes,No,Month-to-month,No,Mailed check,68.95,5006.28,0
CUST-03449,Female,0,Yes,No,4,No,No phone service,No,No internet service,No internet service,No internet service,No internet service,No internet service,No internet service,One year,Yes,Credit card (automatic),20.37,80.11,0
CUST-03450,Female,0,Yes,No,72,Yes,Yes,Fiber optic,No,Yes,Yes,No,Yes,No,Month-to-month,Yes,Electronic check,77.24,5372.47,1
CUST-03451,Male,0,No,No,72,Yes,No,DSL,No,No,No,No,No,No,Month-to-month,No,Electronic check,54.92,3854.83,1
CUST-03452,Female,1,No,No,25,Yes,No,DSL,No,No,No,No,No,Yes,Month-to-month,No,Electronic check,67.06,1619.16,1
CUST-03453,Female,0,No,No,28,Yes,No,DSL,No,No,Yes,Yes,No,Yes,One year,Yes,Mailed check,84.08,2270.6,0
CUST-03454,Male,0,Yes,No,47,Yes,Yes,Fiber optic,No,Yes,No,No,No,Yes,One year,Yes,Mailed check,68.99,3130.83,0
CUST-03455,Female,0,No,No,11,Yes,Yes,DSL,No,Yes,No,No,Yes,No,Month-to-month,Yes,Electronic check,66.39,729.28,0
CUST-03456,Male,0,No,No,23,Yes,Yes,Fiber optic,Yes,Yes,No,No,Yes,No,Two year,No,Credit card (automatic),69.03,1628.46,0
CUST-03457,Male,0,Yes,No,72,Yes,No,No,No internet service,No internet service,No internet service,No internet service,No internet service,No internet service,Month-to-month,Yes,Bank transfer (automatic),19.9,1451.19,0
CUST-03458,Male,0,No,No,2,Yes,No,Fiber optic,Yes,No,No,Yes,No,No,One year,No,Electronic check,68.61,143.99,0
CUST-03459,Female,0,No,No,72,Yes,Yes,Fiber optic,Yes,No,No,No,Yes,Yes,Month-to-month,Yes,Electronic check,77.23,5540.75,0
CUST-03460,Female,0,No,No,41,Yes,No,Fiber optic,No,No,No,No,Yes,No,Month-to-month,Yes,Electronic check,89.6,3550.55,1
CUST-03461,Male,0,No,Yes,47,Yes,No,Fiber optic,Yes,No,No,No,No,No,One year,No,Mailed check,51.02,2311.86,0
CUST-03462,Female,0,Yes,No,2,Yes,Yes,DSL,Yes,No,Yes,No,No,No,One year,No,Electronic check,66.33,126.32,0
CUST-03463,Female,0,Yes,Yes,6,Yes,No,No,No internet service,No internet service,No internet service,No internet service,No internet service,No internet service,Two year,No,Bank transfer (automatic),20.95,127.02,0
CUST-03464,Female,1,No,Yes,72,Yes,Yes,Fiber optic,No,Yes,No,No,No,No,Two year,No,Mailed check,95.73,6569.36,1
CUST-03465,Female,0,No,No,4,No,No phone service,DSL,Yes,No,No,No,Yes,No,Month-to-month,Yes,Credit card (automatic),55.99,233.18,0
CUST-03466,Male,0,No,No,31,Yes,No,No,No internet service,No internet service,No internet service,No internet service,No internet service,No internet service,One year,No,Credit card (automatic),22.72,724.52,0
CUST-03467,Female,0,Yes,No,48,Yes,No,No,No internet service,No internet service,No internet service,No internet service,No internet service,No internet service,Month-to-month,No,Electronic check,21.26,1063.73,0
CUST-03468,Male,1,Yes,No,8,Yes,No,Fiber optic,No,No,No,Yes,No,No,Two year,Yes,Bank transfer (automatic),58.95,472.79,0
CUST-03469,Male,0,Yes,Yes,38,Yes,Yes,Fiber optic,No,No,No,No,No,Yes,One year,Yes,Electronic check,95.96,3704.18,0
CUST-03470,Female,0,Yes,No,2,Yes,Yes,Fiber optic,No,No,No,Yes,No,No,Month-to-month,No,Electronic check,85.25,163.78,1
CUST-03471,Male,0,No,No,22,Yes,Yes,Fiber optic,No,Yes,No,Yes,No,No,One year,Yes,Mailed check,70.97,1489.57,1
CUST-03472,Female,0,No,No,13,Yes,No,DSL,Yes,No,No,Yes,Yes,No,Two year,Yes,Mailed check,65.52,888.39,0
CUST-03473,Female,1,Yes,No,33,Yes,No,Fiber optic,Yes,Yes,No,Yes,No,No,Month-to-month,No,Bank transfer (automatic),56.08,1780.99,0
CUST-03474,Male,0,Yes,No,70,Yes,No,Fiber optic,No,No,No,Yes,No,No,Month-to-month,Yes,Credit card (automatic),86.63,5840.96,0
CUST-03475,Male,0,Yes,No,4,Yes,No,No,No internet service,No internet service,No internet service,No internet service,No internet service,No internet service,One year,No,Credit card (automatic),19.61,79.96,0
CUST-03476,Male,0,Yes,Yes,19,No,No phone service,Fiber optic,No,No,Yes,No,No,Yes,Month-to-month,Yes,Electronic check,93.51,1768.65,0
CUST-03477,Male,0,No,Yes,17,Yes,No,Fiber optic,No,Yes,Yes,No,Yes,Yes,One year,Yes,Bank transfer (automatic),67.22,1179.16,1
CUST-03478,Female,0,No,No,12,Yes,No,No,No internet service,No internet service,No internet service,No internet service,No internet service,No internet service,Month-to-month,No,Credit card (automatic),21.33,252.31,0
CUST-03479,Female,0,No,No,20,Yes,Yes,Fiber optic,Yes,No,No,Yes,Yes,Yes,Two year,Yes,Bank transfer (automatic),74.98,1454.93,0
CUST-03480,Female,0,Yes,No,68,Yes,Yes,Fiber optic,No,No,No,No,No,No,Two year,No,Mailed check,56.46,3858.92,0
CUST-03481,Male,0,No,No,72,Yes,No,Fiber optic,No,Yes,No,No,Yes,Yes,Two year,Yes,Credit card (automatic),91.41,6735.68,0
CUST-03482,Male,0,Yes,Yes,1,Yes,No,DSL,No,No,Yes,No,No,No,Month-to-month,No,Electronic check,54.32,52.58,1
CUST-03483,Male,0,No,No,42,Yes,No,Fiber optic,No,Yes,Yes,No,Yes,No,Month-to-month,No,Electronic check,86.91,3804.34,1
CUST-03484,Female,0,No,No,30,Yes,No,DSL,No,No,No,No,Yes,Yes,Month-to-month,Yes,Bank transfer (automatic),56.98,1657.18,0
CUST-03485,Male,0,No,No,72,Yes,No,No,No internet service,No internet service,No internet service,No internet service,No internet service,No internet service,Month-to-month,No,Mailed check,23.57,1774.38,0
CUST-03486,Female,0,Yes,Yes,3,Yes,No,DSL,No,No,No,Yes,No,No,Two year,Yes,Electronic check,53.73,155.47,0
CUST-03487,Male,0,Yes,No,53,Yes,No,Fiber optic,Yes,No,No,Yes,No,No,Two year,No,Mailed check,73.31,3741.08,0
CUST-03488,Female,0,No,No,72,Yes,Yes,Fiber optic,No,No,No,No,Yes,Yes,One year,Yes,Electronic check,42.5,2964.07,0
CUST-03489,Female,0,Yes,No,72,Yes,Yes,Fiber optic,Yes,No,No,No,Yes,No,One year,No,Mailed check,97.5,6929.62,0
CUST-03490,Male,0,Yes,Yes,26,No,No phone service,DSL,No,No,Yes,No,No,No,Two year,Yes,Electronic check,50.72,1316.98,0
CUST-03491,Male,0,No,No,12,Yes,No,No,No internet service,No internet service,No internet service,No internet service,No internet service,No internet service,Two year,No,Electronic check,21.57,262.06,0
CUST-03492,Female,0,Yes,No,32,Yes,Yes,No,No internet service,No internet service,No internet service,No internet service,No internet service,No internet service,One year,Yes,Electronic check,23.74,745.11,0
CUST-03493,Female,0,No,Yes,11,Yes,No,DSL,No,No,No,No,No,Yes,Month-to-month,Yes,Electronic check,63.09,692.93,1
CUST-03494,Male,0,Yes,No,17,Yes,Yes,Fiber optic,No,No,No,Yes,No,No,Month-to-month,Yes,Mailed check,71.55,1172.63,0
CUST-03495,Male,1,No,No,18,Yes,No,DSL,No,No,No,No,Yes,No,One year,Yes,Mailed check,43.48,792.1,0
CUST-03496,Female,0,Yes,No,11,Yes,No,Fiber optic,No,No,No,Yes,Yes,Yes,Two year,Yes,Bank transfer (automatic),55.93,643.11,0
CUST-03497,Male,1,No,No,13,Yes,Yes,DSL,No,Yes,No,No,Yes,Yes,Month-to-month,Yes,Bank transfer (automatic),41.48,533.12,0
CUST-03498,Female,0,Yes,No,1,Yes,Yes,DSL,No,Yes,No,No,Yes,Yes,Month-to-month,No,Electronic check,57.83,58.22,0
CUST-03499,Female,0,No,No,11,Yes,No,Fiber optic,No,No,No,Yes,No,Yes,Two year,Yes,Mailed check,68.06,769.59,0
CUST-03500,Male,0,No,No,20,Yes,Yes,DSL,No,No,No,Yes,Yes,No,One year,Yes,Credit card (automatic),68.23,1411.07,1
CUST-03501,Male,1,Yes,Yes,6,Yes,Yes,No,No internet service,No internet service,No internet service,No internet service,No internet service,No internet service,One year,No,Electronic check,22.99,137.61,1
CUST-03502,Male,0,Yes,No,52,Yes,No,Fiber optic,Yes,No,No,No,No,No,Month-to-month,Yes,Credit card (automatic),62.12,3365.33,0
CUST-03503,Male,0,Yes,No,24,Yes,Yes,No,No internet service,No internet service,No internet service,No internet service,No internet service,No internet service,One year,Yes,Electronic check,22.45,547.55,0
CUST-03504,Male,0,Yes,Yes,50,Yes,No,DSL,No,Yes,Yes,No,No,Yes,One year,No,Electronic check,98.42,4855.9,0
CUST-03505,Female,0,No,No,4,No,No phone service,Fiber optic,No,No,Yes,No,No,No,Month-to-month,Yes,Electronic check,80.54,328.47,1
CUST-03506,Female,0,Yes,No,54,Yes,No,No,No internet service,No internet service,No internet service,No internet service,No internet service,No internet service,Two year,Yes,Mailed check,20.63,1153.79,0
CUST-03507,Male,0,No,No,72,Yes,No,No,No internet service,No internet service,No internet service,No internet service,No internet service,No internet service,One year,Yes,Electronic check,22.56,1652.95,0
CUST-03508,Male,0,No,No,13,Yes,No,DSL,No,No,No,No,Yes,No,Two year,Yes,Mailed check,118.33,1569.63,1
CUST-03509,Male,0,Yes,Yes,10,Yes,No,Fiber optic,Yes,Yes,No,No,No,No,Month-to-month,Yes,Credit card (automatic),50.23,498.3,0
CUST-03510,Female,0,No,No,33,Yes,No,Fiber optic,No,No,Yes,No,Yes,No,One year,Yes,Mailed check,87.85,3018.07,0
CUST-03511,Male,0,Yes,Yes,32,No,No phone service,Fiber optic,No,No,No,No,Yes,No,One year,No,Credit card (automatic),26.51,822.51,0
CUST-03512,Male,0,Yes,Yes,3,Yes,No,No,No internet service,No internet service,No internet service,No internet service,No internet service,No internet service,Month-to-month,No,Electronic check,18.23,56.48,0
CUST-03513,Female,1,Yes,No,72,No,No phone service,No,No internet service,No internet service,No internet service,No internet service,No internet service,No internet service,Month-to-month,Yes,Credit card (automatic),22.12,1611.92,0
CUST-03514,Female,1,No,No,20,Yes,Yes,Fiber optic,No,No,No,No,No,No,Month-to-month,Yes,Credit card (automatic),93.85,1841.93,1
CUST-03515,Male,1,Yes,Yes,46,Yes,No,Fiber optic,Yes,Yes,Yes,No,No,No,Month-to-month,Yes,Electronic check,91.73,4182.92,0
CUST-03516,Male,0,No,Yes,14,Yes,No,Fiber optic,Yes,No,No,Yes,No,No,Month-to-month,No,Mailed check,98.38,1397.03,1
CUST-03517,Male,1,Yes,No,9,Yes,Yes,Fiber optic,No,Yes,No,No,Yes,Yes,One year,No,Electronic check,40.92,366.16,0
CUST-03518,Female,0,No,No,3,Yes,No,No,No internet service,No internet service,No internet service,No internet service,No internet service,No internet service,Month-to-month,Yes,Electronic check,24.41,72.49,0
CUST-03519,Male,0,No,No,10,No,No phone service,DSL,Yes,No,Yes,No,No,Yes,Two year,No,Bank transfer (automatic),74.58,721.78,0
CUST-03520,Male,0,Yes,Yes,72,Yes,Yes,No,No internet service,No internet service,No internet service,No internet service,No internet service,No internet service,One year,Yes,Bank transfer (automatic),22.42,1686.39,0
CUST-03521,Male,0,No,No,34,Yes,Yes,No,No internet service,No internet service,No internet service,No internet service,No internet service,No internet service,Month-to-month,No,Bank transfer (automatic),18.89,652.15,0
CUST-03522,Female,1,No,No,51,Yes,No,Fiber optic,No,No,No,No,Yes,No,Month-to-month,No,Mailed check,48.86,2600.62,1
CUST-03523,Female,0,Yes,No,72,Yes,No,Fiber optic,No,Yes,No,No,No,No,Two year,Yes,Electronic check,85.9,6141.08,0
CUST-03524,Male,0,Yes,Yes,2,Yes,No,DSL,No,No,Yes,Yes,No,Yes,Two year,Yes,Mailed check,71.93,150.16,0
CUST-03525,Male,0,Yes,Yes,5,Yes,Yes,No,No internet service,No internet service,No internet service,No internet service,No internet service,No internet service,Month-to-month,Yes,Electronic check,19.67,98.2,0
CUST-03526,Female,0,No,No,72,Yes,No,Fiber optic,No,No,No,No,No,No,One year,Yes,Electronic check,67.75,5004.02,0
CUST-03527,Female,0,No,No,26,Yes,No,Fiber optic,No,No,Yes,Yes,Yes,No,Two year,Yes,Electronic check,56.8,1458.2,1
CUST-03528,Female,0,Yes,No,32,Yes,No,No,No internet service,No internet service,No internet service,No internet service,No internet service,No internet service,Two year,Yes,Bank transfer (automatic),21.39,711.68,0
CUST-03529,Female,0,Yes,No,17,No,No phone service,DSL,No,No,No,No,No,No,Month-to-month,No,Electronic check,59.33,1011.78,1
CUST-03530,Female,0,No,No,53,Yes,No,No,No internet service,No internet service,No internet service,No internet service,No internet service,No internet service,One year,Yes,Electronic check,21.56,1108.08,0
CUST-03531,Female,0,No,No,23,Yes,No,Fiber optic,Yes,Yes,No,No,No,Yes,One year,Yes,Electronic check,97.53,2229.22,0
CUST-03532,Female,0,No,No,55,Yes,Yes,DSL,Yes,No,Yes,No,No,No,Month-to-month,No,Mailed check,69.0,3701.72,0
CUST-03533,Female,0,No,No,72,Yes,No,Fiber optic,No,No,Yes,No,No,No,Two year,Yes,Electronic check,102.46,7550.92,0
CUST-03534,Female,1,Yes,Yes,33,Yes,No,Fiber optic,No,No,Yes,Yes,No,Yes,Month-to-month,No,Electronic check,56.72,1787.89,0
CUST-03535,Male,0,Yes,Yes,24,No,No phone service,Fiber optic,No,No,No,Yes,No,Yes,Month-to-month,Yes,Electronic check,55.45,1292.54,1
CUST-03536,Male,0,Yes,Yes,14,Yes,No,No,No internet service,No internet service,No internet service,No internet service,No internet service,No internet service,Month-to-month,Yes,Mailed check,22.77,311.65,0
CUST-03537,Male,0,No,No,6,Yes,Yes,Fiber optic,No,Yes,No,No,Yes,Yes,Month-to-month,Yes,Mailed check,64.09,401.01,0
CUST-03538,Female,0,Yes,No,34,No,No phone service,Fiber optic,Yes,No,No,Yes,No,Yes,Month-to-month,Yes,Electronic check,87.23,2903.1,0
CUST-03539,Male,0,Yes,No,2,Yes,Yes,DSL,No,No,Yes,Yes,No,No,Two year,Yes,Electronic check,49.46,98.0,0
CUST-03540,Female,0,No,No,72,Yes,Yes,Fiber optic,No,No,No,No,No,No,Month-to-month,Yes,Bank transfer (automatic),84.87,6411.82,0
CUST-03541,Female,0,Yes,No,33,Yes,Yes,No,No internet service,No internet service,No internet service,No internet service,No internet service,No internet service,Month-to-month,Yes,Bank transfer (automatic),18.1,620.05,0
CUST-03542,Male,0,Yes,Yes,72,Yes,No,Fiber optic,No,Yes,No,Yes,Yes,Yes,Month-to-month,Yes,Mailed check,91.93,6839.96,0
CUST-03543,Female,0,No,No,10,Yes,No,DSL,No,No,Yes,No,No,No,Month-to-month,Yes,Mailed check,52.33,504.92,1
CUST-03544,Male,0,Yes,Yes,72,Yes,Yes,Fiber optic,Yes,No,No,No,No,No,One year,No,Mailed check,72.22,5076.94,0
CUST-03545,Male,0,Yes,Yes,30,Yes,No,No,No internet service,No internet service,No internet service,No internet service,No internet service,No internet service,Two year,No,Mailed check,20.51,589.26,0
CUST-03546,Male,0,No,Yes,53,Yes,Yes,No,No internet service,No internet service,No internet service,No internet service,No internet service,No internet service,Two year,No,Mailed check,20.68,1111.07,0
CUST-03547,Female,1,Yes,No,6,No,No phone service,DSL,Yes,Yes,No,Yes,No,No,One year,Yes,Credit card (automatic),51.95,316.88,0
CUST-03548,Male,0,Yes,No,22,Yes,Yes,Fiber optic,No,No,Yes,Yes,No,No,Month-to-month,No,Mailed check,69.7,1608.51,1
CUST-03549,Female,0,No,No,26,Yes,Yes,DSL,Yes,No,Yes,No,Yes,No,Month-to-month,Yes,Bank transfer (automatic),57.89,1506.68,0
CUST-03550,Male,0,Yes,Yes,15,Yes,Yes,No,No internet service,No internet service,No internet service,No internet service,No internet service,No internet service,One year,Yes,Credit card (automatic),20.08,291.18,0
CUST-03551,Male,1,No,No,9,Yes,Yes,Fiber optic,No,No,No,No,Yes,Yes,Month-to-month,No,Mailed check,83.16,716.83,1
CUST-03552,Male,0,Yes,No,72,Yes,No,No,No internet service,No internet service,No internet service,No internet service,No internet service,No internet service,One year,Yes,Credit card (automatic),22.88,1589.07,0
CUST-03553,Female,0,Yes,No,2,No,No phone service,DSL,No,Yes,No,No,No,No,Month-to-month,Yes,Credit card (automatic),54.89,108.92,0
CUST-03554,Female,0,Yes,Yes,5,Yes,No,DSL,No,Yes,No,No,Yes,Yes,Month-to-month,Yes,Mailed check,45.91,233.13,1
CUST-03555,Female,1,Yes,No,12,Yes,No,No,No internet service,No internet service,No internet service,No internet service,No internet service,No internet service,Month-to-month,No,Mailed check,25.03,297.03,1
CUST-03556,Male,1,Yes,No,72,Yes,No,Fiber optic,No,No,No,No,No,No,Month-to-month,Yes,Credit card (automatic),78.48,5731.31,0
CUST-03557,Male,0,Yes,No,26,Yes,No,DSL,No,Yes,No,Yes,No,Yes,Month-to-month,Yes,Bank transfer (automatic),57.32,1455.67,0
CUST-03558,Female,0,No,No,14,No,No phone service,No,No internet service,No internet service,No internet service,No internet service,No internet service,No internet service,Month-to-month,No,Bank transfer (automatic),20.09,270.44,0
CUST-03559,Female,0,Yes,No,16,Yes,No,No,No internet service,No internet service,No internet service,No internet service,No internet service,No internet service,One year,Yes,Credit card (automatic),21.47,335.17,0
CUST-03560,Female,0,No,No,58,Yes,No,Fiber optic,No,No,No,No,Yes,Yes,Month-to-month,Yes,Bank transfer (automatic),67.43,3810.78,1
CUST-03561,Female,0,Yes,No,1,Yes,No,DSL,No,No,No,Yes,No,Yes,Month-to-month,Yes,Bank transfer (automatic),51.56,49.71,0
CUST-03562,Female,0,Yes,No,1,Yes,No,Fiber optic,No,No,No,No,No,No,Month-to-month,Yes,Electronic check,94.5,92.91,1
CUST-03563,Female,0,Yes,Yes,1,Yes,No,Fiber optic,No,Yes,No,No,No,Yes,Month-to-month,Yes,Bank transfer (automatic),97.88,99.96,1
CUST-03564,Male,0,No,No,20,Yes,Yes,DSL,No,No,No,Yes,Yes,No,Two year,No,Credit card (automatic),58.07,1147.31,0
CUST-03565,Female,0,No,No,27,Yes,No,No,No internet service,No internet service,No internet service,No internet service,No internet service,No internet service,Two year,Yes,Bank transfer (automatic),24.23,674.57,0
CUST-03566,Male,0,No,Yes,31,Yes,Yes,No,No internet service,No internet service,No internet service,No internet service,No internet service,No internet service,Two year,No,Credit card (automatic),21.09,673.38,0
CUST-03567,Male,0,Yes,No,42,Yes,No,DSL,No,No,Yes,No,No,No,One year,Yes,Electronic check,50.82,2193.84,0
CUST-03568,Female,1,Yes,Yes,6,Yes,Yes,DSL,Yes,Yes,Yes,No,No,No,Two year,Yes,Electronic check,70.97,432.42,1
CUST-03569,Female,0,No,No,9,Yes,No,Fiber optic,Yes,Yes,No,Yes,Yes,Yes,One year,Yes,Mailed check,67.03,610.41,0
CUST-03570,Male,0,Yes,No,8,Yes,No,No,No internet service,No internet service,No internet service,No internet service,No internet service,No internet service,Month-to-month,Yes,Electronic check,19.59,151.16,0
CUST-03571,Female,0,Yes,No,5,Yes,No,Fiber optic,Yes,No,No,No,No,No,One year,Yes,Electronic check,112.18,546.48,1
CUST-03572,Female,0,Yes,No,8,Yes,No,No,No internet service,No internet service,No internet service,No internet service,No internet service,No internet service,Month-to-month,Yes,Electronic check,23.01,182.89,1
CUST-03573,Male,0,Yes,No,30,Yes,No,DSL,No,No,No,No,No,Yes,One year,No,Mailed check,50.51,1504.78,0
CUST-03574,Male,0,Yes,No,14,Yes,Yes,No,No internet service,No internet service,No internet service,No internet service,No internet service,No internet service,Two year,No,Credit card (automatic),21.67,306.62,0
CUST-03575,Male,0,No,Yes,46,Yes,Yes,Fiber optic,No,No,No,Yes,No,No,Month-to-month,No,Electronic check,97.77,4378.12,0
CUST-03576,Female,0,No,Yes,24,Yes,No,Fiber optic,No,No,Yes,No,Yes,No,One year,Yes,Electronic check,74.55,1745.96,1
CUST-03577,Male,0,No,Yes,7,Yes,Yes,DSL,No,No,No,No,No,No,Month-to-month,Yes,Credit card (automatic),63.76,429.77,1
CUST-03578,Female,1,Yes,No,20,Yes,No,Fiber optic,No,No,No,Yes,No,Yes,Two year,No,Credit card (automatic),62.4,1276.75,0
CUST-03579,Male,0,No,No,28,Yes,Yes,Fiber optic,No,No,Yes,No,Yes,Yes,Month-to-month,Yes,Credit card (automatic),62.1,1782.91,0
CUST-03580,Male,1,No,No,64,Yes,Yes,Fiber optic,No,Yes,Yes,No,No,No,Two year,Yes,Electronic check,61.61,4119.34,0
CUST-03581,Male,1,No,No,57,Yes,Yes,DSL,No,Yes,Yes,No,Yes,No,One year,Yes,Bank transfer (automatic),38.75,2112.59,0
CUST-03582,Female,0,Yes,No,17,Yes,No,No,No internet service,No internet service,No internet service,No internet service,No internet service,No internet service,Month-to-month,Yes,Electronic check,20.48,342.7,0
CUST-03583,Female,0,No,Yes,33,Yes,No,DSL,No,No,No,Yes,No,No,Month-to-month,Yes,Bank transfer (automatic),45.7,1510.52,0
CUST-03584,Male,0,Yes,No,11,Yes,No,DSL,No,No,No,No,Yes,Yes,Month-to-month,Yes,Mailed check,94.44,1082.1,1
CUST-03585,Male,0,No,No,32,Yes,Yes,Fiber optic,No,Yes,No,No,No,No,Two year,No,Bank transfer (automatic),70.1,2180.23,0
CUST-03586,Male,0,Yes,No,72,Yes,Yes,Fiber optic,No,No,No,No,No,Yes,Month-to-month,Yes,Mailed check,96.72,7207.0,0
CUST-03587,Female,1,Yes,No,31,Yes,Yes,Fiber optic,Yes,Yes,Yes,No,No,Yes,Month-to-month,Yes,Credit card (automatic),68.44,2210.19,1
CUST-03588,Male,0,Yes,Yes,11,Yes,No,DSL,Yes,No,No,No,No,Yes,Month-to-month,No,Electronic check,45.43,513.18,0
CUST-03589,Female,0,No,No,33,Yes,Yes,Fiber optic,Yes,No,No,No,No,No,Month-to-month,Yes,Electronic check,76.25,2415.1,1
CUST-03590,Male,0,Yes,No,72,No,No phone service,Fiber optic,No,No,Yes,No,Yes,No,Month-to-month,No,Credit card (automatic),93.78,6998.81,0
CUST-03591,Male,0,No,Yes,4,No,No phone service,Fiber optic,No,Yes,No,No,No,No,One year,Yes,Bank transfer (automatic),107.5,444.53,0
CUST-03592,Male,0,No,No,21,No,No phone service,DSL,No,No,No,No,No,No,Two year,No,Electronic check,69.7,1430.43,0
CUST-03593,Male,0,No,No,12,Yes,Yes,DSL,Yes,Yes,No,No,No,No,Two year,No,Electronic check,18.0,217.03,0
CUST-03594,Male,0,No,No,8,Yes,Yes,Fiber optic,Yes,No,No,No,Yes,No,Two year,Yes,Electronic check,92.36,765.44,0
CUST-03595,Male,0,No,No,16,Yes,Yes,Fiber optic,No,No,No,No,No,Yes,One year,No,Mailed check,98.89,1523.67,1
CUST-03596,Female,0,No,Yes,16,Yes,Yes,DSL,Yes,Yes,Yes,No,No,No,Month-to-month,No,Electronic check,53.35,866.16,0
CUST-03597,Male,0,Yes,Yes,7,Yes,Yes,Fiber optic,No,Yes,No,No,No,Yes,Month-to-month,Yes,Credit card (automatic),81.79,573.89,1
CUST-03598,Female,0,No,No,16,Yes,No,DSL,No,Yes,No,No,No,Yes,Month-to-month,No,Mailed check,49.2,784.32,0
CUST-03599,Male,0,No,No,32,Yes,No,Fiber optic,No,No,No,No,No,No,Month-to-month,Yes,Credit card (automatic),72.59,2221.88,0
CUST-03600,Male,0,Yes,No,1,Yes,No,No,No internet service,No internet service,No internet service,No internet service,No internet service,No internet service,Month-to-month,Yes,Electronic check,18.0,18.24,0
CUST-03601,Female,0,No,No,72,Yes,No,DSL,No,No,No,No,No,No,Two year,No,Electronic check,55.94,3947.64,0
CUST-03602,Male,0,Yes,Yes,11,Yes,No,Fiber optic,No,No,Yes,No,No,No,One year,No,Credit card (automatic),73.6,833.36,1
CUST-03603,Female,0,Yes,No,31,Yes,Yes,Fiber optic,No,No,No,No,No,No,Two year,Yes,Electronic check,89.52,2913.67,0
CUST-03604,Female,0,Yes,Yes,10,Yes,Yes,DSL,No,Yes,No,No,No,Yes,Month-to-month,Yes,Electronic check,65.98,680.39,1
CUST-03605,Male,0,Yes,No,16,Yes,Yes,Fiber optic,No,Yes,No,Yes,No,Yes,Month-to-month,Yes,Mailed check,86.64,1343.56,0
CUST-03606,Female,0,No,No,25,Yes,No,DSL,No,No,No,No,No,No,Two year,Yes,Mailed check,58.81,1443.82,0
CUST-03607,Female,0,No,No,30,No,No phone service,Fiber optic,No,No,No,No,No,No,Month-to-month,Yes,Electronic check,62.66,1948.97,1
CUST-03608,Male,0,No,Yes,47,No,No phone service,No,No internet service,No internet service,No internet service,No internet service,No internet service,No internet service,Month-to-month,Yes,Mailed check,21.81,980.28,0
CUST-03609,Female,1,No,No,50,Yes,Yes,Fiber optic,Yes,Yes,Yes,Yes,No,No,Two year,No,Electronic check,46.56,2246.08,0
CUST-03610,Male,0,Yes,No,23,Yes,No,No,No internet service,No internet service,No internet service,No internet service,No internet service,No internet service,Month-to-month,Yes,Electronic check,21.29,505.46,0
CUST-03611,Male,0,Yes,No,2,Yes,Yes,DSL,No,Yes,No,No,Yes,No,Two year,Yes,Credit card (automatic),84.21,160.05,1
CUST-03612,Male,0,No,No,26,Yes,No,DSL,No,Yes,No,No,No,No,Month-to-month,Yes,Electronic check,78.46,2006.11,0
CUST-03613,Male,0,No,No,20,Yes,No,DSL,No,No,Yes,No,Yes,No,Two year,No,Credit card (automatic),88.36,1816.64,0
CUST-03614,Female,1,Yes,Yes,7,Yes,Yes,Fiber optic,Yes,No,No,Yes,No,No,Month-to-month,Yes,Mailed check,83.15,558.36,1
CUST-03615,Male,0,No,No,1,No,No phone service,No,No internet service,No internet service,No internet service,No internet service,No internet service,No internet service,Month-to-month,Yes,Electronic check,19.61,19.47,0
CUST-03616,Male,1,No,No,12,Yes,Yes,DSL,Yes,No,No,Yes,No,No,Month-to-month,Yes,Bank transfer (automatic),32.6,391.27,0
CUST-03617,Female,0,No,No,9,Yes,Yes,Fiber optic,Yes,No,No,Yes,No,No,Month-to-month,No,Mailed check,65.16,593.59,1
CUST-03618,Male,0,Yes,No,21,Yes,Yes,Fiber optic,Yes,Yes,No,No,No,Yes,Month-to-month,Yes,Mailed check,54.49,1165.9,0
CUST-03619,Male,0,Yes,Yes,45,Yes,No,No,No internet service,No internet service,No internet service,No internet service,No internet service,No internet service,Two year,No,Electronic check,22.27,965.57,0
CUST-03620,Female,0,No,No,18,Yes,No,No,No internet service,No internet service,No internet service,No internet service,No internet service,No internet service,Two year,Yes,Electronic check,26.98,477.84,0
CUST-03621,Female,0,No,No,72,Yes,No,DSL,Yes,No,Yes,Yes,Yes,No,Month-to-month,Yes,Bank transfer (automatic),47.57,3277.31,0
CUST-03622,Female,0,Yes,Yes,8,Yes,No,DSL,Yes,Yes,No,No,No,No,Month-to-month,No,Credit card (automatic),61.02,509.69,1
CUST-03623,Female,0,No,No,7,Yes,Yes,No,No internet service,No internet service,No internet service,No internet service,No internet service,No internet service,Month-to-month,Yes,Credit card (automatic),27.2,190.07,0
CUST-03624,Female,0,No,No,29,Yes,Yes,DSL,No,Yes,No,Yes,Yes,No,Month-to-month,Yes,Electronic check,46.72,1331.04,1
CUST-03625,Female,1,Yes,No,72,No,No phone service,Fiber optic,No,No,No,No,No,No,One year,Yes,Electronic check,93.11,6938.06,0
CUST-03626,Female,0,Yes,No,35,Yes,Yes,DSL,No,No,No,No,No,No,Month-to-month,No,Credit card (automatic),62.11,2203.36,0
CUST-03627,Male,0,No,No,35,Yes,No,Fiber optic,No,Yes,No,No,Yes,No,Two year,Yes,Electronic check,77.63,2702.86,0
CUST-03628,Female,0,Yes,No,52,Yes,Yes,DSL,No,Yes,Yes,Yes,Yes,Yes,Month-to-month,No,Electronic check,35.28,1851.7,0
CUST-03629,Female,0,No,Yes,35,No,No phone service,DSL,Yes,Yes,Yes,No,No,No,One year,No,Credit card (automatic),55.84,2025.37,0
CUST-03630,Female,0,Yes,Yes,45,No,No phone service,DSL,Yes,No,No,No,Yes,Yes,Two year,No,Mailed check,47.94,2198.12,0
CUST-03631,Male,0,No,No,64,Yes,Yes,Fiber optic,No,Yes,Yes,No,No,No,Month-to-month,Yes,Electronic check,52.27,3460.99,1
CUST-03632,Male,0,No,No,1,No,No phone service,Fiber optic,No,No,No,No,No,No,Month-to-month,No,Electronic check,94.91,93.64,1
CUST-03633,Female,0,Yes,No,69,Yes,No,Fiber optic,No,Yes,No,No,No,No,Month-to-month,Yes,Electronic check,92.69,6480.32,1
CUST-03634,Female,0,No,No,7,Yes,Yes,DSL,No,No,Yes,Yes,No,No,Month-to-month,Yes,Electronic check,66.12,444.46,0
CUST-03635,Female,0,Yes,No,72,Yes,Yes,DSL,No,No,No,No,Yes,No,One year,Yes,Mailed check,49.21,3424.89,0
CUST-03636,Male,0,Yes,No,9,Yes,Yes,Fiber optic,No,No,No,No,Yes,Yes,Month-to-month,Yes,Electronic check,84.24,750.45,1
CUST-03637,Male,0,No,No,19,Yes,No,No,No internet service,No internet service,No internet service,No internet service,No internet service,No internet service,One year,No,Electronic check,21.09,418.67,0
CUST-03638,Female,0,No,No,72,Yes,No,DSL,No,Yes,No,Yes,No,No,Month-to-month,Yes,Credit card (automatic),41.91,3120.34,0
CUST-03639,Male,0,Yes,Yes,3,Yes,No,DSL,No,Yes,No,No,Yes,No,Month-to-month,Yes,Credit card (automatic),37.68,110.95,0
CUST-03640,Female,1,Yes,No,43,Yes,No,Fiber optic,No,No,No,No,Yes,No,Two year,No,Credit card (automatic),46.81,1927.47,0
CUST-03641,Male,0,Yes,Yes,15,Yes,Yes,Fiber optic,No,Yes,Yes,No,Yes,No,Month-to-month,No,Bank transfer (automatic),41.44,605.15,0
CUST-03642,Male,0,Yes,No,1,Yes,No,Fiber optic,No,No,No,Yes,No,No,Month-to-month,Yes,Bank transfer (automatic),81.26,78.9,0
CUST-03643,Female,0,Yes,Yes,72,Yes,No,No,No internet service,No internet service,No internet service,No internet service,No internet service,No internet service,Month-to-month,No,Electronic check,18.0,1235.62,0
CUST-03644,Female,0,No,No,4,Yes,No,No,No internet service,No internet service,No internet service,No internet service,No internet service,No internet service,One year,No,Electronic check,18.0,74.22,0
CUST-03645,Female,0,Yes,No,47,Yes,Yes,DSL,No,No,No,Yes,No,No,Month-to-month,No,Electronic check,51.21,2491.96,0
CUST-03646,Female,0,No,No,15,Yes,No,DSL,Yes,No,Yes,No,No,Yes,Two year,Yes,Credit card (automatic),48.44,717.68,0
CUST-03647,Male,0,Yes,Yes,53,Yes,No,Fiber optic,Yes,Yes,No,No,Yes,No,Month-to-month,Yes,Bank transfer (automatic),86.62,4428.57,0
CUST-03648,Male,1,No,No,44,Yes,No,No,No internet service,No internet service,No internet service,No internet service,No internet service,No internet service,Month-to-month,Yes,Credit card (automatic),23.98,1013.84,0
CUST-03649,Male,0,No,No,32,Yes,No,Fiber optic,No,No,No,Yes,No,Yes,One year,No,Electronic check,90.25,2781.55,0
CUST-03650,Female,0,No,No,72,No,No phone service,No,No internet service,No internet service,No internet service,No internet service,No internet service,No internet service,Month-to-month,No,Bank transfer (automatic),20.77,1439.75,0
CUST-03651,Male,0,Yes,No,3,Yes,No,DSL,Yes,Yes,No,No,No,No,Month-to-month,No,Bank transfer (automatic),82.18,235.61,1
CUST-03652,Female,0,No,No,51,Yes,No,No,No internet service,No internet service,No internet service,No internet service,No internet service,No internet service,Month-to-month,Yes,Electronic check,18.0,957.86,0
CUST-03653,Male,0,No,No,35,Yes,No,Fiber optic,Yes,Yes,No,Yes,Yes,No,Two year,Yes,Bank transfer (automatic),73.71,2517.41,0
CUST-03654,Female,1,No,Yes,12,Yes,Yes,No,No internet service,No internet service,No internet service,No internet service,No internet service,No internet service,Month-to-month,Yes,Electronic check,18.7,215.67,1
CUST-03655,Female,0,No,No,25,Yes,No,No,No internet service,No internet service,No internet service,No internet service,No internet service,No internet service,Month-to-month,No,Electronic check,19.9,508.88,1
CUST-03656,Male,0,Yes,No,33,Yes,No,Fiber optic,No,No,No,No,No,No,One year,No,Bank transfer (automatic),94.44,3243.67,0
CUST-03657,Female,0,No,No,42,Yes,Yes,No,No internet service,No internet service,No internet service,No internet service,No internet service,No internet service,Two year,Yes,Mailed check,21.23,918.69,0
CUST-03658,Female,0,No,No,6,Yes,No,No,No internet service,No internet service,No internet service,No internet service,No internet service,No internet service,One year,Yes,Credit card (automatic),20.83,129.4,1
CUST-03659,Male,1,No,No,3,Yes,No,Fiber optic,Yes,No,No,Yes,Yes,Yes,Two year,No,Electronic check,78.5,236.61,0
CUST-03660,Female,0,No,No,3,Yes,Yes,DSL,Yes,No,No,No,No,Yes,Two year,Yes,Electronic check,73.44,218.76,0
CUST-03661,Female,0,No,No,11,Yes,Yes,DSL,No,Yes,No,Yes,No,No,Month-to-month,No,Electronic check,74.02,835.58,1
CUST-03662,Female,0,No,No,5,Yes,No,Fiber optic,No,No,No,No,No,No,Month-to-month,No,Credit card (automatic),66.69,347.44,1
CUST-03663,Male,0,No,Yes,24,Yes,Yes,DSL,No,No,Yes,No,No,Yes,One year,Yes,Credit card (automatic),71.57,1661.98,0
CUST-03664,Male,0,No,Yes,18,Yes,No,Fiber optic,Yes,No,Yes,No,Yes,No,Month-to-month,No,Mailed check,85.99,1480.68,1
CUST-03665,Female,0,Yes,Yes,71,Yes,No,Fiber optic,No,No,No,Yes,No,No,Month-to-month,Yes,Credit card (automatic),78.62,5522.9,0
CUST-03666,Male,0,No,No,40,Yes,Yes,No,No internet service,No internet service,No internet service,No internet service,No internet service,No internet service,Two year,No,Electronic check,19.8,795.28,0
CUST-03667,Female,0,No,No,7,Yes,No,Fiber optic,No,No,Yes,No,Yes,No,One year,Yes,Electronic check,77.31,530.43,1
CUST-03668,Female,1,Yes,No,1,No,No phone service,DSL,Yes,Yes,No,No,Yes,No,Two year,Yes,Credit card (automatic),69.07,70.01,0
CUST-03669,Female,0,Yes,No,39,Yes,No,DSL,No,Yes,Yes,No,Yes,Yes,One year,No,Credit card (automatic),63.61,2357.91,0
CUST-03670,Female,0,No,No,59,Yes,Yes,DSL,Yes,Yes,Yes,Yes,Yes,No,Month-to-month,Yes,Electronic check,56.5,3185.16,0
CUST-03671,Female,0,No,No,38,Yes,Yes,DSL,Yes,No,Yes,Yes,No,No,Two year,No,Electronic check,45.18,1767.69,0
CUST-03672,Male,0,Yes,No,33,Yes,No,Fiber optic,No,No,No,No,Yes,Yes,Two year,Yes,Credit card (automatic),41.21,1319.51,0
CUST-03673,Female,1,No,No,9,Yes,Yes,Fiber optic,No,Yes,No,No,Yes,Yes,Month-to-month,No,Electronic check,91.29,851.06,1
CUST-03674,Male,0,No,No,21,Yes,No,No,No internet service,No internet service,No internet service,No internet service,No internet service,No internet service,Two year,No,Credit card (automatic),21.19,466.82,0
CUST-03675,Male,0,Yes,No,41,Yes,No,DSL,Yes,Yes,Yes,No,No,No,Month-to-month,Yes,Bank transfer (automatic),44.72,1876.33,0
CUST-03676,Female,0,Yes,No,6,Yes,No,Fiber optic,No,No,No,Yes,Yes,Yes,One year,Yes,Bank transfer (automatic),90.62,561.9,1
CUST-03677,Female,0,No,No,20,Yes,No,DSL,No,No,No,No,Yes,No,Month-to-month,Yes,Bank transfer (automatic),95.17,1897.36,1
CUST-03678,Male,0,No,No,3,Yes,Yes,Fiber optic,No,Yes,No,No,No,No,Two year,No,Bank transfer (automatic),58.45,172.04,0
CUST-03679,Male,0,Yes,No,24,Yes,No,Fiber optic,No,Yes,Yes,No,No,No,One year,No,Electronic check,65.92,1605.16,0
CUST-03680,Male,1,Yes,No,27,Yes,Yes,No,No internet service,No internet service,No internet service,No internet service,No internet service,No internet service,Month-to-month,Yes,Electronic check,19.16,500.25,1
CUST-03681,Female,0,Yes,Yes,24,Yes,Yes,Fiber optic,No,No,No,No,Yes,No,Month-to-month,No,Bank transfer (automatic),52.57,1222.05,1
CUST-03682,Male,1,No,No,20,Yes,Yes,DSL,No,No,No,No,No,No,Month-to-month,Yes,Mailed check,48.41,992.52,1
CUST-03683,Female,0,Yes,Yes,28,Yes,No,No,No internet service,No internet service,No internet service,No internet service,No internet service,No internet service,One year,Yes,Mailed check,19.27,521.98,0
CUST-03684,Female,0,No,No,72,Yes,No,DSL,No,No,No,No,No,No,Month-to-month,Yes,Electronic check,67.09,5066.72,0
CUST-03685,Female,0,Yes,Yes,31,Yes,No,Fiber optic,No,No,Yes,No,No,No,Two year,Yes,Mailed check,64.76,2058.57,0
CUST-03686,Male,0,No,No,44,Yes,No,DSL,No,No,No,No,No,No,Two year,Yes,Electronic check,67.1,3074.67,0
CUST-03687,Female,0,Yes,No,6,Yes,No,No,No internet service,No internet service,No internet service,No internet service,No internet service,No internet service,One year,Yes,Electronic check,25.45,152.44,0
CUST-03688,Female,1,No,No,24,Yes,No,DSL,No,No,Yes,No,Yes,Yes,Month-to-month,No,Credit card (automatic),63.24,1518.7,1
CUST-03689,Female,1,No,Yes,1,No,No phone service,No,No internet service,No internet service,No internet service,No internet service,No internet service,No internet service,Two year,Yes,Bank transfer (automatic),18.0,18.58,0
CUST-03690,Female,1,Yes,No,1,Yes,Yes,Fiber optic,No,Yes,Yes,No,Yes,No,Two year,Yes,Mailed check,70.86,71.23,0
CUST-03691,Female,0,Yes,Yes,12,No,No phone service,Fiber optic,No,No,No,No,Yes,Yes,Month-to-month,No,Mailed check,58.74,671.75,0
CUST-03692,Male,1,No,Yes,20,Yes,Yes,Fiber optic,Yes,No,No,Yes,Yes,No,Month-to-month,Yes,Mailed check,83.63,1657.82,1
CUST-03693,Female,0,Yes,Yes,27,No,No phone service,Fiber optic,No,Yes,No,No,No,Yes,Two year,Yes,Credit card (automatic),68.74,1889.83,0
CUST-03694,Female,0,No,No,70,Yes,No,DSL,Yes,No,No,Yes,Yes,Yes,Month-to-month,No,Bank transfer (automatic),47.11,3229.46,0
CUST-03695,Male,0,Yes,No,47,Yes,No,DSL,No,No,Yes,Yes,No,No,Two year,Yes,Electronic check,68.09,3049.87,0
CUST-03696,Female,0,Yes,Yes,11,Yes,Yes,DSL,No,No,No,No,No,No,Two year,No,Electronic check,44.3,495.48,0
CUST-03697,Male,0,No,No,43,Yes,Yes,Fiber optic,No,No,No,No,No,Yes,Month-to-month,Yes,Electronic check,58.28,2581.91,1
CUST-03698,Female,0,No,No,25,Yes,Yes,DSL,Yes,No,Yes,No,Yes,No,Two year,No,Electronic check,45.39,1118.35,0
CUST-03699,Male,1,No,No,48,Yes,No,Fiber optic,No,No,No,No,No,Yes,Month-to-month,Yes,Mailed check,86.37,4028.3,1
CUST-03700,Male,0,Yes,Yes,16,Yes,Yes,Fiber optic,No,No,Yes,Yes,No,Yes,Month-to-month,Yes,Electronic check,83.99,1405.23,1
CUST-03701,Female,0,Yes,No,3,Yes,No,Fiber optic,No,No,No,No,No,Yes,Month-to-month,No,Electronic check,75.62,228.97,1
CUST-03702,Female,1,No,No,30,No,No phone service,Fiber optic,No,No,Yes,No,Yes,No,Month-to-month,Yes,Electronic check,74.12,2137.31,1
CUST-03703,Female,0,Yes,No,26,Yes,No,Fiber optic,Yes,No,No,Yes,No,No,Month-to-month,Yes,Credit card (automatic),97.71,2517.19,1
CUST-03704,Male,1,Yes,No,72,Yes,No,DSL,No,No,Yes,Yes,Yes,Yes,Month-to-month,No,Electronic check,37.61,2692.36,0
CUST-03705,Male,0,Yes,No,5,Yes,No,No,No internet service,No internet service,No internet service,No internet service,No internet service,No internet service,Month-to-month,Yes,Mailed check,20.97,103.84,1
CUST-03706,Male,0,Yes,No,34,Yes,No,No,No internet service,No internet service,No internet service,No internet service,No internet service,No internet service,Month-to-month,Yes,Electronic check,24.05,787.08,0
CUST-03707,Female,0,No,No,20,Yes,No,Fiber optic,No,No,Yes,No,Yes,No,Two year,No,Electronic check,76.67,1599.24,0
CUST-03708,Male,0,No,No,15,Yes,No,DSL,Yes,Yes,No,Yes,Yes,Yes,One year,Yes,Credit card (automatic),55.46,864.77,0
CUST-03709,Male,0,No,No,50,No,No phone service,DSL,Yes,No,Yes,No,No,No,Two year,Yes,Electronic check,68.96,3571.76,0
CUST-03710,Female,0,No,Yes,53,Yes,No,Fiber optic,No,No,No,No,No,No,Month-to-month,Yes,Mailed check,104.86,5732.13,0
CUST-03711,Male,0,No,No,40,Yes,No,DSL,No,No,No,No,No,Yes,Month-to-month,Yes,Bank transfer (automatic),84.51,3399.89,0
CUST-03712,Male,1,No,No,2,Yes,No,Fiber optic,Yes,No,No,Yes,No,Yes,Month-to-month,Yes,Bank transfer (automatic),82.63,166.96,1
CUST-03713,Female,0,No,Yes,13,Yes,No,DSL,No,No,No,No,Yes,No,Month-to-month,No,Mailed check,55.86,747.11,1
CUST-03714,Male,0,Yes,No,1,Yes,Yes,No,No internet service,No internet service,No internet service,No internet service,No internet service,No internet service,One year,No,Bank transfer (automatic),18.0,17.48,0
CUST-03715,Female,0,Yes,No,13,Yes,No,Fiber optic,No,No,No,Yes,No,Yes,One year,No,Bank transfer (automatic),65.9,853.65,0
CUST-03716,Female,0,No,No,33,Yes,Yes,Fiber optic,No,No,No,No,No,Yes,Month-to-month,No,Credit card (automatic),82.62,2694.02,0
CUST-03717,Female,0,Yes,No,23,No,No phone service,DSL,No,No,No,No,No,No,Month-to-month,Yes,Bank transfer (automatic),39.88,918.79,0
CUST-03718,Female,1,Yes,No,38,Yes,Yes,Fiber optic,Yes,No,No,No,Yes,No,Month-to-month,Yes,Mailed check,65.93,2494.76,0
CUST-03719,Female,0,No,No,25,Yes,No,Fiber optic,No,Yes,Yes,Yes,Yes,No,Two year,Yes,Mailed check,90.37,2197.61,0
CUST-03720,Male,0,No,No,25,Yes,No,DSL,No,No,No,No,No,No,Month-to-month,No,Bank transfer (automatic),22.7,589.25,1
CUST-03721,Male,0,No,Yes,22,Yes,Yes,Fiber optic,No,No,No,No,No,No,One year,No,Bank transfer (automatic),113.31,2502.72,0
CUST-03722,Female,0,Yes,No,14,No,No phone service,Fiber optic,Yes,Yes,Yes,No,No,Yes,Month-to-month,Yes,Mailed check,108.45,1562.79,1
CUST-03723,Female,0,No,No,18,Yes,Yes,Fiber optic,Yes,No,No,No,No,Yes,Two year,No,Electronic check,56.63,996.93,0
CUST-03724,Male,0,No,Yes,3,Yes,No,Fiber optic,Yes,No,No,No,No,No,Month-to-month,No,Credit card (automatic),90.85,277.83,1
CUST-03725,Female,0,No,Yes,57,Yes,No,No,No internet service,No internet service,No internet service,No internet service,No internet service,No internet service,Month-to-month,No,Bank transfer (automatic),25.04,1402.92,0
CUST-03726,Female,0,Yes,No,70,Yes,Yes,Fiber optic,Yes,No,No,No,No,No,One year,Yes,Electronic check,87.81,5984.29,0
CUST-03727,Female,0,Yes,Yes,46,Yes,No,Fiber optic,No,Yes,No,No,No,Yes,Month-to-month,Yes,Electronic check,72.22,3342.22,1
CUST-03728,Male,0,Yes,No,28,Yes,No,No,No internet service,No internet service,No internet service,No internet service,No internet service,No internet service,Two year,No,Credit card (automatic),20.97,575.27,1
CUST-03729,Male,0,Yes,Yes,26,Yes,No,No,No internet service,No internet service,No internet service,No internet service,No internet service,No internet service,One year,No,Bank transfer (automatic),19.8,509.9,0
CUST-03730,Female,0,Yes,Yes,20,Yes,No,No,No internet service,No internet service,No internet service,No internet service,No internet service,No internet service,One year,No,Electronic check,22.34,452.01,0
CUST-03731,Female,1,Yes,Yes,8,Yes,Yes,Fiber optic,Yes,No,Yes,Yes,No,Yes,Two year,No,Mailed check,86.7,707.88,1
CUST-03732,Male,0,No,No,15,Yes,No,Fiber optic,Yes,Yes,No,No,Yes,No,Month-to-month,Yes,Mailed check,67.09,975.37,1
CUST-03733,Male,0,No,No,72,Yes,Yes,No,No internet service,No internet service,No internet service,No internet service,No internet service,No internet service,Two year,Yes,Electronic check,23.64,1746.16,0
CUST-03734,Female,0,No,No,5,Yes,No,Fiber optic,Yes,No,No,No,Yes,Yes,Month-to-month,Yes,Mailed check,62.9,306.83,0
CUST-03735,Female,1,Yes,Yes,25,Yes,No,No,No internet service,No internet service,No internet service,No internet service,No internet service,No internet service,Two year,Yes,Bank transfer (automatic),18.0,456.61,0
CUST-03736,Male,1,Yes,No,64,Yes,Yes,Fiber optic,No,No,No,No,No,Yes,One year,Yes,Mailed check,79.82,5350.76,0
CUST-03737,Male,1,Yes,No,19,Yes,Yes,Fiber optic,No,No,Yes,No,No,Yes,One year,No,Bank transfer (automatic),92.22,1666.46,0
CUST-03738,Male,0,Yes,No,29,Yes,No,No,No internet service,No internet service,No internet service,No internet service,No internet service,No internet service,Month-to-month,Yes,Bank transfer (automatic),23.46,666.69,0
CUST-03739,Female,0,Yes,Yes,56,No,No phone service,DSL,Yes,No,No,No,Yes,No,Month-to-month,Yes,Electronic check,95.19,5270.94,0
CUST-03740,Male,0,No,No,25,Yes,No,Fiber optic,No,No,No,Yes,Yes,No,One year,Yes,Electronic check,76.47,1928.56,0
CUST-03741,Female,0,No,No,42,Yes,No,DSL,No,No,No,No,No,Yes,Month-to-month,Yes,Mailed check,57.88,2439.76,1
CUST-03742,Male,0,No,No,13,Yes,Yes,Fiber optic,Yes,No,Yes,No,No,No,Month-to-month,No,Credit card (automatic),93.0,1235.0,1
CUST-03743,Male,0,No,No,42,Yes,No,Fiber optic,No,No,Yes,Yes,Yes,Yes,Month-to-month,No,Mailed check,82.9,3524.31,0
CUST-03744,Male,0,No,No,1,Yes,No,Fiber optic,Yes,No,Yes,Yes,No,No,Month-to-month,No,Electronic check,73.82,74.44,1
CUST-03745,Male,0,No,No,5,Yes,No,DSL,Yes,No,No,No,No,No,Month-to-month,Yes,Electronic check,52.76,259.91,1
CUST-03746,Female,0,No,No,32,No,No phone service,Fiber optic,No,Yes,Yes,No,Yes,Yes,Two year,Yes,Credit card (automatic),73.94,2295.89,0
CUST-03747,Female,0,No,No,19,Yes,No,No,No internet service,No internet service,No internet service,No internet service,No internet service,No internet service,Month-to-month,Yes,Bank transfer (automatic),20.07,375.69,0
CUST-03748,Male,1,No,Yes,56,Yes,Yes,DSL,Yes,Yes,No,No,Yes,Yes,Month-to-month,Yes,Bank transfer (automatic),42.68,2273.67,0
CUST-03749,Female,0,No,Yes,13,Yes,Yes,DSL,No,No,No,Yes,No,No,Month-to-month,Yes,Mailed check,48.53,612.09,1
CUST-03750,Male,0,Yes,Yes,46,Yes,No,DSL,Yes,No,No,No,No,Yes,Month-to-month,Yes,Electronic check,41.24,1864.99,1
CUST-03751,Male,0,No,Yes,4,No,No phone service,Fiber optic,No,No,No,No,Yes,Yes,Two year,Yes,Electronic check,75.19,309.34,0
CUST-03752,Male,0,No,No,72,Yes,Yes,DSL,No,No,No,No,No,No,Month-to-month,Yes,Credit card (automatic),74.31,5094.72,0
CUST-03753,Male,0,No,No,17,Yes,No,Fiber optic,No,Yes,No,Yes,No,Yes,Month-to-month,Yes,Electronic check,87.43,1414.14,1
CUST-03754,Female,0,Yes,No,8,No,No phone service,No,No internet service,No internet service,No internet service,No internet service,No internet service,No internet service,Two year,No,Credit card (automatic),21.95,182.02,0
CUST-03755,Male,0,Yes,No,49,Yes,No,No,No internet service,No internet service,No internet service,No internet service,No internet service,No internet service,Month-to-month,Yes,Mailed check,18.0,871.81,0
CUST-03756,Male,0,No,No,72,Yes,No,No,No internet service,No internet service,No internet service,No internet service,No internet service,No internet service,Month-to-month,Yes,Bank transfer (automatic),20.09,1377.0,0
CUST-03757,Female,1,No,No,72,No,No phone service,No,No internet service,No internet service,No internet service,No internet service,No internet service,No internet service,Month-to-month,No,Mailed check,20.86,1574.32,1
CUST-03758,Male,0,Yes,No,8,Yes,Yes,DSL,No,Yes,No,Yes,No,No,Month-to-month,No,Credit card (automatic),45.82,359.11,1
CUST-03759,Male,0,No,No,35,No,No phone service,Fiber optic,No,Yes,No,No,No,Yes,Two year,Yes,Electronic check,67.75,2454.21,0
CUST-03760,Male,0,No,No,25,No,No phone service,DSL,Yes,Yes,No,No,No,No,Two year,Yes,Bank transfer (automatic),36.69,930.83,0
CUST-03761,Female,1,Yes,Yes,41,Yes,No,Fiber optic,No,No,No,No,No,No,Two year,No,Electronic check,70.91,2783.26,0
CUST-03762,Male,0,No,No,21,Yes,Yes,Fiber optic,Yes,No,Yes,No,No,No,One year,No,Mailed check,78.4,1571.13,0
CUST-03763,Female,0,Yes,Yes,20,Yes,No,DSL,Yes,No,No,Yes,No,Yes,Two year,No,Credit card (automatic),67.26,1379.75,0
CUST-03764,Male,1,No,No,68,Yes,No,DSL,No,No,No,Yes,No,Yes,Two year,Yes,Electronic check,55.9,3872.99,0
CUST-03765,Male,1,No,Yes,65,Yes,No,Fiber optic,Yes,No,No,No,Yes,Yes,Month-to-month,Yes,Mailed check,85.06,5314.37,1
CUST-03766,Female,1,No,No,49,Yes,No,DSL,No,Yes,No,No,Yes,Yes,Month-to-month,Yes,Bank transfer (automatic),69.18,3497.22,0
CUST-03767,Male,0,No,No,39,Yes,No,No,No internet service,No internet service,No internet service,No internet service,No internet service,No internet service,Month-to-month,Yes,Credit card (automatic),22.63,896.31,0
CUST-03768,Male,0,Yes,No,36,Yes,No,Fiber optic,No,No,Yes,No,No,No,Month-to-month,Yes,Electronic check,73.7,2657.29,0
CUST-03769,Female,1,No,No,1,Yes,Yes,Fiber optic,No,No,Yes,No,Yes,No,Month-to-month,No,Mailed check,88.53,91.84,1
CUST-03770,Female,0,No,No,44,No,No phone service,No,No internet service,No internet service,No internet service,No internet service,No internet service,No internet service,One year,No,Credit card (automatic),24.99,1075.24,0
CUST-03771,Female,0,No,No,32,Yes,No,Fiber optic,Yes,Yes,Yes,Yes,Yes,No,Month-to-month,No,Bank transfer (automatic),57.78,1888.31,1
CUST-03772,Female,0,Yes,No,11,Yes,No,Fiber optic,No,No,No,No,No,Yes,One year,No,Credit card (automatic),78.89,904.73,1
CUST-03773,Female,0,Yes,Yes,54,Yes,No,No,No internet service,No internet service,No internet service,No internet service,No internet service,No internet service,Month-to-month,No,Bank transfer (automatic),18.0,989.82,0
CUST-03774,Male,1,No,No,57,Yes,No,Fiber optic,No,No,No,No,No,Yes,Month-to-month,Yes,Mailed check,70.74,4007.51,1
CUST-03775,Female,0,No,Yes,72,Yes,No,DSL,No,Yes,No,No,Yes,No,Month-to-month,No,Mailed check,56.69,4248.91,0
CUST-03776,Male,0,Yes,No,17,Yes,No,No,No internet service,No internet service,No internet service,No internet service,No internet service,No internet service,Month-to-month,Yes,Electronic check,22.95,391.5,0
CUST-03777,Male,1,No,Yes,25,Yes,No,DSL,No,Yes,No,Yes,No,No,One year,Yes,Mailed check,78.56,1957.3,0
CUST-03778,Male,0,No,No,72,Yes,No,DSL,Yes,No,No,No,No,No,Two year,Yes,Electronic check,29.94,2221.2,0
CUST-03779,Female,0,No,No,12,Yes,Yes,No,No internet service,No internet service,No internet service,No internet service,No internet service,No internet service,Month-to-month,Yes,Electronic check,20.31,238.69,0
CUST-03780,Female,0,No,No,50,Yes,No,Fiber optic,Yes,Yes,Yes,No,No,Yes,One year,Yes,Electronic check,77.36,3935.2,1
CUST-03781,Male,0,No,No,72,Yes,Yes,DSL,Yes,No,No,Yes,Yes,Yes,Two year,Yes,Electronic check,45.25,3356.04,0
CUST-03782,Female,0,No,No,33,Yes,No,No,No internet service,No internet service,No internet service,No internet service,No internet service,No internet service,Month-to-month,Yes,Bank transfer (automatic),25.26,824.24,0
CUST-03783,Female,0,Yes,No,72,Yes,No,No,No internet service,No internet service,No internet service,No internet service,No internet service,No internet service,Month-to-month,Yes,Electronic check,20.0,1450.97,0
CUST-03784,Female,0,No,No,23,Yes,No,Fiber optic,No,No,No,No,Yes,Yes,Month-to-month,Yes,Credit card (automatic),84.7,1922.8,1
CUST-03785,Female,0,No,No,5,Yes,Yes,No,No internet service,No internet service,No internet service,No internet service,No internet service,No internet service,Month-to-month,Yes,Credit card (automatic),27.16,137.01,0
CUST-03786,Male,0,No,No,6,Yes,Yes,DSL,No,Yes,Yes,Yes,No,Yes,Two year,Yes,Bank transfer (automatic),79.27,487.67,0
CUST-03787,Male,0,No,No,42,Yes,No,No,No internet service,No internet service,No internet service,No internet service,No internet service,No internet service,One year,Yes,Mailed check,26.99,1132.3,0
CUST-03788,Female,0,Yes,Yes,1,Yes,Yes,Fiber optic,No,No,No,No,Yes,No,Month-to-month,No,Mailed check,74.7,78.13,1
CUST-03789,Male,0,Yes,No,34,Yes,Yes,Fiber optic,Yes,No,No,No,Yes,No,One year,No,Mailed check,92.35,3092.42,1
CUST-03790,Female,0,No,No,5,Yes,No,Fiber optic,No,Yes,Yes,No,No,Yes,Two year,Yes,Electronic check,82.41,414.22,0
CUST-03791,Female,0,Yes,No,72,Yes,No,Fiber optic,Yes,No,No,No,No,Yes,Month-to-month,Yes,Bank transfer (automatic),102.68,7317.71,0
CUST-03792,Male,0,No,No,5,No,No phone service,Fiber optic,No,No,Yes,Yes,No,No,Month-to-month,No,Bank transfer (automatic),71.09,358.51,0
CUST-03793,Male,0,Yes,No,25,Yes,Yes,No,No internet service,No internet service,No internet service,No internet service,No internet service,No internet service,Month-to-month,No,Electronic check,19.75,493.96,0
CUST-03794,Male,1,Yes,Yes,35,Yes,No,DSL,No,No,No,No,Yes,No,Two year,Yes,Electronic check,41.18,1427.46,0
CUST-03795,Female,0,Yes,No,54,Yes,Yes,Fiber optic,No,No,Yes,No,Yes,Yes,Two year,Yes,Mailed check,46.8,2473.56,0
CUST-03796,Male,0,No,No,19,Yes,No,DSL,No,No,Yes,No,No,No,Two year,Yes,Credit card (automatic),54.54,1055.28,0
CUST-03797,Female,0,No,No,72,Yes,No,DSL,No,No,No,No,No,No,Month-to-month,No,Credit card (automatic),58.94,4187.18,0
CUST-03798,Male,1,No,No,20,Yes,No,No,No internet service,No internet service,No internet service,No internet service,No internet service,No internet service,Month-to-month,Yes,Bank transfer (automatic),19.1,387.66,0
CUST-03799,Male,0,No,No,9,Yes,No,Fiber optic,Yes,No,No,Yes,No,Yes,Two year,Yes,Bank transfer (automatic),85.93,773.6,0
CUST-03800,Female,0,Yes,No,28,Yes,No,Fiber optic,No,No,No,No,Yes,Yes,Two year,Yes,Mailed check,77.65,2081.34,0
CUST-03801,Female,0,Yes,Yes,34,Yes,No,No,No internet service,No internet service,No internet service,No internet service,No internet service,No internet service,Month-to-month,Yes,Bank transfer (automatic),27.98,936.81,0
CUST-03802,Female,0,No,No,22,Yes,Yes,Fiber optic,No,No,No,No,No,Yes,Month-to-month,No,Electronic check,107.48,2438.61,1
CUST-03803,Female,0,No,No,42,Yes,No,DSL,Yes,No,No,Yes,Yes,Yes,Month-to-month,No,Bank transfer (automatic),41.04,1769.07,0
CUST-03804,Female,0,Yes,No,17,Yes,No,DSL,No,No,Yes,No,No,Yes,Month-to-month,No,Electronic check,21.0,371.67,1
CUST-03805,Female,0,No,No,1,Yes,No,Fiber optic,Yes,No,Yes,No,Yes,Yes,Two year,Yes,Mailed check,85.98,82.27,0
CUST-03806,Female,0,No,No,9,No,No phone service,No,No internet service,No internet service,No internet service,No internet service,No internet service,No internet service,Month-to-month,Yes,Credit card (automatic),18.0,166.33,1
CUST-03807,Female,0,Yes,No,72,Yes,No,DSL,No,Yes,No,No,Yes,No,One year,No,Credit card (automatic),21.36,1537.06,0
CUST-03808,Male,0,Yes,No,46,Yes,Yes,Fiber optic,No,Yes,No,No,Yes,Yes,Month-to-month,Yes,Bank transfer (automatic),52.9,2415.34,0
CUST-03809,Female,0,No,Yes,6,Yes,Yes,Fiber optic,No,No,Yes,No,Yes,Yes,Month-to-month,No,Electronic check,50.72,300.79,1
CUST-03810,Female,0,Yes,Yes,2,Yes,No,DSL,No,Yes,No,No,No,No,Month-to-month,No,Bank transfer (automatic),56.52,112.85,0
CUST-03811,Male,0,Yes,No,13,Yes,No,DSL,Yes,No,No,Yes,Yes,Yes,Month-to-month,No,Mailed check,60.42,807.53,0
CUST-03812,Female,0,No,No,57,Yes,Yes,DSL,Yes,No,Yes,No,No,Yes,Two year,Yes,Credit card (automatic),83.27,4945.48,0
CUST-03813,Male,1,Yes,Yes,3,Yes,No,DSL,No,Yes,No,No,No,Yes,One year,No,Credit card (automatic),52.32,163.21,0
CUST-03814,Male,0,No,No,25,Yes,No,Fiber optic,Yes,Yes,No,No,No,No,One year,Yes,Electronic check,76.65,1859.9,0
CUST-03815,Female,1,Yes,Yes,10,Yes,No,Fiber optic,No,No,No,No,No,No,Month-to-month,Yes,Electronic check,87.91,896.48,1
CUST-03816,Male,0,No,No,41,Yes,No,Fiber optic,Yes,No,No,No,No,No,Month-to-month,No,Credit card (automatic),56.79,2439.04,0
CUST-03817,Female,1,No,No,1,Yes,No,Fiber optic,No,No,No,No,No,No,Month-to-month,No,Credit card (automatic),78.72,79.57,0
CUST-03818,Male,0,Yes,No,10,Yes,No,DSL,Yes,Yes,No,No,No,No,Month-to-month,Yes,Electronic check,91.56,902.35,0
CUST-03819,Male,0,Yes,Yes,36,Yes,No,Fiber optic,No,No,Yes,No,Yes,No,One year,No,Bank transfer (automatic),75.93,2814.37,0
CUST-03820,Male,0,No,Yes,25,Yes,No,Fiber optic,Yes,No,Yes,No,Yes,No,Month-to-month,Yes,Electronic check,102.84,2662.75,1
CUST-03821,Female,0,No,No,48,Yes,No,DSL,No,No,No,No,No,No,Month-to-month,No,Electronic check,61.44,2819.18,0
CUST-03822,Female,0,No,No,5,Yes,Yes,DSL,No,No,No,No,Yes,Yes,Month-to-month,No,Credit card (automatic),83.78,412.26,0
CUST-03823,Male,0,Yes,No,24,Yes,No,DSL,No,No,Yes,No,No,No,Month-to-month,No,Bank transfer (automatic),70.83,1717.29,0
CUST-03824,Male,0,No,No,6,Yes,Yes,Fiber optic,No,No,Yes,Yes,No,Yes,Two year,Yes,Electronic check,92.42,573.03,0
CUST-03825,Female,0,No,No,32,Yes,Yes,Fiber optic,Yes,No,Yes,No,Yes,Yes,Month-to-month,No,Electronic check,82.24,2570.0,1
CUST-03826,Female,0,No,No,4,Yes,No,DSL,Yes,No,Yes,No,No,Yes,Month-to-month,Yes,Credit card (automatic),57.25,238.41,1
CUST-03827,Male,0,No,No,5,No,No phone service,DSL,Yes,No,No,Yes,No,Yes,One year,No,Bank transfer (automatic),44.06,217.16,0
CUST-03828,Male,0,Yes,No,12,Yes,Yes,DSL,No,Yes,No,No,Yes,Yes,Month-to-month,Yes,Credit card (automatic),63.77,747.01,0
CUST-03829,Female,0,No,No,16,Yes,Yes,Fiber optic,Yes,Yes,No,Yes,No,Yes,One year,No,Mailed check,76.74,1166.54,0
CUST-03830,Female,0,Yes,No,22,Yes,No,DSL,Yes,Yes,No,Yes,No,No,Two year,No,Mailed check,59.25,1274.97,0
CUST-03831,Female,0,Yes,No,27,Yes,No,Fiber optic,No,Yes,No,No,No,Yes,Month-to-month,Yes,Bank transfer (automatic),77.19,2131.9,0
CUST-03832,Female,1,No,No,20,Yes,Yes,DSL,Yes,No,No,Yes,No,No,Month-to-month,No,Credit card (automatic),44.97,910.69,0
CUST-03833,Female,0,No,No,1,Yes,No,Fiber optic,No,Yes,No,No,No,No,Month-to-month,Yes,Electronic check,107.37,106.72,1
CUST-03834,Male,0,Yes,No,13,Yes,Yes,DSL,No,No,No,No,Yes,Yes,One year,No,Bank transfer (automatic),88.84,1174.24,0
CUST-03835,Female,0,No,No,2,Yes,No,Fiber optic,No,No,No,Yes,Yes,No,Two year,No,Bank transfer (automatic),80.36,161.06,0
CUST-03836,Male,0,Yes,No,4,Yes,No,No,No internet service,No internet service,No internet service,No internet service,No internet service,No internet service,Month-to-month,Yes,Credit card (automatic),19.95,79.18,1
CUST-03837,Female,0,No,No,3,Yes,No,Fiber optic,No,No,No,Yes,Yes,Yes,Month-to-month,Yes,Mailed check,91.67,264.76,0
CUST-03838,Male,0,No,No,5,Yes,No,No,No internet service,No internet service,No internet service,No internet service,No internet service,No internet service,One year,No,Mailed check,21.61,106.82,0
CUST-03839,Female,0,Yes,No,53,Yes,Yes,Fiber optic,No,Yes,Yes,No,No,Yes,Two year,No,Electronic check,54.9,2790.02,0
CUST-03840,Female,0,Yes,No,31,No,No phone service,No,No internet service,No internet service,No internet service,No internet service,No internet service,No internet service,Two year,No,Mailed check,19.59,613.95,0
CUST-03841,Male,0,Yes,Yes,22,No,No phone service,Fiber optic,No,No,No,No,No,No,One year,Yes,Bank transfer (automatic),76.17,1738.06,1
CUST-03842,Male,0,Yes,No,42,Yes,No,DSL,No,Yes,No,No,No,Yes,Month-to-month,Yes,Credit card (automatic),49.09,1985.64,1
CUST-03843,Female,0,Yes,No,72,No,No phone service,Fiber optic,No,No,No,No,No,Yes,One year,Yes,Electronic check,66.95,4904.12,0
CUST-03844,Female,0,No,No,17,Yes,Yes,No,No internet service,No internet service,No internet service,No internet service,No internet service,No internet service,Month-to-month,Yes,Credit card (automatic),19.48,321.72,0
CUST-03845,Female,1,Yes,Yes,14,Yes,Yes,No,No internet service,No internet service,No internet service,No internet service,No internet service,No internet service,Month-to-month,No,Electronic check,20.93,283.96,1
CUST-03846,Female,0,No,No,72,Yes,Yes,Fiber optic,No,No,No,No,No,No,Month-to-month,Yes,Electronic check,67.02,4967.22,1
CUST-03847,Female,0,Yes,No,47,Yes,No,No,No internet service,No internet service,No internet service,No internet service,No internet service,No internet service,Two year,No,Electronic check,19.56,924.58,0
CUST-03848,Male,0,No,No,48,Yes,No,Fiber optic,No,No,No,No,No,Yes,Month-to-month,Yes,Credit card (automatic),41.6,2085.12,1
CUST-03849,Male,0,Yes,Yes,29,Yes,Yes,Fiber optic,No,No,Yes,No,No,No,Two year,No,Mailed check,80.75,2454.6,0
CUST-03850,Female,0,Yes,No,22,Yes,No,Fiber optic,No,No,No,No,No,No,Month-to-month,Yes,Electronic check,60.33,1347.53,1
CUST-03851,Male,0,No,No,25,Yes,Yes,DSL,No,No,Yes,Yes,No,No,One year,Yes,Electronic check,56.67,1403.05,0
CUST-03852,Male,0,Yes,No,33,Yes,Yes,DSL,No,Yes,Yes,No,Yes,Yes,Month-to-month,Yes,Credit card (automatic),49.27,1592.3,1
CUST-03853,Male,0,No,No,15,Yes,No,Fiber optic,No,No,No,No,No,Yes,Two year,Yes,Credit card (automatic),105.14,1523.37,0
CUST-03854,Female,0,No,Yes,48,Yes,Yes,No,No internet service,No internet service,No internet service,No internet service,No internet service,No internet service,One year,No,Mailed check,20.75,993.85,0
CUST-03855,Male,0,No,No,72,Yes,Yes,Fiber optic,Yes,No,No,No,No,No,Month-to-month,No,Electronic check,119.98,8610.65,1
CUST-03856,Female,0,Yes,No,27,Yes,No,DSL,Yes,No,Yes,Yes,No,No,Month-to-month,Yes,Credit card (automatic),28.84,739.96,0
CUST-03857,Male,0,Yes,Yes,15,Yes,Yes,DSL,Yes,Yes,No,No,No,No,One year,Yes,Credit card (automatic),67.53,1034.12,1
CUST-03858,Female,0,No,No,38,Yes,No,DSL,No,Yes,No,Yes,Yes,Yes,Month-to-month,No,Credit card (automatic),44.74,1673.15,0
CUST-03859,Male,0,No,No,6,No,No phone service,No,No internet service,No internet service,No internet service,No internet service,No internet service,No internet service,Month-to-month,No,Credit card (automatic),21.95,136.3,1
CUST-03860,Female,0,Yes,Yes,72,Yes,Yes,Fiber optic,No,No,No,No,No,No,One year,No,Bank transfer (automatic),51.06,3637.15,0
CUST-03861,Female,1,Yes,No,34,Yes,No,Fiber optic,No,Yes,No,Yes,No,No,One year,Yes,Credit card (automatic),58.02,2058.26,0
CUST-03862,Male,0,Yes,Yes,2,Yes,Yes,DSL,No,No,Yes,No,No,No,Month-to-month,No,Credit card (automatic),64.21,131.06,0
CUST-03863,Female,0,No,No,24,Yes,Yes,DSL,No,Yes,No,No,No,No,Month-to-month,Yes,Credit card (automatic),42.7,1016.13,0
CUST-03864,Female,0,Yes,No,44,Yes,No,No,No internet service,No internet service,No internet service,No internet service,No internet service,No internet service,One year,No,Bank transfer (automatic),18.56,818.82,0
CUST-03865,Female,1,No,No,10,Yes,Yes,No,No internet service,No internet service,No internet service,No internet service,No internet service,No internet service,Two year,Yes,Bank transfer (automatic),22.11,218.6,0
CUST-03866,Female,0,Yes,Yes,1,Yes,Yes,DSL,Yes,No,No,No,No,No,Two year,No,Bank transfer (automatic),41.58,41.33,0
CUST-03867,Female,0,Yes,No,21,Yes,No,No,No internet service,No internet service,No internet service,No internet service,No internet service,No internet service,Month-to-month,Yes,Credit card (automatic),25.34,508.42,0
CUST-03868,Female,0,Yes,No,57,Yes,Yes,DSL,Yes,No,No,No,No,No,Two year,Yes,Electronic check,53.83,2987.72,0
CUST-03869,Female,0,No,Yes,9,Yes,No,No,No internet service,No internet service,No internet service,No internet service,No internet service,No internet service,Month-to-month,Yes,Electronic check,19.53,183.43,1
CUST-03870,Female,0,Yes,Yes,40,Yes,No,DSL,No,Yes,No,Yes,No,Yes,Month-to-month,No,Mailed check,60.79,2448.09,1
CUST-03871,Male,0,Yes,No,16,Yes,Yes,Fiber optic,No,Yes,No,Yes,No,No,Month-to-month,No,Bank transfer (automatic),86.35,1313.96,1
CUST-03872,Male,0,Yes,Yes,1,Yes,No,Fiber optic,Yes,Yes,Yes,No,No,No,Two year,No,Electronic check,90.93,95.45,0
CUST-03873,Female,0,Yes,No,11,Yes,Yes,DSL,No,No,Yes,No,Yes,Yes,Two year,No,Mailed check,55.99,605.99,0
CUST-03874,Female,0,Yes,Yes,12,Yes,Yes,DSL,No,Yes,Yes,Yes,Yes,Yes,Two year,No,Electronic check,62.01,777.14,0
CUST-03875,Male,0,No,No,72,Yes,No,DSL,Yes,Yes,No,No,No,No,One year,Yes,Credit card (automatic),65.13,4901.3,0
CUST-03876,Male,0,No,No,72,Yes,No,No,No internet service,No internet service,No internet service,No internet service,No internet service,No internet service,Month-to-month,Yes,Electronic check,22.03,1590.22,0
CUST-03877,Male,0,Yes,No,7,Yes,No,Fiber optic,No,No,No,No,Yes,Yes,Month-to-month,Yes,Credit card (automatic),66.79,464.99,0
CUST-03878,Female,0,No,Yes,18,Yes,Yes,DSL,Yes,Yes,No,No,No,Yes,Month-to-month,Yes,Bank transfer (automatic),49.93,891.28,0
CUST-03879,Male,0,Yes,Yes,72,Yes,No,Fiber optic,No,No,No,No,Yes,No,Month-to-month,Yes,Credit card (automatic),101.37,7287.91,1
CUST-03880,Female,0,Yes,No,16,Yes,No,Fiber optic,Yes,No,No,Yes,Yes,No,One year,No,Credit card (automatic),85.77,1387.6,0
CUST-03881,Female,0,No,No,13,Yes,Yes,Fiber optic,Yes,Yes,No,No,Yes,Yes,Month-to-month,Yes,Credit card (automatic),85.47,1068.74,1
CUST-03882,Male,0,No,No,3,No,No phone service,Fiber optic,Yes,Yes,No,Yes,No,No,One year,Yes,Mailed check,78.28,240.25,0
CUST-03883,Female,0,No,No,44,Yes,No,DSL,Yes,No,Yes,No,Yes,Yes,One year,No,Electronic check,69.05,2995.58,0
CUST-03884,Female,0,Yes,No,18,No,No phone service,DSL,Yes,No,No,No,No,No,Two year,No,Electronic check,72.55,1307.23,0
CUST-03885,Female,0,Yes,Yes,32,Yes,No,DSL,Yes,No,Yes,No,Yes,No,Month-to-month,Yes,Mailed check,48.59,1624.33,0
CUST-03886,Female,0,No,No,22,Yes,Yes,No,No internet service,No internet service,No internet service,No internet service,No internet service,No internet service,One year,No,Bank transfer (automatic),21.64,498.66,0
CUST-03887,Male,0,No,Yes,6,Yes,Yes,No,No internet service,No internet service,No internet service,No internet service,No internet service,No internet service,Month-to-month,Yes,Mailed check,18.0,104.14,0
CUST-03888,Male,0,Yes,No,6,Yes,Yes,DSL,No,No,No,No,No,Yes,Month-to-month,Yes,Mailed check,41.93,249.29,1
CUST-03889,Female,0,No,No,72,Yes,Yes,Fiber optic,No,No,No,Yes,No,No,Month-to-month,No,Mailed check,52.14,3682.27,0
CUST-03890,Female,0,No,No,70,Yes,No,No,No internet service,No internet service,No internet service,No internet service,No internet service,No internet service,Month-to-month,No,Bank transfer (automatic),21.72,1479.26,0
CUST-03891,Male,0,Yes,No,30,Yes,No,Fiber optic,No,No,No,No,No,No,Month-to-month,Yes,Electronic check,48.07,1484.05,1
CUST-03892,Female,0,No,No,1,Yes,No,No,No internet service,No internet service,No internet service,No internet service,No internet service,No internet service,One year,Yes,Mailed check,26.03,25.05,0
CUST-03893,Male,0,No,No,18,Yes,No,Fiber optic,No,Yes,No,Yes,Yes,Yes,Two year,No,Bank transfer (automatic),81.79,1440.22,0
CUST-03894,Female,1,Yes,No,24,Yes,No,No,No internet service,No internet service,No internet service,No internet service,No internet service,No internet service,Two year,No,Bank transfer (automatic),24.52,567.39,0
CUST-03895,Female,0,No,No,19,Yes,No,Fiber optic,No,No,Yes,No,No,Yes,Month-to-month,No,Bank transfer (automatic),54.22,1035.55,1
CUST-03896,Male,0,Yes,Yes,72,Yes,No,Fiber optic,No,No,Yes,No,No,No,Two year,No,Electronic check,64.4,4432.55,0
CUST-03897,Male,0,Yes,No,1,Yes,Yes,Fiber optic,Yes,No,Yes,No,Yes,Yes,Two year,Yes,Mailed check,85.43,83.79,0
CUST-03898,Male,0,No,No,34,Yes,No,DSL,No,No,No,No,Yes,No,One year,Yes,Mailed check,70.87,2527.11,0
CUST-03899,Male,0,No,No,12,Yes,No,Fiber optic,Yes,Yes,Yes,No,No,Yes,Month-to-month,Yes,Credit card (automatic),83.52,956.59,1
CUST-03900,Female,0,No,No,26,Yes,No,Fiber optic,No,No,Yes,No,Yes,Yes,Month-to-month,Yes,Bank transfer (automatic),82.88,2243.36,1
CUST-03901,Male,0,No,No,34,No,No phone service,DSL,No,Yes,Yes,No,Yes,No,Two year,Yes,Electronic check,54.02,1816.34,1
CUST-03902,Female,0,No,No,18,Yes,No,Fiber optic,Yes,No,No,Yes,No,Yes,Month-to-month,Yes,Mailed check,89.49,1586.01,1
CUST-03903,Male,0,No,No,5,No,No phone service,Fiber optic,No,No,No,No,No,No,Month-to-month,Yes,Bank transfer (automatic),105.48,535.17,1
CUST-03904,Male,0,Yes,Yes,23,No,No phone service,No,No internet service,No internet service,No internet service,No internet service,No internet service,No internet service,Month-to-month,No,Bank transfer (automatic),23.12,554.37,0
CUST-03905,Female,0,No,No,72,Yes,Yes,DSL,No,No,No,No,Yes,No,Month-to-month,Yes,Bank transfer (automatic),80.09,5589.82,0
CUST-03906,Male,0,No,Yes,24,Yes,No,Fiber optic,Yes,Yes,Yes,No,Yes,Yes,Two year,No,Electronic check,76.6,1807.09,0
CUST-03907,Male,1,Yes,No,4,Yes,Yes,Fiber optic,No,No,No,No,No,No,Two year,Yes,Electronic check,83.72,335.07,1
CUST-03908,Male,0,No,Yes,55,Yes,No,No,No internet service,No internet service,No internet service,No internet service,No internet service,No internet service,Month-to-month,No,Bank transfer (automatic),24.23,1392.98,0
CUST-03909,Male,0,No,No,8,Yes,No,DSL,No,No,No,No,Yes,No,Month-to-month,Yes,Credit card (automatic),46.51,387.91,1
CUST-03910,Female,0,No,No,14,Yes,No,DSL,No,Yes,No,No,Yes,Yes,Month-to-month,Yes,Electronic check,44.84,623.5,0
CUST-03911,Female,0,Yes,No,17,Yes,Yes,Fiber optic,Yes,Yes,No,No,No,Yes,Month-to-month,Yes,Mailed check,37.62,610.07,0
CUST-03912,Male,0,No,No,13,Yes,Yes,DSL,No,Yes,Yes,No,Yes,Yes,Month-to-month,Yes,Credit card (automatic),55.41,709.13,1
CUST-03913,Male,1,Yes,No,16,Yes,No,Fiber optic,No,No,Yes,Yes,No,No,Two year,Yes,Bank transfer (automatic),55.01,865.37,0
CUST-03914,Male,0,Yes,Yes,50,Yes,Yes,No,No internet service,No internet service,No internet service,No internet service,No internet service,No internet service,Month-to-month,No,Mailed check,21.02,1085.3,0
CUST-03915,Female,1,No,No,8,Yes,No,DSL,No,Yes,No,No,Yes,Yes,Month-to-month,Yes,Electronic check,63.92,509.73,1
CUST-03916,Female,0,No,Yes,20,Yes,No,DSL,No,No,No,No,No,Yes,Month-to-month,No,Mailed check,64.13,1240.38,0
CUST-03917,Female,0,Yes,No,1,Yes,Yes,Fiber optic,Yes,Yes,No,No,No,No,Month-to-month,No,Electronic check,57.42,57.22,1
CUST-03918,Female,1,Yes,No,22,Yes,Yes,No,No internet service,No internet service,No internet service,No internet service,No internet service,No internet service,Month-to-month,No,Credit card (automatic),23.57,522.83,1
CUST-03919,Male,0,No,No,3,Yes,No,Fiber optic,No,Yes,Yes,No,No,Yes,Month-to-month,No,Bank transfer (automatic),80.1,232.75,1
CUST-03920,Male,0,No,No,10,Yes,Yes,No,No internet service,No internet service,No internet service,No internet service,No internet service,No internet service,Month-to-month,Yes,Credit card (automatic),21.06,203.54,0
CUST-03921,Male,0,No,No,12,Yes,No,Fiber optic,No,Yes,No,No,No,No,Two year,Yes,Credit card (automatic),76.83,954.47,0
CUST-03922,Female,1,No,No,2,Yes,No,Fiber optic,Yes,No,No,No,No,No,Month-to-month,Yes,Bank transfer (automatic),98.23,191.57,1
CUST-03923,Male,0,Yes,No,14,Yes,No,DSL,Yes,Yes,Yes,No,Yes,No,One year,Yes,Electronic check,93.16,1260.99,1
CUST-03924,Female,1,Yes,No,22,Yes,No,DSL,No,No,No,No,No,No,Two year,No,Mailed check,63.02,1321.75,1
CUST-03925,Female,0,Yes,No,18,Yes,No,Fiber optic,No,Yes,No,Yes,Yes,No,One year,No,Credit card (automatic),62.26,1106.93,0
CUST-03926,Male,0,Yes,No,10,Yes,Yes,DSL,No,No,Yes,No,Yes,No,Month-to-month,Yes,Electronic check,76.95,739.73,0
CUST-03927,Male,0,Yes,No,11,No,No phone service,Fiber optic,No,No,No,No,No,No,Month-to-month,Yes,Credit card (automatic),112.73,1289.15,1
CUST-03928,Male,0,Yes,Yes,32,Yes,No,Fiber optic,No,Yes,No,No,No,No,Two year,Yes,Credit card (automatic),67.31,2142.91,1
CUST-03929,Female,1,No,No,40,Yes,No,DSL,No,No,No,Yes,Yes,No,One year,Yes,Mailed check,59.82,2441.01,0
CUST-03930,Female,0,Yes,No,27,Yes,No,No,No internet service,No internet service,No internet service,No internet service,No internet service,No internet service,Month-to-month,Yes,Mailed check,18.0,473.64,0
CUST-03931,Male,0,No,No,72,Yes,Yes,Fiber optic,No,No,Yes,No,Yes,No,Month-to-month,Yes,Bank transfer (automatic),61.39,4621.74,0
CUST-03932,Male,0,No,No,72,Yes,No,Fiber optic,No,No,No,No,No,Yes,Month-to-month,Yes,Mailed check,108.76,7835.0,1
CUST-03933,Female,0,No,No,3,Yes,Yes,DSL,Yes,Yes,Yes,No,No,Yes,Month-to-month,No,Electronic check,56.96,179.31,0
CUST-03934,Male,0,No,No,9,Yes,Yes,DSL,Yes,No,No,No,Yes,Yes,One year,Yes,Electronic check,73.13,659.9,0
CUST-03935,Female,1,No,No,64,Yes,No,DSL,No,No,Yes,Yes,No,Yes,Month-to-month,Yes,Electronic check,72.07,4384.35,0
CUST-03936,Female,1,Yes,No,1,Yes,Yes,Fiber optic,No,No,No,No,No,No,Month-to-month,No,Electronic check,54.1,55.49,1
CUST-03937,Male,0,Yes,No,28,Yes,Yes,Fiber optic,No,No,No,No,No,Yes,Month-to-month,No,Electronic check,88.91,2427.59,0
CUST-03938,Male,1,Yes,No,72,Yes,Yes,No,No internet service,No internet service,No internet service,No internet service,No internet service,No internet service,Month-to-month,No,Credit card (automatic),18.09,1352.97,0
CUST-03939,Male,1,Yes,Yes,36,Yes,No,Fiber optic,No,No,No,Yes,No,Yes,Month-to-month,No,Mailed check,81.86,2888.5,0
CUST-03940,Male,0,No,No,3,Yes,Yes,Fiber optic,No,Yes,No,No,No,No,One year,Yes,Electronic check,66.6,204.38,0
CUST-03941,Female,0,No,No,44,No,No phone service,DSL,No,Yes,Yes,No,No,Yes,Two year,Yes,Bank transfer (automatic),64.87,2947.66,0
CUST-03942,Female,1,No,Yes,15,Yes,No,No,No internet service,No internet service,No internet service,No internet service,No internet service,No internet service,Two year,Yes,Mailed check,21.06,303.19,0
CUST-03943,Female,0,Yes,No,72,Yes,No,No,No internet service,No internet service,No internet service,No internet service,No internet service,No internet service,Month-to-month,No,Electronic check,24.43,1831.91,0
CUST-03944,Male,1,No,No,10,Yes,Yes,Fiber optic,No,No,No,No,No,No,Month-to-month,Yes,Credit card (automatic),47.65,489.91,0
CUST-03945,Female,0,Yes,No,20,Yes,Yes,DSL,Yes,Yes,Yes,No,No,No,Month-to-month,Yes,Electronic check,27.91,543.85,1
CUST-03946,Male,0,No,Yes,43,Yes,Yes,DSL,No,Yes,No,No,Yes,Yes,Two year,No,Electronic check,56.58,2406.43,0
CUST-03947,Male,0,Yes,No,9,Yes,Yes,No,No internet service,No internet service,No internet service,No internet service,No internet service,No internet service,Two year,Yes,Electronic check,18.0,160.15,0
CUST-03948,Male,0,Yes,Yes,6,Yes,No,Fiber optic,No,Yes,Yes,No,No,Yes,Month-to-month,Yes,Credit card (automatic),56.72,354.72,1
CUST-03949,Male,0,Yes,No,1,Yes,No,DSL,Yes,No,No,No,No,Yes,Month-to-month,Yes,Credit card (automatic),75.06,77.61,1
CUST-03950,Male,0,No,No,21,Yes,Yes,Fiber optic,No,No,No,No,Yes,No,One year,Yes,Credit card (automatic),79.18,1733.43,0
CUST-03951,Male,0,Yes,No,72,Yes,Yes,Fiber optic,No,No,Yes,Yes,Yes,Yes,Month-to-month,Yes,Credit card (automatic),72.73,5197.54,0
CUST-03952,Female,0,Yes,Yes,10,Yes,No,Fiber optic,No,No,No,No,Yes,No,Two year,Yes,Electronic check,72.38,735.85,1
CUST-03953,Male,0,No,Yes,1,Yes,No,Fiber optic,No,No,Yes,No,No,No,Two year,No,Bank transfer (automatic),70.18,71.85,1
CUST-03954,Female,1,No,No,30,Yes,Yes,Fiber optic,Yes,No,No,No,No,No,Two year,Yes,Bank transfer (automatic),85.78,2657.43,0
CUST-03955,Female,0,Yes,Yes,1,Yes,No,No,No internet service,No internet service,No internet service,No internet service,No internet service,No internet service,Month-to-month,Yes,Credit card (automatic),28.81,29.88,1
CUST-03956,Male,0,No,No,22,Yes,Yes,No,No internet service,No internet service,No internet service,No internet service,No internet service,No internet service,Month-to-month,Yes,Bank transfer (automatic),20.4,466.2,1
CUST-03957,Male,0,Yes,Yes,15,Yes,No,No,No internet service,No internet service,No internet service,No internet service,No internet service,No internet service,Month-to-month,Yes,Credit card (automatic),18.0,259.7,0
CUST-03958,Male,0,Yes,Yes,20,Yes,No,DSL,Yes,No,No,No,Yes,No,Two year,Yes,Bank transfer (automatic),55.39,1101.09,0
CUST-03959,Female,0,Yes,Yes,5,Yes,Yes,DSL,No,No,No,No,Yes,No,Month-to-month,Yes,Bank transfer (automatic),59.52,298.99,1
CUST-03960,Male,0,Yes,No,3,Yes,Yes,Fiber optic,No,No,Yes,Yes,No,No,Month-to-month,No,Mailed check,18.0,51.4,0
CUST-03961,Female,0,No,No,44,Yes,No,Fiber optic,No,No,No,No,No,No,Month-to-month,Yes,Credit card (automatic),70.77,3039.08,1
CUST-03962,Male,0,No,No,9,No,No phone service,DSL,Yes,Yes,No,No,No,No,Month-to-month,No,Credit card (automatic),67.1,589.44,0
CUST-03963,Male,0,Yes,No,51,Yes,Yes,No,No internet service,No internet service,No internet service,No internet service,No internet service,No internet service,Two year,No,Mailed check,18.0,904.72,0
CUST-03964,Female,1,No,Yes,45,Yes,No,No,No internet service,No internet service,No internet service,No internet service,No internet service,No internet service,Two year,No,Electronic check,22.34,1044.33,0
CUST-03965,Female,0,No,Yes,7,Yes,Yes,Fiber optic,No,No,No,Yes,Yes,No,One year,No,Mailed check,56.0,393.84,0
CUST-03966,Male,1,Yes,No,72,Yes,No,Fiber optic,No,No,No,No,No,No,Two year,No,Bank transfer (automatic),57.35,4200.52,0
CUST-03967,Female,1,Yes,No,5,Yes,No,Fiber optic,Yes,Yes,No,No,No,Yes,Month-to-month,No,Mailed check,76.03,394.73,1
CUST-03968,Female,1,No,No,51,Yes,No,DSL,No,Yes,No,Yes,Yes,No,One year,Yes,Mailed check,78.56,4060.94,0
CUST-03969,Female,1,No,No,17,Yes,Yes,DSL,No,Yes,No,No,Yes,No,Month-to-month,No,Electronic check,52.15,881.13,1
CUST-03970,Female,0,No,No,6,Yes,Yes,DSL,No,No,No,No,No,No,Month-to-month,No,Mailed check,50.18,305.64,1
CUST-03971,Female,0,No,No,72,Yes,Yes,No,No internet service,No internet service,No internet service,No internet service,No internet service,No internet service,Month-to-month,Yes,Credit card (automatic),20.45,1496.99,0
CUST-03972,Male,0,Yes,No,72,No,No phone service,Fiber optic,No,Yes,Yes,No,No,Yes,Two year,Yes,Electronic check,57.05,4104.81,0
CUST-03973,Male,0,No,Yes,22,Yes,No,No,No internet service,No internet service,No internet service,No internet service,No internet service,No internet service,Month-to-month,Yes,Credit card (automatic),25.5,586.71,0
CUST-03974,Female,0,Yes,No,20,Yes,No,No,No internet service,No internet service,No internet service,No internet service,No internet service,No internet service,One year,Yes,Electronic check,27.12,533.49,0
CUST-03975,Male,0,No,Yes,72,Yes,Yes,Fiber optic,Yes,No,No,No,No,No,One year,Yes,Electronic check,86.34,6462.14,0
CUST-03976,Male,1,No,No,29,Yes,Yes,No,No internet service,No internet service,No internet service,No internet service,No internet service,No internet service,Month-to-month,Yes,Electronic check,23.35,646.21,0
CUST-03977,Female,1,Yes,No,9,Yes,Yes,DSL,Yes,Yes,No,No,No,No,Month-to-month,Yes,Bank transfer (automatic),49.82,456.65,0
CUST-03978,Male,0,Yes,No,17,Yes,No,DSL,No,No,No,No,No,No,Two year,No,Electronic check,50.59,882.75,0
CUST-03979,Female,0,No,No,57,Yes,No,Fiber optic,No,Yes,No,Yes,No,No,Month-to-month,Yes,Bank transfer (automatic),79.24,4342.08,1
CUST-03980,Female,1,Yes,No,62,Yes,Yes,No,No internet service,No internet service,No internet service,No internet service,No internet service,No internet service,Two year,No,Bank transfer (automatic),20.96,1351.56,0
CUST-03981,Male,0,No,No,72,Yes,Yes,Fiber optic,Yes,Yes,No,No,No,No,Month-to-month,No,Bank transfer (automatic),76.97,5654.75,0
CUST-03982,Female,0,No,No,10,Yes,Yes,DSL,No,No,No,No,No,No,Two year,Yes,Bank transfer (automatic),60.68,586.35,0
CUST-03983,Female,0,No,No,36,Yes,Yes,Fiber optic,Yes,No,No,No,No,Yes,Two year,Yes,Electronic check,63.62,2341.16,0
CUST-03984,Female,0,Yes,Yes,2,Yes,No,Fiber optic,No,No,No,No,No,Yes,Month-to-month,No,Electronic check,72.43,148.97,0
CUST-03985,Female,0,No,No,41,Yes,No,Fiber optic,Yes,Yes,No,No,No,No,Month-to-month,Yes,Electronic check,79.54,3189.63,0
CUST-03986,Female,1,No,No,26,Yes,Yes,DSL,No,Yes,No,No,No,No,Month-to-month,Yes,Mailed check,18.0,478.74,1
CUST-03987,Male,0,No,No,9,Yes,Yes,Fiber optic,No,Yes,Yes,Yes,No,No,Month-to-month,No,Electronic check,65.02,591.12,1
CUST-03988,Male,0,No,No,34,Yes,No,Fiber optic,No,No,No,No,No,No,One year,Yes,Mailed check,80.5,2790.96,0
CUST-03989,Female,0,No,No,4,Yes,Yes,DSL,No,No,No,No,No,No,Month-to-month,Yes,Electronic check,52.01,214.09,0
CUST-03990,Female,0,No,No,12,Yes,Yes,DSL,No,No,Yes,No,No,No,Two year,Yes,Mailed check,67.2,840.8,0
CUST-03991,Male,1,Yes,No,16,Yes,No,Fiber optic,No,No,No,Yes,No,No,Two year,No,Credit card (automatic),71.85,1130.89,0
CUST-03992,Female,0,No,No,48,Yes,Yes,DSL,No,No,No,No,Yes,Yes,One year,Yes,Bank transfer (automatic),46.09,2252.38,0
CUST-03993,Male,0,Yes,No,11,Yes,No,No,No internet service,No internet service,No internet service,No internet service,No internet service,No internet service,Month-to-month,Yes,Bank transfer (automatic),22.48,259.0,0
CUST-03994,Female,0,Yes,No,1,Yes,Yes,DSL,No,No,No,No,Yes,Yes,Month-to-month,Yes,Bank transfer (automatic),86.83,83.54,0
CUST-03995,Female,0,Yes,Yes,6,Yes,Yes,Fiber optic,Yes,No,No,Yes,Yes,Yes,Two year,No,Mailed check,70.95,432.88,0
CUST-03996,Female,0,No,No,29,Yes,Yes,Fiber optic,No,No,No,No,Yes,Yes,Two year,No,Mailed check,68.41,1889.5,0
CUST-03997,Female,0,No,Yes,1,Yes,Yes,No,No internet service,No internet service,No internet service,No internet service,No internet service,No internet service,Month-to-month,No,Credit card (automatic),20.49,19.85,0
CUST-03998,Female,0,No,No,50,Yes,Yes,DSL,No,No,No,No,Yes,Yes,Month-to-month,No,Electronic check,50.61,2602.6,1
CUST-03999,Female,0,Yes,No,72,Yes,No,Fiber optic,No,No,Yes,Yes,Yes,No,Month-to-month,Yes,Electronic check,78.01,5749.52,0
CUST-04000,Female,0,Yes,No,21,Yes,No,No,No internet service,No internet service,No internet service,No internet service,No internet service,No internet service,Two year,Yes,Electronic check,23.83,517.69,0
CUST-04001,Male,1,Yes,Yes,39,Yes,No,No,No internet service,No internet service,No internet service,No internet service,No internet service,No internet service,One year,No,Electronic check,21.48,838.39,0
CUST-04002,Male,1,No,No,19,Yes,Yes,DSL,Yes,No,No,Yes,Yes,No,Month-to-month,Yes,Electronic check,37.11,732.71,0
CUST-04003,Male,0,Yes,No,11,Yes,No,DSL,No,No,Yes,No,Yes,Yes,One year,No,Electronic check,56.06,624.29,0
CUST-04004,Female,0,Yes,Yes,5,Yes,Yes,DSL,No,No,Yes,Yes,Yes,No,Month-to-month,Yes,Bank transfer (automatic),86.05,412.1,0
CUST-04005,Female,0,Yes,No,23,Yes,No,Fiber optic,No,No,No,No,Yes,Yes,One year,Yes,Electronic check,87.59,2093.02,1
CUST-04006,Female,1,No,No,72,Yes,Yes,Fiber optic,No,No,No,No,No,Yes,Two year,Yes,Electronic check,69.38,4936.46,0
CUST-04007,Female,0,No,No,70,Yes,No,DSL,No,Yes,No,Yes,Yes,No,Two year,No,Mailed check,64.05,4341.24,0
CUST-04008,Female,0,No,No,72,Yes,Yes,Fiber optic,No,No,No,Yes,No,Yes,One year,Yes,Electronic check,96.17,7149.37,0
CUST-04009,Female,0,Yes,No,72,Yes,Yes,DSL,No,Yes,Yes,No,Yes,No,Month-to-month,No,Credit card (automatic),86.46,6488.13,0
CUST-04010,Female,0,Yes,No,5,No,No phone service,Fiber optic,Yes,No,No,No,No,Yes,Two year,Yes,Bank transfer (automatic),77.59,388.69,1
CUST-04011,Male,0,Yes,Yes,5,Yes,Yes,No,No internet service,No internet service,No internet service,No internet service,No internet service,No internet service,Two year,No,Electronic check,22.14,112.2,0
CUST-04012,Female,0,Yes,No,17,Yes,No,Fiber optic,Yes,Yes,No,No,No,Yes,One year,No,Electronic check,100.34,1691.63,1
CUST-04013,Male,0,Yes,Yes,37,Yes,Yes,Fiber optic,No,No,No,Yes,Yes,Yes,Month-to-month,Yes,Bank transfer (automatic),60.9,2330.97,1
CUST-04014,Male,0,Yes,No,18,Yes,No,Fiber optic,No,No,Yes,No,No,Yes,Month-to-month,Yes,Electronic check,45.34,855.57,1
CUST-04015,Female,0,Yes,No,71,Yes,Yes,No,No internet service,No internet service,No internet service,No internet service,No internet service,No internet service,Month-to-month,Yes,Electronic check,18.0,1220.37,0
CUST-04016,Female,0,Yes,Yes,40,Yes,No,No,No internet service,No internet service,No internet service,No internet service,No internet service,No internet service,Month-to-month,Yes,Mailed check,25.31,987.89,0
CUST-04017,Male,0,Yes,Yes,32,Yes,No,Fiber optic,Yes,No,No,No,Yes,No,Month-to-month,No,Mailed check,94.49,3135.16,0
CUST-04018,Male,0,No,No,2,Yes,Yes,No,No internet service,No internet service,No internet service,No internet service,No internet service,No internet service,Month-to-month,No,Electronic check,22.62,46.01,0
CUST-04019,Female,1,No,No,6,Yes,Yes,DSL,No,No,No,Yes,No,No,Two year,Yes,Electronic check,68.09,409.29,0
CUST-04020,Female,0,No,Yes,17,Yes,No,DSL,No,No,Yes,No,No,Yes,One year,Yes,Credit card (automatic),46.35,751.85,0
CUST-04021,Male,0,Yes,No,72,Yes,No,No,No internet service,No internet service,No internet service,No internet service,No internet service,No internet service,Month-to-month,Yes,Credit card (automatic),26.55,1917.83,0
CUST-04022,Female,0,Yes,No,13,Yes,Yes,Fiber optic,No,No,Yes,No,Yes,No,Month-to-month,No,Mailed check,97.07,1233.86,1
CUST-04023,Female,1,No,No,31,No,No phone service,DSL,No,No,No,No,Yes,Yes,Two year,Yes,Bank transfer (automatic),70.27,2090.46,0
CUST-04024,Female,0,Yes,No,72,Yes,Yes,Fiber optic,No,No,No,No,Yes,Yes,Month-to-month,Yes,Bank transfer (automatic),55.48,3829.73,0
CUST-04025,Male,0,No,No,9,Yes,No,Fiber optic,No,No,No,No,Yes,No,Two year,Yes,Electronic check,52.13,486.01,0
CUST-04026,Male,1,No,No,5,Yes,No,DSL,No,No,Yes,Yes,Yes,No,One year,Yes,Mailed check,75.28,383.7,0
CUST-04027,Male,0,No,No,25,Yes,Yes,DSL,No,No,Yes,No,Yes,No,Month-to-month,Yes,Electronic check,49.38,1293.99,1
CUST-04028,Female,0,No,Yes,25,Yes,Yes,DSL,No,Yes,No,No,Yes,Yes,Two year,Yes,Bank transfer (automatic),78.06,1877.78,0
CUST-04029,Female,0,No,No,72,Yes,Yes,Fiber optic,No,No,Yes,No,Yes,No,Month-to-month,Yes,Electronic check,79.8,5792.73,0
CUST-04030,Male,0,No,Yes,1,Yes,No,No,No internet service,No internet service,No internet service,No internet service,No internet service,No internet service,Month-to-month,Yes,Electronic check,21.95,22.72,1
CUST-04031,Male,1,Yes,Yes,16,Yes,Yes,DSL,No,No,No,No,No,No,One year,Yes,Bank transfer (automatic),57.12,957.45,1
CUST-04032,Male,0,Yes,Yes,11,Yes,Yes,Fiber optic,Yes,No,Yes,No,No,No,Two year,Yes,Credit card (automatic),93.33,1050.66,0
CUST-04033,Female,0,Yes,No,27,Yes,No,No,No internet service,No internet service,No internet service,No internet service,No internet service,No internet service,Two year,Yes,Credit card (automatic),23.32,647.65,0
CUST-04034,Male,0,Yes,No,1,Yes,No,DSL,No,No,No,No,Yes,Yes,Two year,Yes,Credit card (automatic),48.99,49.28,0
CUST-04035,Male,0,Yes,Yes,39,Yes,No,Fiber optic,No,No,No,Yes,Yes,No,One year,Yes,Credit card (automatic),61.4,2378.27,0
CUST-04036,Female,0,Yes,No,21,Yes,Yes,DSL,Yes,No,No,No,No,No,One year,No,Electronic check,81.22,1685.92,0
CUST-04037,Female,0,No,No,38,Yes,No,Fiber optic,Yes,Yes,No,No,Yes,No,Two year,No,Bank transfer (automatic),91.85,3479.68,0
CUST-04038,Female,0,Yes,No,19,Yes,No,Fiber optic,Yes,Yes,Yes,No,Yes,No,One year,Yes,Bank transfer (automatic),94.49,1844.28,0
CUST-04039,Male,0,Yes,Yes,20,Yes,No,No,No internet service,No internet service,No internet service,No internet service,No internet service,No internet service,Month-to-month,No,Electronic check,20.93,422.99,1
CUST-04040,Female,0,Yes,No,72,No,No phone service,DSL,No,Yes,No,No,No,No,One year,Yes,Credit card (automatic),51.96,3646.39,0
CUST-04041,Female,0,No,No,7,Yes,Yes,DSL,No,Yes,No,No,No,No,Month-to-month,Yes,Electronic check,68.41,489.86,1
CUST-04042,Male,0,Yes,No,7,Yes,Yes,Fiber optic,No,Yes,No,No,Yes,No,Month-to-month,No,Bank transfer (automatic),55.87,395.24,1
CUST-04043,Female,0,No,Yes,26,Yes,Yes,No,No internet service,No internet service,No internet service,No internet service,No internet service,No internet service,Month-to-month,Yes,Credit card (automatic),20.69,544.68,0
CUST-04044,Male,0,No,No,34,Yes,No,DSL,Yes,No,No,No,Yes,Yes,Month-to-month,Yes,Electronic check,89.73,3096.02,1
CUST-04045,Male,0,No,No,14,Yes,No,DSL,No,Yes,No,No,Yes,Yes,Month-to-month,No,Bank transfer (automatic),50.64,698.3,0
CUST-04046,Female,0,Yes,No,23,Yes,Yes,No,No internet service,No internet service,No internet service,No internet service,No internet service,No internet service,Month-to-month,No,Bank transfer (automatic),20.91,462.11,0
CUST-04047,Female,0,No,No,8,Yes,No,Fiber optic,No,Yes,No,No,Yes,No,One year,No,Bank transfer (automatic),74.53,605.74,1
CUST-04048,Female,0,No,No,4,Yes,No,Fiber optic,No,Yes,Yes,No,Yes,No,Month-to-month,Yes,Mailed check,61.17,247.4,1
CUST-04049,Female,1,Yes,Yes,8,Yes,Yes,Fiber optic,No,Yes,Yes,No,No,Yes,Month-to-month,No,Credit card (automatic),98.06,796.45,0
CUST-04050,Female,0,Yes,Yes,72,Yes,Yes,DSL,No,Yes,No,No,Yes,No,Two year,No,Bank transfer (automatic),57.15,4239.09,0
CUST-04051,Female,0,Yes,No,51,Yes,Yes,No,No internet service,No internet service,No internet service,No internet service,No internet service,No internet service,Two year,No,Electronic check,23.5,1172.57,0
CUST-04052,Male,0,No,No,4,Yes,Yes,Fiber optic,No,No,Yes,No,No,No,Month-to-month,Yes,Credit card (automatic),84.92,351.9,0
CUST-04053,Male,0,Yes,No,1,Yes,Yes,Fiber optic,Yes,Yes,No,No,Yes,Yes,Two year,Yes,Bank transfer (automatic),71.56,73.9,0
CUST-04054,Female,0,No,No,3,Yes,Yes,Fiber optic,Yes,Yes,No,No,Yes,No,One year,Yes,Electronic check,111.0,346.69,1
CUST-04055,Male,1,Yes,No,11,Yes,Yes,DSL,No,No,Yes,No,No,No,Month-to-month,Yes,Electronic check,64.29,687.95,0
CUST-04056,Female,0,No,Yes,53,Yes,Yes,DSL,Yes,Yes,No,Yes,No,Yes,One year,No,Electronic check,46.24,2433.06,0
CUST-04057,Male,0,No,No,12,Yes,Yes,Fiber optic,No,No,No,No,No,No,Two year,Yes,Electronic check,65.06,814.57,0
CUST-04058,Male,0,Yes,No,6,No,No phone service,Fiber optic,No,No,No,No,No,No,One year,No,Electronic check,57.38,349.56,0
CUST-04059,Male,0,Yes,No,16,Yes,No,Fiber optic,No,No,Yes,Yes,No,Yes,Month-to-month,No,Electronic check,81.46,1322.29,0
CUST-04060,Female,0,Yes,Yes,4,Yes,No,Fiber optic,No,Yes,Yes,Yes,Yes,Yes,Month-to-month,No,Mailed check,55.58,212.22,1
CUST-04061,Male,0,Yes,No,20,Yes,No,Fiber optic,No,No,No,No,No,No,Month-to-month,Yes,Credit card (automatic),80.98,1551.3,0
CUST-04062,Female,0,No,No,36,Yes,No,Fiber optic,No,No,No,No,No,Yes,Month-to-month,Yes,Credit card (automatic),24.31,849.22,1
CUST-04063,Male,0,Yes,No,14,Yes,Yes,No,No internet service,No internet service,No internet service,No internet service,No internet service,No internet service,Month-to-month,No,Bank transfer (automatic),24.44,338.28,0
CUST-04064,Male,0,No,No,6,Yes,No,Fiber optic,No,No,No,No,No,No,Month-to-month,No,Bank transfer (automatic),65.59,384.94,1
CUST-04065,Male,0,Yes,No,19,Yes,Yes,DSL,No,No,Yes,No,Yes,Yes,Month-to-month,Yes,Credit card (automatic),58.93,1172.78,0
CUST-04066,Male,0,Yes,No,46,Yes,Yes,Fiber optic,No,No,No,Yes,Yes,No,Month-to-month,No,Electronic check,60.29,2707.08,1
CUST-04067,Male,0,No,No,2,Yes,No,No,No internet service,No internet service,No internet service,No internet service,No internet service,No internet service,Month-to-month,Yes,Electronic check,20.39,41.31,1
CUST-04068,Female,0,No,No,2,Yes,Yes,No,No internet service,No internet service,No internet service,No internet service,No internet service,No internet service,Month-to-month,Yes,Mailed check,20.22,40.76,1
CUST-04069,Female,1,Yes,Yes,12,Yes,Yes,Fiber optic,No,No,Yes,Yes,Yes,No,Month-to-month,Yes,Credit card (automatic),49.84,610.84,0
CUST-04070,Male,0,No,Yes,17,Yes,No,DSL,Yes,Yes,Yes,No,No,No,Two year,Yes,Bank transfer (automatic),74.12,1210.56,0
CUST-04071,Male,1,Yes,No,7,Yes,Yes,Fiber optic,No,Yes,Yes,No,No,No,One year,Yes,Credit card (automatic),94.28,680.59,0
CUST-04072,Male,1,No,No,1,Yes,No,Fiber optic,No,No,No,No,Yes,No,Month-to-month,Yes,Electronic check,76.93,73.38,1
CUST-04073,Male,1,Yes,Yes,7,Yes,No,Fiber optic,No,No,No,No,No,Yes,Month-to-month,Yes,Electronic check,71.38,494.77,1
CUST-04074,Female,0,Yes,No,18,Yes,Yes,DSL,No,No,No,No,No,No,Month-to-month,Yes,Bank transfer (automatic),49.34,884.56,0
CUST-04075,Male,0,No,No,2,Yes,No,Fiber optic,Yes,No,Yes,Yes,Yes,Yes,One year,Yes,Mailed check,64.61,123.87,0
CUST-04076,Female,0,Yes,Yes,40,Yes,No,Fiber optic,No,Yes,Yes,Yes,Yes,Yes,Month-to-month,No,Mailed check,66.01,2694.45,0
CUST-04077,Male,0,Yes,No,25,Yes,No,DSL,No,No,No,No,Yes,No,Month-to-month,No,Credit card (automatic),77.0,2009.89,1
CUST-04078,Female,0,Yes,Yes,18,Yes,No,Fiber optic,Yes,Yes,Yes,Yes,Yes,No,Month-to-month,No,Electronic check,102.25,1842.95,1
CUST-04079,Male,0,No,Yes,23,Yes,Yes,No,No internet service,No internet service,No internet service,No internet service,No internet service,No internet service,Month-to-month,Yes,Electronic check,23.01,513.24,1
CUST-04080,Male,0,No,No,34,Yes,Yes,Fiber optic,No,Yes,No,No,No,Yes,Month-to-month,Yes,Electronic check,112.97,3728.94,1
CUST-04081,Female,0,No,No,72,Yes,No,Fiber optic,No,No,Yes,Yes,Yes,No,Two year,No,Credit card (automatic),70.42,4868.5,0
CUST-04082,Male,1,No,No,47,Yes,Yes,Fiber optic,No,No,No,No,No,No,Month-to-month,No,Mailed check,35.47,1736.92,0
CUST-04083,Male,1,No,No,24,Yes,No,DSL,Yes,No,Yes,Yes,No,No,Two year,No,Electronic check,49.43,1225.47,0
CUST-04084,Male,1,Yes,No,47,Yes,Yes,DSL,No,No,No,Yes,No,Yes,One year,No,Bank transfer (automatic),51.15,2503.02,0
CUST-04085,Female,0,Yes,Yes,20,No,No phone service,Fiber optic,No,No,Yes,No,No,No,Month-to-month,Yes,Electronic check,101.89,2110.55,1
CUST-04086,Male,1,No,Yes,11,Yes,Yes,Fiber optic,No,No,Yes,Yes,Yes,No,Month-to-month,No,Bank transfer (automatic),65.29,726.29,0
CUST-04087,Male,0,Yes,Yes,9,No,No phone service,Fiber optic,No,No,No,No,No,No,Month-to-month,Yes,Bank transfer (automatic),73.73,692.1,0
CUST-04088,Female,0,Yes,No,16,Yes,Yes,Fiber optic,No,No,No,No,No,No,One year,No,Electronic check,93.7,1535.66,1
CUST-04089,Female,0,No,No,1,Yes,No,DSL,Yes,No,No,No,No,Yes,Month-to-month,Yes,Mailed check,57.37,59.77,1
CUST-04090,Female,1,No,No,6,Yes,No,Fiber optic,No,No,Yes,No,Yes,Yes,Month-to-month,Yes,Mailed check,80.71,479.67,0
CUST-04091,Male,1,Yes,Yes,4,Yes,No,DSL,No,Yes,No,Yes,No,No,Month-to-month,Yes,Electronic check,37.91,157.5,1
CUST-04092,Male,0,Yes,Yes,72,Yes,No,DSL,No,No,No,No,No,Yes,Month-to-month,Yes,Electronic check,64.07,4747.48,0
CUST-04093,Male,0,No,No,2,Yes,No,No,No internet service,No internet service,No internet service,No internet service,No internet service,No internet service,Month-to-month,No,Electronic check,18.0,37.36,1
CUST-04094,Female,0,No,No,22,Yes,Yes,No,No internet service,No internet service,No internet service,No internet service,No internet service,No internet service,Two year,No,Bank transfer (automatic),22.12,509.34,0
CUST-04095,Male,0,Yes,No,72,Yes,No,Fiber optic,Yes,No,No,No,Yes,No,Two year,Yes,Electronic check,102.76,7517.89,0
CUST-04096,Male,1,Yes,Yes,29,Yes,No,No,No internet service,No internet service,No internet service,No internet service,No internet service,No internet service,Two year,Yes,Electronic check,19.79,563.5,0
CUST-04097,Female,1,No,Yes,21,No,No phone service,Fiber optic,No,Yes,Yes,Yes,No,Yes,Month-to-month,Yes,Credit card (automatic),99.36,1987.0,1
CUST-04098,Female,0,Yes,No,43,Yes,No,DSL,No,No,No,No,No,No,Month-to-month,Yes,Electronic check,47.78,2093.34,0
CUST-04099,Female,0,No,No,13,Yes,Yes,Fiber optic,No,No,No,No,No,No,Month-to-month,No,Bank transfer (automatic),60.98,811.07,1
CUST-04100,Female,0,Yes,No,6,Yes,No,No,No internet service,No internet service,No internet service,No internet service,No internet service,No internet service,Two year,Yes,Credit card (automatic),19.3,117.96,0
CUST-04101,Female,0,Yes,No,60,Yes,No,No,No internet service,No internet service,No internet service,No internet service,No internet service,No internet service,Two year,Yes,Electronic check,18.0,1097.56,0
CUST-04102,Male,0,Yes,No,1,Yes,No,No,No internet service,No internet service,No internet service,No internet service,No internet service,No internet service,Month-to-month,No,Credit card (automatic),21.04,20.12,1
CUST-04103,Female,0,No,No,52,Yes,No,No,No internet service,No internet service,No internet service,No internet service,No internet service,No internet service,One year,Yes,Mailed check,21.15,1137.42,0
CUST-04104,Male,0,No,No,3,Yes,No,Fiber optic,No,No,No,Yes,No,No,Two year,Yes,Bank transfer (automatic),68.79,216.16,0
CUST-04105,Male,0,Yes,Yes,31,Yes,Yes,Fiber optic,No,No,Yes,No,No,No,One year,No,Bank transfer (automatic),72.25,2236.73,0
CUST-04106,Female,0,No,No,20,Yes,Yes,DSL,No,No,No,No,No,Yes,Two year,No,Bank transfer (automatic),81.64,1610.06,0
CUST-04107,Female,0,Yes,No,72,Yes,Yes,DSL,No,No,Yes,No,No,No,Month-to-month,No,Bank transfer (automatic),82.65,6127.91,0
CUST-04108,Female,0,No,No,15,Yes,No,No,No internet service,No internet service,No internet service,No internet service,No internet service,No internet service,Month-to-month,Yes,Electronic check,18.0,267.62,1
CUST-04109,Male,0,Yes,Yes,72,Yes,Yes,Fiber optic,Yes,No,No,No,No,No,One year,No,Mailed check,81.18,5581.12,0
CUST-04110,Female,0,No,No,16,Yes,Yes,No,No internet service,No internet service,No internet service,No internet service,No internet service,No internet service,One year,Yes,Credit card (automatic),18.0,288.16,0
CUST-04111,Female,1,Yes,No,36,Yes,No,DSL,No,No,No,Yes,No,No,Two year,Yes,Electronic check,38.41,1392.31,0
CUST-04112,Female,0,No,No,33,Yes,No,Fiber optic,No,No,Yes,No,Yes,No,Two year,No,Electronic check,92.58,3205.36,0
CUST-04113,Female,1,No,No,2,Yes,No,Fiber optic,Yes,No,No,No,No,No,Month-to-month,Yes,Bank transfer (automatic),78.87,156.82,0
CUST-04114,Female,1,Yes,No,43,Yes,Yes,Fiber optic,No,Yes,Yes,Yes,Yes,Yes,Month-to-month,No,Electronic check,78.22,3322.62,1
CUST-04115,Male,0,Yes,No,7,Yes,No,Fiber optic,No,Yes,No,Yes,Yes,Yes,One year,Yes,Mailed check,74.53,539.17,0
CUST-04116,Male,0,Yes,No,15,Yes,Yes,Fiber optic,No,No,No,No,No,Yes,Month-to-month,Yes,Bank transfer (automatic),28.38,404.53,1
CUST-04117,Male,0,No,No,48,Yes,No,Fiber optic,No,No,Yes,No,No,No,Month-to-month,Yes,Bank transfer (automatic),61.46,2943.37,0
CUST-04118,Female,1,Yes,Yes,72,No,No phone service,DSL,No,Yes,No,No,No,No,One year,No,Mailed check,81.35,5947.81,0
CUST-04119,Female,1,No,No,26,Yes,Yes,No,No internet service,No internet service,No internet service,No internet service,No internet service,No internet service,Month-to-month,Yes,Mailed check,21.02,562.6,1
CUST-04120,Female,0,No,No,23,Yes,Yes,No,No internet service,No internet service,No internet service,No internet service,No internet service,No internet service,Two year,No,Bank transfer (automatic),22.92,516.56,0
CUST-04121,Male,0,Yes,No,22,Yes,No,No,No internet service,No internet service,No internet service,No internet service,No internet service,No internet service,Month-to-month,No,Electronic check,20.44,446.31,0
CUST-04122,Female,0,Yes,No,54,Yes,No,No,No internet service,No internet service,No internet service,No internet service,No internet service,No internet service,Month-to-month,No,Bank transfer (automatic),20.64,1064.1,1
CUST-04123,Female,0,No,No,72,Yes,No,No,No internet service,No internet service,No internet service,No internet service,No internet service,No internet service,Month-to-month,No,Credit card (automatic),18.0,1260.05,0
CUST-04124,Female,0,No,No,32,Yes,No,DSL,Yes,No,No,Yes,No,Yes,One year,Yes,Bank transfer (automatic),61.75,2044.77,0
CUST-04125,Male,0,No,No,15,Yes,Yes,Fiber optic,No,No,No,No,Yes,No,One year,Yes,Electronic check,47.42,724.79,0
CUST-04126,Female,0,Yes,Yes,7,Yes,Yes,Fiber optic,No,No,No,No,No,No,Month-to-month,Yes,Mailed check,69.81,502.14,0
CUST-04127,Male,0,Yes,Yes,7,Yes,Yes,DSL,No,No,No,No,Yes,No,Month-to-month,No,Bank transfer (automatic),43.63,295.04,1
CUST-04128,Female,0,No,No,62,No,No phone service,DSL,No,No,No,No,Yes,Yes,Month-to-month,No,Electronic check,34.47,2075.72,0
CUST-04129,Male,0,No,No,72,Yes,Yes,DSL,No,No,No,No,No,Yes,One year,No,Bank transfer (automatic),44.16,3141.78,0
CUST-04130,Male,1,No,No,38,No,No phone service,Fiber optic,No,Yes,No,No,Yes,Yes,Month-to-month,Yes,Electronic check,55.05,2168.45,1
CUST-04131,Male,0,Yes,No,72,Yes,Yes,DSL,No,Yes,No,No,Yes,Yes,Month-to-month,No,Bank transfer (automatic),54.36,3976.06,0
CUST-04132,Female,0,Yes,No,13,Yes,No,DSL,Yes,Yes,Yes,Yes,Yes,No,Month-to-month,Yes,Credit card (automatic),69.25,884.5,0
CUST-04133,Female,0,Yes,Yes,31,Yes,Yes,Fiber optic,No,No,Yes,No,Yes,Yes,Two year,Yes,Credit card (automatic),101.24,2987.84,1
CUST-04134,Male,0,No,No,22,Yes,Yes,DSL,No,No,No,No,No,Yes,Month-to-month,No,Bank transfer (automatic),39.79,894.49,0
CUST-04135,Male,0,Yes,No,21,Yes,Yes,Fiber optic,No,No,Yes,No,Yes,Yes,Month-to-month,Yes,Mailed check,59.2,1189.92,1
CUST-04136,Female,0,No,No,32,No,No phone service,DSL,No,Yes,No,No,No,No,Month-to-month,Yes,Electronic check,64.98,2005.09,0
CUST-04137,Female,0,No,No,11,Yes,Yes,Fiber optic,No,No,Yes,No,No,No,Month-to-month,Yes,Electronic check,67.49,767.99,0
CUST-04138,Male,1,Yes,Yes,32,Yes,No,DSL,No,No,Yes,No,No,Yes,One year,Yes,Mailed check,44.59,1365.98,0
CUST-04139,Female,0,Yes,No,35,Yes,Yes,Fiber optic,No,Yes,Yes,No,Yes,Yes,Month-to-month,Yes,Bank transfer (automatic),80.33,2743.4,0
CUST-04140,Female,1,No,No,57,Yes,Yes,No,No internet service,No internet service,No internet service,No internet service,No internet service,No internet service,Month-to-month,Yes,Bank transfer (automatic),20.79,1140.93,0
CUST-04141,Female,0,Yes,Yes,41,Yes,Yes,No,No internet service,No internet service,No internet service,No internet service,No internet service,No internet service,Two year,Yes,Electronic check,24.1,979.82,0
CUST-04142,Female,0,Yes,No,12,Yes,Yes,DSL,Yes,No,No,No,No,No,One year,No,Mailed check,44.35,536.79,0
CUST-04143,Male,0,Yes,No,19,Yes,Yes,No,No internet service,No internet service,No internet service,No internet service,No internet service,No internet service,Month-to-month,Yes,Bank transfer (automatic),23.52,434.2,0
CUST-04144,Female,0,No,No,4,No,No phone service,Fiber optic,No,Yes,Yes,Yes,No,No,Month-to-month,No,Credit card (automatic),44.33,182.16,1
CUST-04145,Female,0,No,No,9,Yes,Yes,DSL,No,No,Yes,Yes,No,Yes,One year,Yes,Credit card (automatic),89.32,769.62,0
CUST-04146,Male,0,No,Yes,23,Yes,Yes,Fiber optic,Yes,No,Yes,Yes,No,No,One year,Yes,Credit card (automatic),81.1,1898.83,1
CUST-04147,Male,0,No,Yes,3,Yes,Yes,DSL,Yes,Yes,No,No,No,No,Two year,Yes,Mailed check,60.07,181.32,0
CUST-04148,Female,0,No,No,27,Yes,No,No,No internet service,No internet service,No internet service,No internet service,No internet service,No internet service,Two year,Yes,Electronic check,18.24,479.13,0
CUST-04149,Female,0,No,No,15,Yes,Yes,Fiber optic,Yes,No,No,No,Yes,Yes,One year,Yes,Electronic check,73.47,1058.21,1
CUST-04150,Female,0,No,No,1,Yes,Yes,DSL,No,No,No,No,Yes,Yes,Month-to-month,No,Bank transfer (automatic),55.15,57.55,0
CUST-04151,Female,1,Yes,Yes,18,Yes,Yes,Fiber optic,Yes,No,Yes,No,No,Yes,Month-to-month,Yes,Bank transfer (automatic),81.0,1527.66,1
CUST-04152,Male,1,Yes,No,10,No,No phone service,DSL,No,No,No,No,No,No,Two year,Yes,Credit card (automatic),55.02,552.73,0
CUST-04153,Male,0,No,No,2,Yes,No,Fiber optic,No,No,Yes,No,Yes,No,One year,Yes,Mailed check,74.11,145.66,0
CUST-04154,Male,1,No,No,11,Yes,No,DSL,Yes,No,Yes,No,No,No,One year,Yes,Credit card (automatic),20.79,221.39,0
CUST-04155,Female,0,Yes,Yes,11,Yes,Yes,No,No internet service,No internet service,No internet service,No internet service,No internet service,No internet service,One year,Yes,Electronic check,21.38,229.22,0
CUST-04156,Female,0,No,No,14,Yes,Yes,DSL,No,No,No,Yes,Yes,No,Month-to-month,Yes,Electronic check,63.1,914.15,1
CUST-04157,Female,0,Yes,No,14,Yes,No,Fiber optic,No,No,Yes,No,Yes,No,One year,Yes,Electronic check,52.07,703.72,0
CUST-04158,Female,1,Yes,No,17,Yes,Yes,Fiber optic,Yes,No,No,No,Yes,No,Month-to-month,No,Mailed check,34.97,590.84,1
CUST-04159,Male,0,No,Yes,3,Yes,Yes,Fiber optic,No,Yes,Yes,No,No,Yes,Month-to-month,No,Credit card (automatic),71.78,225.13,1
CUST-04160,Male,0,Yes,Yes,1,Yes,Yes,DSL,No,No,Yes,No,No,No,Month-to-month,Yes,Electronic check,71.05,74.54,1
CUST-04161,Female,0,No,No,42,Yes,Yes,Fiber optic,No,No,Yes,No,Yes,Yes,One year,Yes,Mailed check,100.44,4129.55,0
CUST-04162,Male,0,Yes,No,13,No,No phone service,Fiber optic,Yes,No,Yes,Yes,Yes,No,Month-to-month,Yes,Bank transfer (automatic),88.07,1142.98,1
CUST-04163,Female,0,Yes,No,30,Yes,Yes,Fiber optic,No,No,No,No,No,Yes,One year,No,Electronic check,70.7,2044.72,0
CUST-04164,Female,0,No,No,11,No,No phone service,Fiber optic,No,No,No,No,Yes,No,Two year,No,Electronic check,63.94,689.47,0
CUST-04165,Male,0,No,No,72,Yes,Yes,DSL,Yes,Yes,No,No,No,No,One year,No,Mailed check,51.08,3520.13,0
CUST-04166,Female,0,Yes,No,12,Yes,Yes,DSL,No,No,No,No,No,No,Month-to-month,Yes,Electronic check,51.46,629.58,0
CUST-04167,Female,0,No,No,29,Yes,No,Fiber optic,No,No,No,No,No,No,Month-to-month,No,Mailed check,50.66,1401.89,0
CUST-04168,Male,0,No,No,7,Yes,No,Fiber optic,No,Yes,Yes,No,No,Yes,Month-to-month,Yes,Electronic check,101.64,683.85,0
CUST-04169,Female,0,Yes,No,23,Yes,Yes,Fiber optic,Yes,No,No,No,Yes,No,Two year,Yes,Credit card (automatic),74.4,1725.89,0
CUST-04170,Female,0,Yes,No,27,Yes,Yes,DSL,No,Yes,No,No,No,Yes,One year,No,Bank transfer (automatic),60.18,1630.25,0
CUST-04171,Male,1,No,No,6,Yes,Yes,No,No internet service,No internet service,No internet service,No internet service,No internet service,No internet service,Month-to-month,Yes,Bank transfer (automatic),19.46,119.92,1
CUST-04172,Female,0,No,No,4,Yes,No,No,No internet service,No internet service,No internet service,No internet service,No internet service,No internet service,Month-to-month,No,Mailed check,18.0,69.19,0
CUST-04173,Male,0,Yes,No,72,No,No phone service,Fiber optic,Yes,No,Yes,No,Yes,Yes,Two year,No,Credit card (automatic),67.74,4872.93,0
CUST-04174,Female,0,Yes,No,71,Yes,No,Fiber optic,No,No,Yes,No,No,No,Month-to-month,Yes,Credit card (automatic),79.64,5864.81,0
CUST-04175,Male,1,Yes,Yes,34,Yes,No,DSL,No,No,Yes,No,Yes,Yes,Month-to-month,No,Electronic check,26.83,912.49,0
CUST-04176,Male,1,Yes,No,63,Yes,Yes,No,No internet service,No internet service,No internet service,No internet service,No internet service,No internet service,Month-to-month,Yes,Bank transfer (automatic),20.34,1344.06,0
CUST-04177,Male,0,No,Yes,3,No,No phone service,DSL,Yes,No,No,No,Yes,No,Month-to-month,No,Mailed check,60.17,183.51,1
CUST-04178,Female,0,No,Yes,41,Yes,No,Fiber optic,No,Yes,Yes,No,No,No,Month-to-month,No,Bank transfer (automatic),101.03,4026.39,1
CUST-04179,Male,0,Yes,No,10,No,No phone service,Fiber optic,No,No,No,Yes,No,No,One year,Yes,Credit card (automatic),100.34,972.06,1
CUST-04180,Male,0,No,No,24,No,No phone service,DSL,No,No,No,No,Yes,No,Month-to-month,No,Electronic check,76.68,1839.63,1
CUST-04181,Male,0,No,No,46,No,No phone service,No,No internet service,No internet service,No internet service,No internet service,No internet service,No internet service,Month-to-month,No,Bank transfer (automatic),21.49,987.17,0
CUST-04182,Male,0,No,Yes,1,Yes,Yes,DSL,No,No,No,No,Yes,Yes,Month-to-month,Yes,Bank transfer (automatic),47.19,48.77,1
CUST-04183,Male,0,No,No,37,Yes,Yes,Fiber optic,No,No,No,No,No,No,One year,Yes,Credit card (automatic),69.63,2469.75,0
CUST-04184,Female,0,No,No,18,Yes,Yes,DSL,No,No,No,No,Yes,No,Month-to-month,Yes,Bank transfer (automatic),53.88,982.21,1
CUST-04185,Female,0,No,No,18,Yes,No,Fiber optic,No,No,No,No,No,No,Month-to-month,Yes,Bank transfer (automatic),64.75,1222.02,1
CUST-04186,Female,0,Yes,No,72,No,No phone service,No,No internet service,No internet service,No internet service,No internet service,No internet service,No internet service,Month-to-month,Yes,Credit card (automatic),25.21,1809.6,0
CUST-04187,Female,0,No,Yes,62,Yes,No,No,No internet service,No internet service,No internet service,No internet service,No internet service,No internet service,Two year,No,Bank transfer (automatic),19.77,1252.95,0
CUST-04188,Female,0,No,No,1,Yes,No,Fiber optic,No,No,No,Yes,No,Yes,Two year,No,Credit card (automatic),71.24,74.67,0
CUST-04189,Female,0,Yes,No,30,Yes,Yes,DSL,No,Yes,No,Yes,No,Yes,Two year,Yes,Electronic check,65.48,2005.27,0
CUST-04190,Female,0,Yes,No,18,Yes,Yes,Fiber optic,Yes,No,Yes,Yes,Yes,No,One year,Yes,Credit card (automatic),109.69,1947.5,0
CUST-04191,Male,0,Yes,No,4,Yes,No,Fiber optic,Yes,No,No,Yes,No,Yes,One year,Yes,Electronic check,68.44,279.88,0
CUST-04192,Female,0,No,Yes,60,Yes,No,DSL,No,No,Yes,Yes,Yes,Yes,One year,Yes,Mailed check,59.87,3437.91,0
CUST-04193,Male,0,No,No,2,Yes,No,DSL,No,No,Yes,Yes,No,No,Two year,No,Mailed check,48.2,95.19,0
CUST-04194,Male,0,No,Yes,1,Yes,Yes,DSL,No,No,No,Yes,No,No,Two year,Yes,Credit card (automatic),48.18,48.9,0
CUST-04195,Female,0,Yes,No,7,Yes,No,DSL,Yes,No,No,No,Yes,No,Month-to-month,Yes,Mailed check,62.32,444.22,1
CUST-04196,Male,0,No,No,11,Yes,No,DSL,Yes,No,No,Yes,No,Yes,One year,Yes,Electronic check,73.01,770.92,0
CUST-04197,Male,0,Yes,No,2,Yes,No,DSL,No,No,No,No,No,No,Month-to-month,Yes,Bank transfer (automatic),40.72,80.28,0
CUST-04198,Male,0,No,Yes,32,Yes,No,DSL,No,Yes,Yes,Yes,No,Yes,One year,Yes,Bank transfer (automatic),78.66,2444.3,0
CUST-04199,Male,0,Yes,No,18,No,No phone service,No,No internet service,No internet service,No internet service,No internet service,No internet service,No internet service,One year,Yes,Credit card (automatic),21.76,373.81,0
CUST-04200,Female,0,No,No,17,No,No phone service,DSL,Yes,No,Yes,No,No,Yes,Two year,Yes,Bank transfer (automatic),43.49,711.73,0
CUST-04201,Female,0,No,No,5,Yes,No,No,No internet service,No internet service,No internet service,No internet service,No internet service,No internet service,Two year,No,Credit card (automatic),21.24,104.67,0
CUST-04202,Female,0,No,No,18,Yes,No,No,No internet service,No internet service,No internet service,No internet service,No internet service,No internet service,Month-to-month,No,Credit card (automatic),24.11,428.8,0
CUST-04203,Female,1,No,No,15,Yes,Yes,Fiber optic,Yes,No,No,No,No,No,Two year,Yes,Bank transfer (automatic),80.21,1237.48,0
CUST-04204,Female,0,No,Yes,15,Yes,Yes,Fiber optic,No,Yes,Yes,No,Yes,No,Two year,Yes,Mailed check,85.5,1230.12,0
CUST-04205,Female,0,Yes,No,7,Yes,No,DSL,Yes,No,Yes,Yes,No,Yes,Two year,Yes,Electronic check,70.3,484.15,0
CUST-04206,Female,0,No,No,3,Yes,Yes,DSL,No,No,Yes,Yes,No,No,One year,Yes,Electronic check,42.95,134.38,0
CUST-04207,Female,0,No,Yes,9,Yes,Yes,Fiber optic,No,Yes,No,No,Yes,Yes,One year,No,Bank transfer (automatic),92.05,799.61,1
CUST-04208,Female,0,Yes,No,35,Yes,No,No,No internet service,No internet service,No internet service,No internet service,No internet service,No internet service,Month-to-month,Yes,Electronic check,19.43,647.74,0
CUST-04209,Female,0,No,No,2,Yes,Yes,Fiber optic,No,Yes,No,No,No,No,Month-to-month,No,Bank transfer (automatic),80.33,155.16,1
CUST-04210,Male,1,No,Yes,15,Yes,Yes,DSL,No,Yes,No,No,No,No,Month-to-month,Yes,Mailed check,58.57,919.21,0
CUST-04211,Female,0,No,No,23,Yes,Yes,Fiber optic,No,No,No,No,No,No,Month-to-month,Yes,Credit card (automatic),91.46,2105.58,0
CUST-04212,Male,0,No,No,72,Yes,No,Fiber optic,No,No,No,No,Yes,No,Two year,Yes,Bank transfer (automatic),48.81,3563.95,0
CUST-04213,Male,1,No,No,59,Yes,Yes,Fiber optic,Yes,Yes,No,Yes,Yes,Yes,One year,Yes,Credit card (automatic),71.55,4052.11,0
CUST-04214,Male,0,No,No,72,Yes,No,DSL,No,Yes,No,No,No,Yes,Two year,No,Electronic check,69.15,4939.85,0
CUST-04215,Male,0,No,No,54,Yes,Yes,Fiber optic,No,No,Yes,No,Yes,No,Month-to-month,Yes,Electronic check,92.94,5025.63,1
CUST-04216,Female,0,No,No,28,No,No phone service,Fiber optic,Yes,No,No,Yes,Yes,No,Month-to-month,No,Electronic check,94.48,2641.55,1
CUST-04217,Male,0,No,No,63,Yes,Yes,No,No internet service,No internet service,No internet service,No internet service,No internet service,No internet service,Month-to-month,Yes,Electronic check,24.65,1608.64,0
CUST-04218,Female,0,Yes,Yes,26,Yes,Yes,DSL,No,No,No,No,Yes,No,Month-to-month,Yes,Credit card (automatic),74.67,1883.74,0
CUST-04219,Female,0,Yes,No,14,Yes,Yes,DSL,No,Yes,No,No,Yes,No,Two year,No,Bank transfer (automatic),67.22,931.12,0
CUST-04220,Male,0,Yes,Yes,14,Yes,No,No,No internet service,No internet service,No internet service,No internet service,No internet service,No internet service,One year,No,Mailed check,24.51,347.65,0
CUST-04221,Female,0,No,No,26,Yes,No,DSL,No,No,No,Yes,No,Yes,Month-to-month,Yes,Credit card (automatic),58.21,1558.02,0
CUST-04222,Male,1,No,No,53,Yes,No,Fiber optic,No,No,No,No,No,Yes,One year,Yes,Bank transfer (automatic),94.03,4984.42,0
CUST-04223,Male,0,No,No,4,Yes,No,No,No internet service,No internet service,No internet service,No internet service,No internet service,No internet service,Two year,Yes,Bank transfer (automatic),21.01,85.73,1
CUST-04224,Female,0,No,No,1,Yes,Yes,DSL,No,No,No,Yes,Yes,Yes,Month-to-month,No,Mailed check,71.57,68.36,1
CUST-04225,Female,0,Yes,Yes,49,Yes,No,Fiber optic,No,No,No,No,No,Yes,Two year,Yes,Bank transfer (automatic),88.64,4219.81,0
CUST-04226,Male,0,Yes,No,33,Yes,Yes,Fiber optic,Yes,Yes,No,No,Yes,Yes,One year,No,Bank transfer (automatic),89.74,2818.66,0
CUST-04227,Female,1,No,No,55,Yes,Yes,Fiber optic,No,No,No,No,Yes,Yes,Two year,Yes,Bank transfer (automatic),76.28,4271.16,0
CUST-04228,Female,0,Yes,Yes,72,Yes,Yes,Fiber optic,No,Yes,No,No,Yes,No,Month-to-month,Yes,Electronic check,84.72,5826.1,0
CUST-04229,Female,0,Yes,No,9,Yes,Yes,DSL,No,Yes,Yes,No,Yes,No,Month-to-month,No,Credit card (automatic),65.18,579.74,1
CUST-04230,Male,0,No,No,6,Yes,No,Fiber optic,Yes,Yes,No,Yes,No,Yes,One year,No,Bank transfer (automatic),80.78,466.26,0
CUST-04231,Male,1,Yes,No,13,Yes,No,No,No internet service,No internet service,No internet service,No internet service,No internet service,No internet service,Month-to-month,No,Credit card (automatic),19.4,240.0,1
CUST-04232,Female,0,No,No,67,Yes,No,DSL,No,No,Yes,No,Yes,Yes,Two year,Yes,Mailed check,58.9,4052.15,0
CUST-04233,Female,0,Yes,Yes,1,Yes,Yes,Fiber optic,No,No,Yes,No,No,Yes,One year,No,Mailed check,101.34,104.03,1
CUST-04234,Female,0,No,Yes,1,Yes,Yes,Fiber optic,No,Yes,No,No,No,No,Month-to-month,No,Credit card (automatic),75.37,71.69,1
CUST-04235,Female,1,Yes,No,7,Yes,Yes,DSL,Yes,Yes,No,No,No,Yes,Month-to-month,No,Bank transfer (automatic),56.83,385.36,1
CUST-04236,Female,0,Yes,No,15,Yes,No,Fiber optic,No,No,No,Yes,No,Yes,Two year,No,Electronic check,96.62,1444.4,0
CUST-04237,Male,0,No,No,11,No,No phone service,Fiber optic,No,No,No,No,No,Yes,Two year,Yes,Electronic check,66.41,766.57,0
CUST-04238,Female,0,No,Yes,55,Yes,Yes,DSL,No,No,No,Yes,No,Yes,Two year,Yes,Mailed check,77.37,4091.87,0
CUST-04239,Male,0,No,No,37,Yes,No,DSL,No,No,No,No,No,No,Month-to-month,Yes,Credit card (automatic),43.85,1566.73,1
CUST-04240,Female,0,Yes,Yes,58,Yes,No,Fiber optic,No,No,No,No,Yes,No,Two year,Yes,Electronic check,60.21,3642.59,0
CUST-04241,Male,1,Yes,No,15,Yes,No,No,No internet service,No internet service,No internet service,No internet service,No internet service,No internet service,Month-to-month,No,Credit card (automatic),19.71,288.93,1
CUST-04242,Female,1,No,No,28,Yes,No,DSL,No,No,Yes,No,Yes,No,Month-to-month,Yes,Electronic check,62.77,1806.7,0
CUST-04243,Male,1,Yes,Yes,23,Yes,Yes,Fiber optic,Yes,No,No,No,No,No,Month-to-month,Yes,Electronic check,67.86,1494.95,1
CUST-04244,Female,0,Yes,Yes,20,Yes,Yes,DSL,No,Yes,No,No,No,Yes,Two year,Yes,Bank transfer (automatic),60.33,1229.67,0
CUST-04245,Male,0,No,Yes,10,Yes,Yes,Fiber optic,Yes,Yes,Yes,No,No,Yes,One year,Yes,Credit card (automatic),94.98,952.41,1
CUST-04246,Male,1,Yes,No,39,Yes,Yes,DSL,No,No,No,No,No,No,Month-to-month,No,Bank transfer (automatic),42.41,1632.02,0
CUST-04247,Male,0,Yes,No,23,No,No phone service,Fiber optic,No,No,Yes,No,No,No,One year,No,Mailed check,91.04,2138.3,0
CUST-04248,Male,0,Yes,No,2,Yes,No,No,No internet service,No internet service,No internet service,No internet service,No internet service,No internet service,One year,No,Bank transfer (automatic),18.0,36.74,0
CUST-04249,Male,0,No,No,1,Yes,Yes,Fiber optic,Yes,Yes,Yes,No,No,No,One year,No,Electronic check,94.85,94.58,0
CUST-04250,Male,1,Yes,Yes,1,Yes,No,DSL,No,Yes,Yes,No,No,No,Two year,Yes,Mailed check,44.81,46.7,0
CUST-04251,Female,0,No,No,2,Yes,No,Fiber optic,No,No,Yes,No,No,Yes,One year,No,Electronic check,71.62,143.32,0
CUST-04252,Male,1,Yes,Yes,14,Yes,No,Fiber optic,No,No,No,Yes,No,Yes,Month-to-month,Yes,Credit card (automatic),75.36,1072.4,1
CUST-04253,Female,0,No,No,11,Yes,Yes,DSL,No,Yes,No,Yes,Yes,No,Two year,No,Bank transfer (automatic),64.53,729.37,0
CUST-04254,Female,0,Yes,No,5,Yes,Yes,DSL,Yes,No,No,No,Yes,No,Month-to-month,Yes,Mailed check,42.37,213.84,1
CUST-04255,Female,0,No,No,23,Yes,No,DSL,No,No,No,No,No,Yes,Two year,No,Electronic check,47.49,1060.36,0
CUST-04256,Female,0,No,No,72,Yes,No,No,No internet service,No internet service,No internet service,No internet service,No internet service,No internet service,Month-to-month,No,Mailed check,18.0,1245.31,0
CUST-04257,Female,0,No,Yes,5,Yes,Yes,DSL,No,No,No,No,Yes,No,One year,No,Bank transfer (automatic),83.93,404.15,1
CUST-04258,Male,1,No,No,9,Yes,Yes,Fiber optic,No,No,No,No,Yes,Yes,Two year,No,Electronic check,89.84,785.87,1
CUST-04259,Male,0,No,No,19,Yes,No,Fiber optic,No,Yes,No,No,No,Yes,Month-to-month,Yes,Electronic check,69.9,1303.16,1
CUST-04260,Male,0,Yes,No,32,Yes,No,DSL,Yes,No,Yes,No,No,Yes,Month-to-month,Yes,Electronic check,88.16,2917.77,0
CUST-04261,Female,0,No,No,29,Yes,Yes,DSL,No,Yes,Yes,Yes,No,Yes,Two year,Yes,Credit card (automatic),56.26,1608.16,0
CUST-04262,Male,0,No,No,23,Yes,Yes,No,No internet service,No internet service,No internet service,No internet service,No internet service,No internet service,Month-to-month,No,Credit card (automatic),24.69,546.74,0
CUST-04263,Male,0,No,Yes,42,Yes,Yes,Fiber optic,No,No,No,No,No,No,Month-to-month,Yes,Mailed check,72.04,2933.86,0
CUST-04264,Male,0,Yes,No,59,Yes,No,Fiber optic,No,No,No,No,Yes,Yes,One year,No,Bank transfer (automatic),116.3,6920.39,1
CUST-04265,Male,1,No,No,72,Yes,Yes,Fiber optic,No,No,No,Yes,No,No,Month-to-month,Yes,Electronic check,85.31,6046.56,0
CUST-04266,Male,0,Yes,Yes,20,Yes,No,Fiber optic,No,No,Yes,Yes,Yes,No,Month-to-month,Yes,Mailed check,71.87,1420.88,1
CUST-04267,Female,0,No,Yes,72,Yes,Yes,Fiber optic,Yes,Yes,Yes,Yes,Yes,No,Two year,Yes,Electronic check,75.17,5334.79,0
CUST-04268,Male,0,Yes,No,41,Yes,No,Fiber optic,No,No,No,No,No,No,One year,No,Bank transfer (automatic),120.0,4910.07,0
CUST-04269,Female,0,Yes,No,34,No,No phone service,Fiber optic,No,No,Yes,No,No,Yes,Two year,Yes,Bank transfer (automatic),80.92,2765.56,0
CUST-04270,Female,1,No,No,32,No,No phone service,DSL,No,Yes,No,Yes,No,No,Two year,No,Electronic check,57.84,1863.59,0
CUST-04271,Female,0,No,No,72,Yes,No,No,No internet service,No internet service,No internet service,No internet service,No internet service,No internet service,Month-to-month,Yes,Mailed check,20.47,1485.37,0
CUST-04272,Female,1,No,No,72,Yes,Yes,Fiber optic,Yes,No,Yes,Yes,No,Yes,Two year,Yes,Mailed check,75.76,5248.98,0
CUST-04273,Female,0,No,No,6,Yes,No,DSL,No,Yes,No,No,No,No,Two year,Yes,Bank transfer (automatic),35.43,218.92,0
CUST-04274,Male,0,No,No,21,Yes,No,No,No internet service,No internet service,No internet service,No internet service,No internet service,No internet service,Month-to-month,No,Credit card (automatic),18.0,362.4,0
CUST-04275,Male,1,No,No,72,No,No phone service,No,No internet service,No internet service,No internet service,No internet service,No internet service,No internet service,Two year,No,Bank transfer (automatic),20.19,1424.43,0
CUST-04276,Male,0,No,No,15,Yes,Yes,Fiber optic,No,Yes,Yes,No,No,No,Month-to-month,No,Electronic check,82.26,1291.18,1
CUST-04277,Female,0,No,No,8,Yes,Yes,DSL,No,No,Yes,Yes,No,Yes,Two year,Yes,Mailed check,72.06,604.73,0
CUST-04278,Male,0,Yes,Yes,3,Yes,Yes,DSL,No,No,No,Yes,No,Yes,Two year,No,Electronic check,53.76,160.74,0
CUST-04279,Male,0,Yes,No,29,Yes,No,Fiber optic,No,No,No,No,Yes,No,Month-to-month,No,Bank transfer (automatic),85.25,2495.2,1
CUST-04280,Female,0,No,No,38,Yes,Yes,DSL,No,Yes,No,No,Yes,No,Month-to-month,No,Bank transfer (automatic),40.64,1620.38,0
CUST-04281,Female,0,No,No,6,Yes,Yes,No,No internet service,No internet service,No internet service,No internet service,No internet service,No internet service,Month-to-month,Yes,Electronic check,21.9,131.45,0
CUST-04282,Female,0,Yes,No,35,Yes,Yes,Fiber optic,No,No,No,Yes,No,No,Month-to-month,Yes,Bank transfer (automatic),75.8,2682.72,0
CUST-04283,Female,0,Yes,Yes,72,No,No phone service,Fiber optic,No,No,No,Yes,No,No,Month-to-month,No,Electronic check,120.0,8453.06,0
CUST-04284,Male,1,No,No,8,Yes,No,Fiber optic,Yes,No,No,Yes,No,No,Two year,No,Credit card (automatic),94.04,753.22,0
CUST-04285,Female,0,Yes,No,4,No,No phone service,Fiber optic,Yes,Yes,No,No,Yes,Yes,One year,Yes,Credit card (automatic),55.65,212.95,0
CUST-04286,Female,0,No,Yes,57,Yes,Yes,Fiber optic,No,No,No,No,Yes,Yes,Two year,No,Credit card (automatic),78.88,4651.03,0
CUST-04287,Male,1,No,No,72,Yes,No,DSL,Yes,No,No,No,No,No,Month-to-month,Yes,Mailed check,45.84,3348.29,1
CUST-04288,Male,0,Yes,Yes,7,Yes,Yes,No,No internet service,No internet service,No internet service,No internet service,No internet service,No internet service,Month-to-month,No,Mailed check,22.17,147.72,0
CUST-04289,Female,0,No,No,40,No,No phone service,Fiber optic,No,Yes,No,No,No,No,Month-to-month,Yes,Mailed check,71.75,2728.99,1
CUST-04290,Male,0,No,No,28,Yes,No,DSL,No,No,Yes,No,Yes,No,Month-to-month,Yes,Mailed check,40.83,1178.31,0
CUST-04291,Female,0,No,No,8,Yes,Yes,DSL,No,Yes,No,No,Yes,No,Month-to-month,No,Electronic check,49.97,416.85,1
CUST-04292,Female,0,Yes,No,55,Yes,Yes,Fiber optic,Yes,No,No,Yes,No,Yes,One year,Yes,Credit card (automatic),99.62,5412.07,0
CUST-04293,Male,0,Yes,No,20,Yes,Yes,Fiber optic,Yes,No,Yes,Yes,No,Yes,Two year,Yes,Mailed check,93.63,1804.68,0
CUST-04294,Male,0,No,No,38,No,No phone service,No,No internet service,No internet service,No internet service,No internet service,No internet service,No internet service,One year,Yes,Electronic check,18.0,708.81,0
CUST-04295,Female,0,Yes,Yes,11,Yes,No,DSL,Yes,No,No,Yes,No,No,Month-to-month,Yes,Credit card (automatic),59.28,653.68,1
CUST-04296,Female,0,Yes,No,54,Yes,Yes,Fiber optic,Yes,Yes,Yes,No,No,Yes,Two year,Yes,Mailed check,62.76,3279.57,0
CUST-04297,Female,0,Yes,No,9,No,No phone service,DSL,No,No,Yes,Yes,No,No,Month-to-month,No,Credit card (automatic),84.05,793.29,0
CUST-04298,Male,0,Yes,Yes,14,Yes,Yes,DSL,No,No,No,No,Yes,Yes,Month-to-month,Yes,Mailed check,74.8,1028.46,0
CUST-04299,Female,1,Yes,Yes,15,Yes,No,Fiber optic,No,No,No,No,Yes,No,Two year,Yes,Electronic check,115.13,1741.71,1
CUST-04300,Female,0,Yes,Yes,7,Yes,No,DSL,No,No,No,No,No,No,Month-to-month,No,Bank transfer (automatic),57.61,387.0,0
CUST-04301,Female,0,No,No,66,Yes,No,Fiber optic,No,Yes,Yes,No,No,No,Month-to-month,Yes,Mailed check,91.24,5968.16,0
CUST-04302,Female,0,No,No,3,Yes,Yes,Fiber optic,No,Yes,Yes,No,No,Yes,Month-to-month,No,Credit card (automatic),72.84,220.72,1
CUST-04303,Female,1,Yes,No,26,Yes,Yes,DSL,Yes,No,No,No,No,No,Month-to-month,Yes,Mailed check,65.56,1786.29,0
CUST-04304,Male,1,No,No,53,Yes,Yes,No,No internet service,No internet service,No internet service,No internet service,No internet service,No internet service,Month-to-month,No,Electronic check,24.62,1295.17,0
CUST-04305,Female,0,Yes,No,27,No,No phone service,Fiber optic,No,Yes,No,Yes,No,No,One year,Yes,Credit card (automatic),63.67,1659.71,0
CUST-04306,Female,0,No,No,12,Yes,No,Fiber optic,No,No,Yes,No,Yes,Yes,Two year,Yes,Credit card (automatic),65.24,786.66,0
CUST-04307,Female,0,Yes,Yes,48,Yes,Yes,DSL,No,No,Yes,Yes,No,No,One year,No,Electronic check,75.51,3569.76,0
CUST-04308,Female,0,Yes,No,22,Yes,No,Fiber optic,No,No,No,No,No,Yes,Month-to-month,Yes,Mailed check,62.43,1389.9,0
CUST-04309,Male,0,No,Yes,5,Yes,Yes,Fiber optic,No,No,No,No,Yes,No,Two year,Yes,Electronic check,76.3,392.31,1
CUST-04310,Male,0,Yes,No,12,Yes,Yes,Fiber optic,No,No,Yes,Yes,No,No,Two year,No,Electronic check,91.11,1039.57,0
CUST-04311,Male,0,No,No,28,Yes,No,DSL,No,Yes,No,No,No,Yes,Month-to-month,Yes,Credit card (automatic),28.72,792.09,0
CUST-04312,Female,0,Yes,No,34,Yes,No,DSL,No,Yes,No,No,No,Yes,One year,Yes,Credit card (automatic),72.36,2426.09,0
CUST-04313,Female,0,Yes,No,25,No,No phone service,DSL,Yes,No,Yes,Yes,No,No,Month-to-month,Yes,Bank transfer (automatic),66.69,1669.21,1
CUST-04314,Male,0,No,No,10,Yes,Yes,DSL,No,No,No,No,No,No,One year,No,Credit card (automatic),62.82,642.95,0
CUST-04315,Male,1,No,No,28,Yes,No,Fiber optic,No,Yes,No,Yes,Yes,No,Two year,Yes,Electronic check,50.1,1408.71,1
CUST-04316,Male,0,Yes,No,12,Yes,No,Fiber optic,Yes,No,No,No,No,Yes,Two year,Yes,Electronic check,82.34,992.98,0
CUST-04317,Female,0,Yes,No,8,Yes,No,Fiber optic,No,Yes,No,Yes,No,No,Month-to-month,Yes,Electronic check,75.56,609.41,1
CUST-04318,Female,0,Yes,No,72,Yes,Yes,Fiber optic,No,No,No,No,Yes,No,Month-to-month,Yes,Bank transfer (automatic),73.95,5378.26,0
CUST-04319,Male,0,No,No,12,Yes,No,DSL,Yes,Yes,Yes,No,No,Yes,Month-to-month,Yes,Credit card (automatic),68.38,784.0,0
CUST-04320,Male,0,No,No,13,Yes,No,Fiber optic,No,No,Yes,No,No,No,Month-to-month,Yes,Mailed check,105.12,1396.22,0
CUST-04321,Male,0,Yes,No,72,No,No phone service,DSL,No,Yes,Yes,Yes,Yes,No,Month-to-month,No,Credit card (automatic),25.74,1785.82,0
CUST-04322,Female,0,No,No,4,Yes,No,DSL,Yes,No,No,No,No,No,Two year,Yes,Credit card (automatic),29.65,114.34,0
CUST-04323,Female,1,Yes,Yes,28,Yes,No,Fiber optic,No,Yes,Yes,No,No,No,Month-to-month,Yes,Electronic check,94.09,2697.51,1
CUST-04324,Female,0,Yes,No,48,No,No phone service,Fiber optic,No,No,No,No,Yes,Yes,Month-to-month,No,Mailed check,79.77,3875.41,0
CUST-04325,Male,1,Yes,No,10,Yes,Yes,DSL,No,No,No,No,No,Yes,Month-to-month,Yes,Electronic check,70.09,674.06,1
CUST-04326,Male,0,No,No,59,No,No phone service,Fiber optic,Yes,No,Yes,Yes,Yes,Yes,Two year,Yes,Bank transfer (automatic),77.79,4773.3,0
CUST-04327,Female,1,Yes,No,46,Yes,No,DSL,No,No,Yes,No,Yes,No,Two year,Yes,Mailed check,48.84,2314.61,0
CUST-04328,Male,0,No,Yes,21,Yes,Yes,DSL,No,No,No,No,Yes,Yes,Two year,No,Bank transfer (automatic),69.58,1466.7,0
CUST-04329,Female,0,No,No,4,Yes,Yes,Fiber optic,Yes,No,No,No,No,No,Month-to-month,No,Credit card (automatic),51.82,207.53,0
CUST-04330,Male,0,Yes,No,72,Yes,Yes,DSL,No,Yes,No,Yes,Yes,No,Month-to-month,Yes,Mailed check,48.5,3552.74,0
CUST-04331,Male,0,Yes,No,31,Yes,Yes,DSL,No,Yes,No,Yes,No,No,Month-to-month,No,Credit card (automatic),46.37,1406.81,0
CUST-04332,Male,0,Yes,No,23,Yes,No,Fiber optic,Yes,No,Yes,Yes,Yes,No,One year,No,Mailed check,33.11,776.19,0
CUST-04333,Male,0,No,No,69,Yes,Yes,DSL,No,Yes,Yes,Yes,Yes,Yes,Month-to-month,Yes,Electronic check,80.5,5731.41,0
CUST-04334,Female,0,No,No,17,Yes,No,No,No internet service,No internet service,No internet service,No internet service,No internet service,No internet service,Two year,Yes,Mailed check,24.33,396.11,0
CUST-04335,Male,0,Yes,Yes,26,Yes,Yes,Fiber optic,No,No,No,No,Yes,Yes,Two year,Yes,Mailed check,94.85,2371.44,0
CUST-04336,Female,0,Yes,No,62,Yes,No,Fiber optic,No,No,No,No,No,Yes,Month-to-month,Yes,Electronic check,77.14,4752.54,1
CUST-04337,Female,1,Yes,No,15,Yes,No,No,No internet service,No internet service,No internet service,No internet service,No internet service,No internet service,Month-to-month,No,Electronic check,22.19,338.68,1
CUST-04338,Female,0,Yes,Yes,47,Yes,No,Fiber optic,Yes,No,Yes,No,Yes,No,One year,No,Bank transfer (automatic),78.16,3611.58,0
CUST-04339,Male,0,No,No,9,Yes,No,Fiber optic,Yes,Yes,Yes,No,No,No,Month-to-month,Yes,Credit card (automatic),80.49,718.19,1
CUST-04340,Female,0,Yes,No,38,Yes,Yes,No,No internet service,No internet service,No internet service,No internet service,No internet service,No internet service,Month-to-month,Yes,Mailed check,23.18,875.06,0
CUST-04341,Female,0,Yes,No,22,Yes,No,DSL,No,Yes,Yes,No,Yes,No,One year,No,Electronic check,65.56,1432.68,0
CUST-04342,Female,0,No,No,5,Yes,No,No,No internet service,No internet service,No internet service,No internet service,No internet service,No internet service,Two year,Yes,Bank transfer (automatic),18.0,92.22,0
CUST-04343,Male,0,Yes,Yes,4,Yes,No,No,No internet service,No internet service,No internet service,No internet service,No internet service,No internet service,Two year,Yes,Credit card (automatic),27.75,109.39,0
CUST-04344,Male,0,No,No,19,Yes,No,DSL,No,No,Yes,No,Yes,No,Month-to-month,Yes,Electronic check,87.5,1728.9,1
CUST-04345,Female,0,Yes,No,39,Yes,Yes,Fiber optic,No,No,No,No,No,No,Two year,No,Electronic check,73.6,2794.3,0
CUST-04346,Male,1,No,No,29,Yes,No,DSL,Yes,Yes,No,No,No,Yes,One year,Yes,Electronic check,71.01,2148.34,0
CUST-04347,Female,0,Yes,Yes,61,No,No phone service,No,No internet service,No internet service,No internet service,No internet service,No internet service,No internet service,Month-to-month,Yes,Credit card (automatic),18.88,1108.74,0
CUST-04348,Female,0,No,No,15,No,No phone service,DSL,No,Yes,No,No,No,Yes,One year,Yes,Mailed check,49.74,748.26,0
CUST-04349,Male,0,Yes,No,59,No,No phone service,Fiber optic,No,Yes,No,No,No,No,Two year,No,Bank transfer (automatic),89.36,5123.93,0
CUST-04350,Female,0,No,No,1,Yes,No,No,No internet service,No internet service,No internet service,No internet service,No internet service,No internet service,Month-to-month,Yes,Electronic check,26.51,27.39,1
CUST-04351,Male,0,Yes,Yes,14,Yes,No,Fiber optic,No,No,No,No,Yes,No,Month-to-month,Yes,Electronic check,60.25,876.48,1
CUST-04352,Male,0,No,Yes,2,Yes,Yes,No,No internet service,No internet service,No internet service,No internet service,No internet service,No internet service,One year,No,Electronic check,26.56,52.83,0
CUST-04353,Female,1,Yes,No,72,Yes,Yes,Fiber optic,No,Yes,No,No,No,Yes,Month-to-month,Yes,Electronic check,23.83,1693.59,0
CUST-04354,Male,0,No,Yes,20,Yes,Yes,No,No internet service,No internet service,No internet service,No internet service,No internet service,No internet service,Two year,No,Electronic check,19.37,370.05,0
CUST-04355,Male,0,No,No,12,Yes,No,No,No internet service,No internet service,No internet service,No internet service,No internet service,No internet service,One year,Yes,Mailed check,23.45,280.17,1
CUST-04356,Female,0,No,No,21,Yes,Yes,DSL,Yes,No,No,No,No,No,Two year,Yes,Mailed check,43.51,868.11,0
CUST-04357,Female,0,No,No,24,Yes,No,Fiber optic,Yes,No,No,Yes,No,No,Month-to-month,Yes,Electronic check,71.86,1732.94,0
CUST-04358,Male,0,Yes,No,59,Yes,No,No,No internet service,No internet service,No internet service,No internet service,No internet service,No internet service,Two year,Yes,Mailed check,22.16,1354.31,0
CUST-04359,Male,0,Yes,No,25,No,No phone service,No,No internet service,No internet service,No internet service,No internet service,No internet service,No internet service,Month-to-month,Yes,Bank transfer (automatic),18.0,466.93,0
CUST-04360,Female,0,No,No,18,Yes,Yes,DSL,No,No,No,No,Yes,No,Month-to-month,No,Electronic check,61.47,1092.53,1
CUST-04361,Male,0,Yes,Yes,72,Yes,No,No,No internet service,No internet service,No internet service,No internet service,No internet service,No internet service,Two year,No,Electronic check,21.07,1528.07,0
CUST-04362,Male,0,Yes,Yes,72,Yes,No,DSL,No,Yes,No,Yes,No,No,One year,No,Electronic check,72.99,5164.25,0
CUST-04363,Male,0,Yes,No,1,Yes,Yes,No,No internet service,No internet service,No internet service,No internet service,No internet service,No internet service,Month-to-month,Yes,Credit card (automatic),24.58,25.62,0
CUST-04364,Male,0,Yes,Yes,39,Yes,No,DSL,No,No,Yes,No,No,No,Month-to-month,No,Electronic check,84.69,3351.77,1
CUST-04365,Male,0,No,No,14,Yes,No,No,No internet service,No internet service,No internet service,No internet service,No internet service,No internet service,Month-to-month,No,Electronic check,23.69,331.05,1
CUST-04366,Male,1,No,No,35,No,No phone service,DSL,No,No,No,No,No,No,Two year,No,Electronic check,81.62,2748.59,0
CUST-04367,Male,0,No,Yes,32,Yes,Yes,DSL,Yes,No,No,No,No,Yes,Two year,Yes,Mailed check,62.3,1921.79,0
CUST-04368,Female,0,Yes,No,12,Yes,Yes,Fiber optic,No,Yes,No,No,Yes,No,Month-to-month,Yes,Bank transfer (automatic),77.83,967.38,1
CUST-04369,Female,0,No,No,72,Yes,Yes,DSL,No,No,No,No,No,No,Month-to-month,No,Credit card (automatic),84.83,5869.59,0
CUST-04370,Female,0,No,Yes,14,Yes,No,Fiber optic,Yes,No,Yes,No,Yes,No,Month-to-month,Yes,Credit card (automatic),76.0,1025.2,0
CUST-04371,Female,0,No,No,31,Yes,No,DSL,Yes,No,Yes,No,Yes,No,One year,Yes,Electronic check,76.89,2328.35,0
CUST-04372,Female,0,No,No,53,Yes,No,Fiber optic,No,No,No,Yes,No,No,Month-to-month,Yes,Bank transfer (automatic),63.12,3234.92,0
CUST-04373,Male,0,No,Yes,5,Yes,No,Fiber optic,Yes,Yes,No,No,Yes,No,Month-to-month,Yes,Bank transfer (automatic),92.06,475.2,1
CUST-04374,Male,1,Yes,No,11,Yes,Yes,DSL,Yes,No,Yes,No,Yes,No,One year,No,Electronic check,64.09,670.22,1
CUST-04375,Male,1,Yes,No,7,Yes,Yes,DSL,No,No,Yes,No,Yes,Yes,Two year,No,Mailed check,64.09,464.28,0
CUST-04376,Male,0,Yes,Yes,48,Yes,No,Fiber optic,Yes,No,No,No,No,No,One year,No,Electronic check,47.2,2248.8,0
CUST-04377,Female,0,No,No,51,Yes,No,DSL,No,No,No,No,Yes,No,Two year,Yes,Electronic check,43.52,2267.84,0
CUST-04378,Male,0,No,No,9,Yes,No,Fiber optic,No,No,No,No,Yes,No,Two year,No,Electronic check,106.95,951.46,0
CUST-04379,Male,0,No,No,1,Yes,No,DSL,No,No,No,No,No,Yes,One year,No,Electronic check,55.73,58.05,1
CUST-04380,Female,0,No,No,17,Yes,No,Fiber optic,No,Yes,No,No,No,No,Month-to-month,No,Credit card (automatic),92.79,1538.81,1
CUST-04381,Male,0,No,No,37,Yes,Yes,No,No internet service,No internet service,No internet service,No internet service,No internet service,No internet service,One year,No,Electronic check,19.43,698.93,0
CUST-04382,Male,0,No,No,31,Yes,No,No,No internet service,No internet service,No internet service,No internet service,No internet service,No internet service,Month-to-month,Yes,Mailed check,20.59,656.85,0
CUST-04383,Female,0,No,No,18,Yes,Yes,DSL,Yes,Yes,No,Yes,No,No,Month-to-month,Yes,Electronic check,64.99,1112.47,0
CUST-04384,Male,0,Yes,No,11,Yes,Yes,DSL,Yes,No,No,Yes,Yes,Yes,One year,Yes,Electronic check,61.87,650.49,0
CUST-04385,Male,0,Yes,Yes,20,No,No phone service,DSL,No,Yes,Yes,Yes,No,Yes,Two year,No,Electronic check,38.74,756.31,0
CUST-04386,Male,0,Yes,Yes,1,Yes,Yes,No,No internet service,No internet service,No internet service,No internet service,No internet service,No internet service,Month-to-month,No,Electronic check,23.07,23.73,0
CUST-04387,Male,0,Yes,No,2,Yes,No,No,No internet service,No internet service,No internet service,No internet service,No internet service,No internet service,Month-to-month,Yes,Bank transfer (automatic),21.73,42.18,0
CUST-04388,Male,0,No,No,5,Yes,Yes,DSL,Yes,No,No,Yes,No,No,Month-to-month,Yes,Credit card (automatic),51.74,260.66,0
CUST-04389,Female,0,Yes,No,31,Yes,No,DSL,No,Yes,Yes,No,No,No,Month-to-month,Yes,Mailed check,38.66,1158.52,0
CUST-04390,Female,0,No,No,7,Yes,No,Fiber optic,No,No,No,Yes,No,Yes,Month-to-month,No,Credit card (automatic),50.62,369.64,1
CUST-04391,Female,0,Yes,No,17,Yes,Yes,Fiber optic,No,No,No,Yes,Yes,No,One year,Yes,Mailed check,63.55,1059.21,0
CUST-04392,Female,0,Yes,No,31,Yes,No,No,No internet service,No internet service,No internet service,No internet service,No internet service,No internet service,One year,Yes,Mailed check,20.63,613.6,0
CUST-04393,Female,0,No,No,56,Yes,No,No,No internet service,No internet service,No internet service,No internet service,No internet service,No internet service,Two year,No,Mailed check,20.58,1114.51,0
CUST-04394,Female,0,No,Yes,25,Yes,No,Fiber optic,No,Yes,No,No,Yes,No,Month-to-month,No,Credit card (automatic),76.13,1911.94,0
CUST-04395,Male,0,Yes,No,6,Yes,Yes,No,No internet service,No internet service,No internet service,No internet service,No internet service,No internet service,Month-to-month,Yes,Credit card (automatic),25.6,148.74,1
CUST-04396,Female,0,No,Yes,72,Yes,Yes,Fiber optic,No,No,No,No,No,Yes,One year,Yes,Bank transfer (automatic),70.85,5224.9,0
CUST-04397,Female,0,Yes,No,3,Yes,No,Fiber optic,No,No,No,No,No,Yes,Month-to-month,No,Credit card (automatic),69.57,204.78,0
CUST-04398,Male,0,No,No,14,No,No phone service,No,No internet service,No internet service,No internet service,No internet service,No internet service,No internet service,Two year,No,Bank transfer (automatic),19.42,263.06,0
CUST-04399,Male,0,No,Yes,72,Yes,Yes,Fiber optic,Yes,Yes,Yes,Yes,No,No,Month-to-month,Yes,Credit card (automatic),73.32,5064.77,0
CUST-04400,Female,1,Yes,No,29,No,No phone service,DSL,No,No,No,No,No,No,One year,Yes,Mailed check,35.76,1014.73,0
CUST-04401,Male,0,No,No,34,Yes,No,No,No internet service,No internet service,No internet service,No internet service,No internet service,No internet service,Month-to-month,Yes,Bank transfer (automatic),20.8,739.19,1
CUST-04402,Female,0,No,No,11,Yes,No,No,No internet service,No internet service,No internet service,No internet service,No internet service,No internet service,Month-to-month,Yes,Bank transfer (automatic),21.03,220.93,0
CUST-04403,Male,0,No,No,2,Yes,No,No,No internet service,No internet service,No internet service,No internet service,No internet service,No internet service,One year,No,Bank transfer (automatic),18.0,37.64,0
CUST-04404,Female,0,No,No,14,Yes,Yes,Fiber optic,Yes,No,No,Yes,No,No,One year,Yes,Electronic check,79.34,1137.9,0
CUST-04405,Male,0,Yes,No,16,Yes,No,DSL,No,Yes,No,No,Yes,No,Two year,Yes,Electronic check,54.87,885.3,0
CUST-04406,Male,0,No,No,10,No,No phone service,DSL,Yes,Yes,No,Yes,Yes,No,Month-to-month,Yes,Bank transfer (automatic),69.54,694.57,0
CUST-04407,Female,0,No,No,7,Yes,No,Fiber optic,Yes,No,No,Yes,No,Yes,Month-to-month,Yes,Mailed check,73.8,498.09,1
CUST-04408,Female,0,No,No,14,Yes,No,Fiber optic,No,No,Yes,Yes,Yes,No,Month-to-month,No,Bank transfer (automatic),99.58,1329.59,0
CUST-04409,Female,0,Yes,No,32,Yes,Yes,Fiber optic,No,No,No,No,Yes,No,Month-to-month,Yes,Electronic check,53.37,1729.03,0
CUST-04410,Female,0,No,No,72,Yes,Yes,Fiber optic,No,Yes,Yes,Yes,Yes,Yes,One year,Yes,Credit card (automatic),79.49,5573.62,0
CUST-04411,Female,1,No,No,38,Yes,Yes,No,No internet service,No internet service,No internet service,No internet service,No internet service,No internet service,Month-to-month,Yes,Bank transfer (automatic),18.0,686.07,0
CUST-04412,Male,0,No,No,48,Yes,No,Fiber optic,Yes,Yes,No,Yes,No,Yes,Month-to-month,No,Electronic check,91.1,4346.93,0
CUST-04413,Female,0,Yes,Yes,11,Yes,No,Fiber optic,Yes,No,No,No,Yes,Yes,Month-to-month,Yes,Bank transfer (automatic),82.36,929.49,1
CUST-04414,Female,0,Yes,No,3,Yes,No,Fiber optic,No,No,Yes,Yes,No,Yes,Two year,Yes,Electronic check,76.49,224.18,0
CUST-04415,Male,0,Yes,No,11,Yes,Yes,No,No internet service,No internet service,No internet service,No internet service,No internet service,No internet service,Two year,Yes,Electronic check,18.0,190.59,0
CUST-04416,Male,1,Yes,No,16,Yes,Yes,Fiber optic,No,Yes,No,No,No,No,Two year,Yes,Credit card (automatic),94.42,1527.06,1
CUST-04417,Female,1,No,No,37,Yes,No,Fiber optic,No,Yes,No,No,No,No,Month-to-month,Yes,Credit card (automatic),95.01,3634.27,0
CUST-04418,Male,0,No,No,72,Yes,No,Fiber optic,No,Yes,No,No,Yes,No,Month-to-month,Yes,Electronic check,92.63,6947.82,1
CUST-04419,Male,0,No,No,53,Yes,Yes,Fiber optic,No,No,No,No,Yes,No,Month-to-month,No,Electronic check,92.91,5133.41,1
CUST-04420,Female,0,No,No,9,Yes,No,DSL,No,Yes,Yes,Yes,No,Yes,Month-to-month,Yes,Bank transfer (automatic),83.95,720.32,0
CUST-04421,Male,0,Yes,Yes,54,Yes,No,Fiber optic,No,No,No,No,Yes,Yes,Two year,No,Credit card (automatic),73.09,3823.84,0
CUST-04422,Male,0,Yes,No,16,Yes,No,DSL,No,No,Yes,Yes,No,No,Month-to-month,Yes,Bank transfer (automatic),55.66,912.83,1
CUST-04423,Female,1,No,No,6,Yes,Yes,No,No internet service,No internet service,No internet service,No internet service,No internet service,No internet service,Two year,Yes,Mailed check,23.56,144.26,0
CUST-04424,Female,1,No,No,19,Yes,Yes,Fiber optic,No,No,No,No,No,No,One year,Yes,Credit card (automatic),50.25,962.49,1
CUST-04425,Male,1,No,No,26,Yes,No,Fiber optic,No,No,Yes,Yes,No,No,Month-to-month,No,Credit card (automatic),67.63,1735.1,1
CUST-04426,Male,0,Yes,No,46,Yes,No,DSL,No,No,Yes,Yes,No,No,Month-to-month,Yes,Mailed check,78.56,3543.48,0
CUST-04427,Female,0,No,No,13,Yes,Yes,Fiber optic,No,No,No,Yes,No,No,Two year,No,Bank transfer (automatic),40.55,505.52,0
CUST-04428,Male,0,Yes,No,5,Yes,No,DSL,No,No,No,Yes,No,Yes,Month-to-month,Yes,Electronic check,60.43,304.74,0
CUST-04429,Male,0,No,No,3,Yes,No,Fiber optic,Yes,Yes,Yes,No,No,Yes,Month-to-month,No,Credit card (automatic),46.42,135.27,0
CUST-04430,Male,0,No,No,3,Yes,No,No,No internet service,No internet service,No internet service,No internet service,No internet service,No internet service,Month-to-month,Yes,Mailed check,19.07,59.45,0
CUST-04431,Female,0,No,Yes,72,Yes,Yes,No,No internet service,No internet service,No internet service,No internet service,No internet service,No internet service,One year,No,Bank transfer (automatic),19.0,1330.58,0
CUST-04432,Male,0,Yes,Yes,72,Yes,No,No,No internet service,No internet service,No internet service,No internet service,No internet service,No internet service,Month-to-month,No,Bank transfer (automatic),18.18,1343.91,0
CUST-04433,Male,0,No,No,72,Yes,No,DSL,No,No,No,Yes,Yes,Yes,Month-to-month,Yes,Electronic check,34.62,2454.52,0
CUST-04434,Female,1,Yes,No,11,Yes,No,DSL,No,No,Yes,No,No,No,Month-to-month,Yes,Electronic check,30.86,350.33,1
CUST-04435,Male,1,Yes,No,6,Yes,Yes,Fiber optic,No,No,No,No,No,Yes,Month-to-month,Yes,Bank transfer (automatic),85.04,522.43,1
CUST-04436,Male,1,No,No,72,Yes,Yes,DSL,No,Yes,No,No,No,Yes,Month-to-month,Yes,Credit card (automatic),59.71,4094.06,0
CUST-04437,Female,0,Yes,No,72,Yes,No,DSL,No,No,Yes,Yes,No,No,Month-to-month,No,Bank transfer (automatic),60.37,4411.52,0
CUST-04438,Female,0,No,No,2,Yes,Yes,No,No internet service,No internet service,No internet service,No internet service,No internet service,No internet service,Month-to-month,Yes,Bank transfer (automatic),18.0,36.22,1
CUST-04439,Female,0,Yes,No,44,Yes,No,DSL,No,Yes,Yes,No,Yes,No,Month-to-month,Yes,Electronic check,45.4,2062.14,1
CUST-04440,Female,0,No,No,10,Yes,No,Fiber optic,Yes,No,No,No,No,Yes,Month-to-month,Yes,Credit card (automatic),73.81,718.38,0
CUST-04441,Male,1,No,No,72,Yes,No,DSL,Yes,No,Yes,No,No,No,Month-to-month,Yes,Mailed check,80.94,5961.34,0
CUST-04442,Male,1,Yes,Yes,2,Yes,No,DSL,No,No,No,No,No,Yes,Month-to-month,Yes,Electronic check,53.87,111.91,1
CUST-04443,Female,0,No,No,70,Yes,No,No,No internet service,No internet service,No internet service,No internet service,No internet service,No internet service,Two year,Yes,Electronic check,25.5,1835.24,0
CUST-04444,Female,0,No,No,1,Yes,No,DSL,No,Yes,Yes,No,No,Yes,One year,No,Credit card (automatic),45.18,47.08,0
CUST-04445,Male,0,No,No,23,Yes,Yes,Fiber optic,Yes,No,Yes,Yes,No,Yes,Two year,Yes,Bank transfer (automatic),97.33,2195.26,0
CUST-04446,Female,0,No,No,13,Yes,No,Fiber optic,No,No,Yes,Yes,Yes,No,One year,No,Electronic check,99.86,1287.92,1
CUST-04447,Male,1,No,No,17,Yes,No,DSL,Yes,No,Yes,No,No,No,Month-to-month,Yes,Electronic check,52.02,874.88,0
CUST-04448,Female,0,Yes,No,18,Yes,Yes,Fiber optic,Yes,No,No,No,Yes,Yes,Month-to-month,Yes,Credit card (automatic),67.13,1188.91,1
CUST-04449,Male,0,Yes,No,33,Yes,No,Fiber optic,No,Yes,No,Yes,No,No,One year,No,Electronic check,101.55,3234.2,1
CUST-04450,Female,0,Yes,No,1,Yes,Yes,No,No internet service,No internet service,No internet service,No internet service,No internet service,No internet service,Two year,Yes,Mailed check,18.0,17.13,1
CUST-04451,Female,0,No,No,37,Yes,No,Fiber optic,No,Yes,No,Yes,Yes,No,Month-to-month,No,Bank transfer (automatic),57.16,2064.67,1
CUST-04452,Male,0,No,No,1,Yes,Yes,Fiber optic,Yes,Yes,No,No,No,Yes,Month-to-month,Yes,Electronic check,94.86,99.53,1
CUST-04453,Female,1,No,No,6,Yes,No,Fiber optic,No,Yes,Yes,Yes,Yes,Yes,Two year,Yes,Mailed check,62.55,367.57,0
CUST-04454,Male,0,No,No,29,Yes,Yes,Fiber optic,Yes,Yes,No,No,No,Yes,Month-to-month,No,Credit card (automatic),53.35,1594.17,0
CUST-04455,Male,0,No,No,2,No,No phone service,DSL,No,No,Yes,No,No,Yes,Month-to-month,Yes,Bank transfer (automatic),56.58,109.19,1
CUST-04456,Male,0,Yes,Yes,72,No,No phone service,DSL,No,No,No,No,No,Yes,Month-to-month,No,Mailed check,56.99,4126.67,0
CUST-04457,Male,0,Yes,No,49,Yes,No,DSL,No,No,Yes,No,Yes,Yes,Month-to-month,No,Credit card (automatic),58.63,2762.49,0
CUST-04458,Male,0,No,No,39,Yes,No,No,No internet service,No internet service,No internet service,No internet service,No internet service,No internet service,One year,No,Credit card (automatic),22.88,907.21,0
CUST-04459,Female,0,Yes,No,9,Yes,Yes,DSL,No,No,No,No,Yes,No,Two year,Yes,Electronic check,63.95,553.18,0
CUST-04460,Female,0,No,No,1,Yes,No,Fiber optic,No,Yes,No,No,No,No,Two year,No,Bank transfer (automatic),105.88,103.71,0
CUST-04461,Male,0,Yes,No,72,Yes,No,DSL,No,Yes,No,No,Yes,No,Month-to-month,Yes,Mailed check,59.13,4100.78,0
CUST-04462,Female,0,Yes,No,5,No,No phone service,Fiber optic,No,No,No,No,No,No,One year,Yes,Mailed check,74.51,367.22,1
CUST-04463,Male,0,No,No,56,Yes,Yes,DSL,No,No,Yes,No,Yes,Yes,Month-to-month,Yes,Mailed check,54.84,3014.37,0
CUST-04464,Female,0,Yes,No,7,Yes,No,DSL,No,No,Yes,Yes,No,Yes,Two year,Yes,Mailed check,35.43,242.35,0
CUST-04465,Female,0,No,No,14,Yes,Yes,No,No internet service,No internet service,No internet service,No internet service,No internet service,No internet service,Month-to-month,No,Mailed check,19.3,260.66,0
CUST-04466,Female,0,Yes,No,37,Yes,Yes,Fiber optic,No,No,Yes,No,Yes,Yes,Two year,No,Electronic check,109.25,4050.33,1
CUST-04467,Female,0,No,No,72,Yes,Yes,DSL,No,No,No,No,No,Yes,One year,Yes,Electronic check,70.49,4923.84,0
CUST-04468,Male,0,No,No,1,Yes,No,Fiber optic,Yes,Yes,No,No,No,Yes,Two year,Yes,Mailed check,55.55,57.41,0
CUST-04469,Male,0,No,No,9,Yes,Yes,DSL,Yes,Yes,Yes,No,Yes,Yes,Two year,No,Credit card (automatic),61.03,557.89,0
CUST-04470,Female,1,No,No,46,Yes,Yes,No,No internet service,No internet service,No internet service,No internet service,No internet service,No internet service,Month-to-month,No,Bank transfer (automatic),18.93,901.94,0
CUST-04471,Female,0,Yes,No,6,Yes,Yes,Fiber optic,No,No,No,No,Yes,No,Month-to-month,No,Electronic check,58.94,366.38,1
CUST-04472,Male,0,Yes,No,3,Yes,No,DSL,No,No,Yes,No,Yes,Yes,Month-to-month,No,Mailed check,64.61,190.62,1
CUST-04473,Female,1,Yes,Yes,1,Yes,No,DSL,No,No,Yes,Yes,Yes,Yes,Month-to-month,Yes,Electronic check,26.93,25.79,1
CUST-04474,Male,0,No,No,22,Yes,No,DSL,Yes,Yes,No,No,No,No,Two year,Yes,Bank transfer (automatic),55.55,1192.0,0
CUST-04475,Male,0,No,No,46,Yes,Yes,DSL,No,No,No,No,No,Yes,Month-to-month,Yes,Credit card (automatic),36.98,1690.82,1
CUST-04476,Male,0,Yes,Yes,72,Yes,No,DSL,No,No,No,Yes,No,No,Month-to-month,No,Mailed check,66.37,4989.78,0
CUST-04477,Female,0,No,No,9,Yes,Yes,Fiber optic,Yes,No,No,No,Yes,Yes,Month-to-month,Yes,Electronic check,73.66,659.85,0
CUST-04478,Male,0,Yes,Yes,4,No,No phone service,No,No internet service,No internet service,No internet service,No internet service,No internet service,No internet service,Month-to-month,Yes,Credit card (automatic),23.07,96.41,1
CUST-04479,Female,0,Yes,No,16,Yes,Yes,Fiber optic,No,No,No,No,No,No,Two year,Yes,Bank transfer (automatic),60.75,998.5,0
CUST-04480,Male,0,No,Yes,1,Yes,No,Fiber optic,Yes,Yes,No,No,No,Yes,One year,Yes,Credit card (automatic),78.04,77.81,1
CUST-04481,Female,1,Yes,No,12,No,No phone service,DSL,No,No,No,No,No,No,Month-to-month,Yes,Electronic check,46.51,578.58,0
CUST-04482,Female,0,Yes,No,32,Yes,Yes,DSL,No,No,No,No,Yes,Yes,Month-to-month,Yes,Bank transfer (automatic),59.77,1989.75,0
CUST-04483,Female,0,No,Yes,5,Yes,Yes,No,No internet service,No internet service,No internet service,No internet service,No internet service,No internet service,Two year,No,Electronic check,22.31,110.84,1
CUST-04484,Male,0,No,No,31,Yes,No,Fiber optic,No,No,No,No,Yes,Yes,Month-to-month,No,Electronic check,60.52,1934.9,0
CUST-04485,Male,0,Yes,No,72,Yes,No,Fiber optic,No,Yes,Yes,Yes,Yes,Yes,Two year,No,Electronic check,68.22,5092.07,0
CUST-04486,Female,0,No,No,63,Yes,No,No,No internet service,No internet service,No internet service,No internet service,No internet service,No internet service,Two year,Yes,Credit card (automatic),19.32,1208.43,0
CUST-04487,Female,0,No,No,14,Yes,Yes,DSL,No,No,No,No,No,No,One year,No,Electronic check,75.49,1053.93,0
CUST-04488,Female,0,Yes,No,17,Yes,Yes,DSL,No,Yes,Yes,No,No,No,Two year,No,Bank transfer (automatic),60.23,1000.02,0
CUST-04489,Male,0,No,No,17,Yes,No,Fiber optic,No,Yes,Yes,Yes,Yes,No,Month-to-month,Yes,Credit card (automatic),82.14,1389.73,1
CUST-04490,Male,1,Yes,No,62,Yes,Yes,DSL,No,No,Yes,Yes,No,Yes,Two year,No,Electronic check,59.26,3669.81,0
CUST-04491,Male,0,Yes,No,72,Yes,No,DSL,Yes,No,No,Yes,Yes,Yes,Month-to-month,No,Credit card (automatic),53.51,3908.04,0
CUST-04492,Male,0,Yes,Yes,55,Yes,No,No,No internet service,No internet service,No internet service,No internet service,No internet service,No internet service,Month-to-month,Yes,Bank transfer (automatic),21.26,1179.74,0
CUST-04493,Female,0,No,No,26,Yes,Yes,DSL,Yes,No,Yes,No,Yes,Yes,Month-to-month,No,Electronic check,71.35,1928.42,0
CUST-04494,Female,0,Yes,No,3,Yes,No,DSL,No,No,Yes,No,No,No,Month-to-month,No,Mailed check,43.55,132.58,0
CUST-04495,Male,0,Yes,No,72,Yes,Yes,Fiber optic,Yes,Yes,No,No,No,Yes,Month-to-month,Yes,Electronic check,84.99,5897.35,1
CUST-04496,Male,0,Yes,Yes,62,Yes,No,No,No internet service,No internet service,No internet service,No internet service,No internet service,No internet service,Two year,No,Electronic check,20.49,1237.31,0
CUST-04497,Female,0,Yes,Yes,58,Yes,Yes,DSL,Yes,No,Yes,No,Yes,No,One year,Yes,Mailed check,64.51,3897.39,0
CUST-04498,Male,0,No,No,15,Yes,No,Fiber optic,No,Yes,Yes,No,No,No,Two year,Yes,Bank transfer (automatic),88.06,1263.01,0
CUST-04499,Male,0,Yes,No,18,Yes,Yes,DSL,No,No,Yes,No,Yes,Yes,Month-to-month,Yes,Electronic check,86.75,1592.33,1
CUST-04500,Male,0,No,No,4,Yes,No,No,No internet service,No internet service,No internet service,No internet service,No internet service,No internet service,Month-to-month,Yes,Bank transfer (automatic),20.53,78.7,1
CUST-04501,Male,0,No,No,72,Yes,Yes,Fiber optic,No,Yes,Yes,No,Yes,Yes,Two year,Yes,Bank transfer (automatic),82.2,5752.94,0
CUST-04502,Male,0,No,Yes,72,No,No phone service,Fiber optic,Yes,No,No,No,Yes,Yes,Two year,No,Bank transfer (automatic),80.83,5998.38,0
CUST-04503,Male,0,No,No,9,Yes,No,Fiber optic,No,Yes,No,No,No,No,One year,Yes,Bank transfer (automatic),92.29,818.86,1
CUST-04504,Female,0,Yes,No,38,Yes,Yes,No,No internet service,No internet service,No internet service,No internet service,No internet service,No internet service,Two year,Yes,Bank transfer (automatic),18.0,682.62,0
CUST-04505,Male,0,Yes,Yes,7,Yes,Yes,DSL,Yes,Yes,No,Yes,Yes,No,Month-to-month,Yes,Bank transfer (automatic),67.64,486.87,1
CUST-04506,Male,0,No,No,15,No,No phone service,No,No internet service,No internet service,No internet service,No internet service,No internet service,No internet service,Month-to-month,Yes,Electronic check,22.25,336.57,0
CUST-04507,Female,0,Yes,No,11,Yes,Yes,Fiber optic,Yes,No,No,No,Yes,Yes,Two year,Yes,Mailed check,66.38,713.82,1
CUST-04508,Female,0,No,No,15,No,No phone service,Fiber optic,No,No,No,Yes,Yes,No,Two year,Yes,Credit card (automatic),61.89,970.18,0
CUST-04509,Female,0,Yes,No,11,Yes,No,No,No internet service,No internet service,No internet service,No internet service,No internet service,No internet service,Month-to-month,Yes,Bank transfer (automatic),26.75,292.44,0
CUST-04510,Male,0,Yes,Yes,13,Yes,No,DSL,No,No,No,Yes,No,No,Month-to-month,No,Mailed check,62.98,787.28,1
CUST-04511,Female,0,Yes,No,50,Yes,Yes,No,No internet service,No internet service,No internet service,No internet service,No internet service,No internet service,One year,Yes,Bank transfer (automatic),18.0,860.89,0
CUST-04512,Male,1,Yes,No,11,Yes,No,Fiber optic,No,No,No,No,No,No,Two year,Yes,Electronic check,49.01,556.13,0
CUST-04513,Male,1,No,No,53,Yes,Yes,DSL,No,No,No,No,No,No,Month-to-month,Yes,Bank transfer (automatic),54.98,2914.95,0
CUST-04514,Male,0,Yes,No,26,Yes,No,No,No internet service,No internet service,No internet service,No internet service,No internet service,No internet service,Two year,No,Credit card (automatic),21.89,570.72,0
CUST-04515,Female,0,No,No,48,No,No phone service,DSL,No,No,No,No,No,Yes,Month-to-month,Yes,Mailed check,48.53,2280.89,0
CUST-04516,Female,0,No,No,72,Yes,No,Fiber optic,Yes,No,No,No,No,No,Month-to-month,Yes,Electronic check,65.64,4880.25,1
CUST-04517,Female,0,No,No,4,Yes,No,DSL,No,No,No,No,Yes,No,Month-to-month,No,Mailed check,61.62,254.95,0
CUST-04518,Female,0,Yes,Yes,13,Yes,No,DSL,No,Yes,Yes,Yes,Yes,Yes,Two year,No,Electronic check,79.85,1042.48,0
CUST-04519,Female,0,No,No,1,Yes,No,DSL,No,Yes,No,No,No,No,Month-to-month,Yes,Mailed check,39.26,40.46,1
CUST-04520,Male,1,Yes,No,16,No,No phone service,No,No internet service,No internet service,No internet service,No internet service,No internet service,No internet service,Month-to-month,No,Electronic check,18.0,295.91,0
CUST-04521,Male,1,No,No,8,Yes,No,Fiber optic,Yes,Yes,Yes,No,Yes,Yes,Month-to-month,Yes,Electronic check,80.91,631.61,1
CUST-04522,Male,0,Yes,Yes,27,Yes,No,DSL,No,Yes,Yes,Yes,No,Yes,Month-to-month,Yes,Credit card (automatic),80.62,2263.23,0
CUST-04523,Male,0,Yes,Yes,48,Yes,Yes,Fiber optic,Yes,No,Yes,No,No,Yes,Month-to-month,No,Bank transfer (automatic),104.6,4871.63,0
CUST-04524,Female,0,No,No,21,Yes,No,No,No internet service,No internet service,No internet service,No internet service,No internet service,No internet service,Month-to-month,No,Mailed check,26.57,564.71,0
CUST-04525,Female,0,No,No,12,Yes,No,Fiber optic,Yes,No,Yes,No,No,No,Month-to-month,No,Bank transfer (automatic),86.62,1083.97,1
CUST-04526,Male,0,Yes,Yes,5,Yes,No,DSL,No,No,No,No,Yes,No,One year,Yes,Credit card (automatic),75.31,367.43,0
CUST-04527,Female,0,Yes,Yes,1,Yes,Yes,No,No internet service,No internet service,No internet service,No internet service,No internet service,No internet service,Month-to-month,Yes,Mailed check,22.52,22.59,0
CUST-04528,Female,0,No,No,36,Yes,No,Fiber optic,No,No,No,No,No,Yes,Two year,No,Credit card (automatic),84.52,3115.82,0
CUST-04529,Male,0,No,No,1,Yes,Yes,DSL,No,No,Yes,No,Yes,No,Month-to-month,Yes,Electronic check,87.6,90.56,0
CUST-04530,Male,0,Yes,Yes,72,Yes,No,Fiber optic,No,No,Yes,Yes,Yes,No,Two year,No,Credit card (automatic),59.38,4101.93,0
CUST-04531,Female,1,No,Yes,28,Yes,No,Fiber optic,Yes,No,No,No,Yes,No,Month-to-month,Yes,Credit card (automatic),30.54,813.26,1
CUST-04532,Female,0,No,No,13,Yes,Yes,DSL,No,Yes,Yes,No,Yes,Yes,Two year,Yes,Electronic check,37.82,513.14,0
CUST-04533,Male,0,No,Yes,1,Yes,No,Fiber optic,No,No,Yes,Yes,No,No,Month-to-month,Yes,Mailed check,70.35,70.5,1
CUST-04534,Male,0,No,No,17,Yes,Yes,Fiber optic,No,Yes,No,No,No,No,Month-to-month,Yes,Bank transfer (automatic),76.07,1319.67,1
CUST-04535,Male,0,Yes,Yes,64,Yes,No,No,No internet service,No internet service,No internet service,No internet service,No internet service,No internet service,Month-to-month,Yes,Electronic check,22.21,1394.23,0
CUST-04536,Female,0,No,No,72,Yes,No,DSL,Yes,Yes,No,Yes,Yes,Yes,Month-to-month,Yes,Bank transfer (automatic),37.32,2632.18,0
CUST-04537,Male,0,Yes,No,2,No,No phone service,Fiber optic,No,No,No,No,No,Yes,One year,Yes,Mailed check,64.42,130.54,0
CUST-04538,Male,1,Yes,No,48,Yes,No,DSL,No,Yes,No,No,No,No,One year,Yes,Electronic check,87.98,4098.74,0
CUST-04539,Female,0,No,No,9,Yes,Yes,DSL,Yes,Yes,No,No,No,Yes,Two year,Yes,Electronic check,57.58,529.24,0
CUST-04540,Female,0,Yes,No,15,Yes,No,Fiber optic,Yes,No,No,No,No,Yes,One year,Yes,Mailed check,89.72,1307.21,0
CUST-04541,Female,0,No,No,25,No,No phone service,Fiber optic,Yes,Yes,No,Yes,No,No,Month-to-month,Yes,Electronic check,93.83,2233.64,0
CUST-04542,Female,1,Yes,No,72,Yes,Yes,Fiber optic,No,Yes,No,No,No,No,Two year,No,Electronic check,77.82,5819.32,0
CUST-04543,Female,0,Yes,No,7,Yes,No,DSL,No,No,No,Yes,No,No,One year,Yes,Bank transfer (automatic),59.73,425.16,0
CUST-04544,Male,0,No,No,4,Yes,Yes,No,No internet service,No internet service,No internet service,No internet service,No internet service,No internet service,Month-to-month,No,Bank transfer (automatic),20.0,82.23,0
CUST-04545,Male,0,Yes,No,28,Yes,Yes,Fiber optic,Yes,No,Yes,No,No,No,Two year,Yes,Mailed check,80.15,2270.08,0
CUST-04546,Female,0,Yes,No,61,Yes,Yes,Fiber optic,Yes,Yes,Yes,No,No,No,Two year,Yes,Electronic check,70.89,4428.87,0
CUST-04547,Female,0,No,No,33,Yes,No,DSL,Yes,Yes,No,No,No,No,Month-to-month,No,Bank transfer (automatic),54.0,1722.83,0
CUST-04548,Female,0,Yes,Yes,13,Yes,Yes,DSL,No,Yes,No,No,Yes,Yes,Month-to-month,Yes,Bank transfer (automatic),70.35,872.77,1
CUST-04549,Female,0,Yes,Yes,72,Yes,No,DSL,No,No,Yes,No,Yes,Yes,Month-to-month,Yes,Mailed check,63.04,4692.25,0
CUST-04550,Female,0,No,No,72,Yes,Yes,No,No internet service,No internet service,No internet service,No internet service,No internet service,No internet service,One year,Yes,Mailed check,25.21,1852.88,0
CUST-04551,Male,0,Yes,Yes,47,Yes,No,DSL,No,No,No,No,No,No,One year,Yes,Credit card (automatic),55.02,2621.5,0
CUST-04552,Male,0,No,No,51,Yes,No,Fiber optic,No,No,No,Yes,No,Yes,One year,No,Bank transfer (automatic),67.96,3411.03,0
CUST-04553,Male,0,Yes,No,45,No,No phone service,Fiber optic,No,No,No,No,No,Yes,One year,No,Mailed check,72.83,3411.11,1
CUST-04554,Male,0,Yes,Yes,9,Yes,No,DSL,Yes,No,Yes,Yes,No,Yes,Month-to-month,No,Bank transfer (automatic),35.19,305.37,0
CUST-04555,Female,0,Yes,Yes,5,Yes,Yes,Fiber optic,No,No,No,Yes,No,Yes,Month-to-month,Yes,Electronic check,70.69,361.73,1
CUST-04556,Male,0,Yes,No,25,Yes,No,Fiber optic,No,Yes,Yes,Yes,No,Yes,Two year,No,Electronic check,70.82,1768.69,1
CUST-04557,Female,1,Yes,Yes,72,Yes,Yes,Fiber optic,Yes,Yes,No,Yes,No,No,Two year,Yes,Credit card (automatic),76.2,5746.86,0
CUST-04558,Female,1,Yes,Yes,67,Yes,No,DSL,No,Yes,No,No,No,No,Month-to-month,Yes,Credit card (automatic),45.81,3059.96,0
CUST-04559,Female,0,Yes,No,3,Yes,No,No,No internet service,No internet service,No internet service,No internet service,No internet service,No internet service,Month-to-month,Yes,Bank transfer (automatic),19.96,58.14,1
CUST-04560,Male,0,Yes,No,1,Yes,No,Fiber optic,No,No,No,Yes,Yes,No,Month-to-month,Yes,Credit card (automatic),73.16,73.74,0
CUST-04561,Female,0,No,No,66,Yes,Yes,Fiber optic,No,No,No,Yes,Yes,Yes,Month-to-month,No,Bank transfer (automatic),52.76,3592.27,0
CUST-04562,Male,1,No,No,30,Yes,No,Fiber optic,No,Yes,No,Yes,Yes,No,Month-to-month,Yes,Credit card (automatic),68.77,2100.05,1
CUST-04563,Male,0,Yes,No,11,No,No phone service,Fiber optic,No,No,No,Yes,Yes,No,Month-to-month,Yes,Credit card (automatic),73.53,779.8,1
CUST-04564,Female,0,No,No,26,Yes,Yes,No,No internet service,No internet service,No internet service,No internet service,No internet service,No internet service,Month-to-month,No,Credit card (automatic),18.0,444.69,0
CUST-04565,Female,0,No,No,8,Yes,Yes,Fiber optic,No,No,No,Yes,No,No,One year,No,Credit card (automatic),53.96,412.49,0
CUST-04566,Female,1,No,No,72,No,No phone service,Fiber optic,Yes,No,No,Yes,Yes,No,Two year,Yes,Mailed check,68.46,4925.05,0
CUST-04567,Male,0,No,No,56,Yes,No,DSL,Yes,No,No,No,Yes,No,Two year,Yes,Bank transfer (automatic),46.84,2515.45,0
CUST-04568,Female,0,No,No,72,Yes,Yes,Fiber optic,No,Yes,No,No,No,No,One year,Yes,Electronic check,76.51,5237.74,1
CUST-04569,Male,0,Yes,Yes,6,Yes,Yes,Fiber optic,No,No,No,No,Yes,No,One year,Yes,Credit card (automatic),113.49,680.08,1
CUST-04570,Female,0,No,No,59,Yes,No,Fiber optic,No,No,Yes,No,Yes,Yes,Month-to-month,Yes,Credit card (automatic),72.38,4119.8,0
CUST-04571,Female,0,No,No,26,No,No phone service,No,No internet service,No internet service,No internet service,No internet service,No internet service,No internet service,Month-to-month,No,Electronic check,18.0,455.66,0
CUST-04572,Male,0,Yes,No,12,Yes,Yes,DSL,No,No,Yes,No,No,Yes,One year,Yes,Mailed check,66.41,776.39,0
CUST-04573,Male,0,Yes,No,20,Yes,Yes,Fiber optic,Yes,No,No,No,Yes,Yes,Month-to-month,Yes,Electronic check,63.9,1236.97,1
CUST-04574,Male,1,No,No,72,Yes,Yes,Fiber optic,No,No,No,No,No,No,Month-to-month,Yes,Electronic check,76.09,5590.1,0
CUST-04575,Male,0,No,No,37,Yes,Yes,No,No internet service,No internet service,No internet service,No internet service,No internet service,No internet service,One year,Yes,Mailed check,22.37,866.78,0
CUST-04576,Male,0,Yes,No,14,Yes,Yes,No,No internet service,No internet service,No internet service,No internet service,No internet service,No internet service,Month-to-month,No,Bank transfer (automatic),20.11,268.18,0
CUST-04577,Male,0,Yes,No,72,Yes,No,Fiber optic,No,No,Yes,No,Yes,Yes,Two year,No,Mailed check,57.28,3987.74,0
CUST-04578,Female,0,No,Yes,13,Yes,No,DSL,No,Yes,Yes,No,No,No,Two year,Yes,Electronic check,53.88,699.16,0
CUST-04579,Female,0,Yes,No,53,No,No phone service,Fiber optic,No,Yes,Yes,No,No,No,Month-to-month,No,Electronic check,103.13,5605.56,1
CUST-04580,Male,0,No,No,49,No,No phone service,Fiber optic,No,Yes,Yes,Yes,No,No,Month-to-month,Yes,Mailed check,86.1,4046.98,0
CUST-04581,Female,0,Yes,No,41,Yes,Yes,No,No internet service,No internet service,No internet service,No internet service,No internet service,No internet service,Month-to-month,No,Mailed check,20.61,870.2,0
CUST-04582,Male,1,Yes,No,35,Yes,No,No,No internet service,No internet service,No internet service,No internet service,No internet service,No internet service,Two year,Yes,Mailed check,19.94,702.54,0
CUST-04583,Female,1,Yes,Yes,3,Yes,No,Fiber optic,No,No,Yes,No,Yes,No,Month-to-month,Yes,Bank transfer (automatic),84.29,255.14,1
CUST-04584,Female,1,Yes,Yes,72,Yes,No,No,No internet service,No internet service,No internet service,No internet service,No internet service,No internet service,Month-to-month,Yes,Electronic check,18.0,1232.93,0
CUST-04585,Male,0,Yes,No,5,Yes,Yes,DSL,No,No,No,Yes,No,Yes,Month-to-month,Yes,Bank transfer (automatic),89.06,426.16,1
CUST-04586,Male,0,No,No,29,No,No phone service,No,No internet service,No internet service,No internet service,No internet service,No internet service,No internet service,Month-to-month,Yes,Credit card (automatic),18.75,569.07,0
CUST-04587,Male,0,No,No,9,No,No phone service,No,No internet service,No internet service,No internet service,No internet service,No internet service,No internet service,Two year,No,Bank transfer (automatic),18.14,167.29,0
CUST-04588,Female,0,Yes,Yes,5,No,No phone service,No,No internet service,No internet service,No internet service,No internet service,No internet service,No internet service,Month-to-month,No,Mailed check,21.73,111.82,1
CUST-04589,Male,0,No,No,26,Yes,Yes,Fiber optic,Yes,No,No,No,No,Yes,Two year,No,Electronic check,80.96,2031.39,0
CUST-04590,Female,0,No,No,57,Yes,No,DSL,Yes,No,Yes,Yes,Yes,No,One year,Yes,Credit card (automatic),54.26,2943.0,0
CUST-04591,Male,0,Yes,No,15,Yes,No,No,No internet service,No internet service,No internet service,No internet service,No internet service,No internet service,Month-to-month,Yes,Bank transfer (automatic),20.9,317.86,0
CUST-04592,Female,0,Yes,No,2,No,No phone service,Fiber optic,No,Yes,Yes,No,No,No,One year,No,Electronic check,88.05,180.51,1
CUST-04593,Female,0,Yes,No,31,Yes,Yes,Fiber optic,No,No,No,No,Yes,Yes,Two year,Yes,Electronic check,102.47,3312.07,0
CUST-04594,Male,0,No,No,46,Yes,Yes,DSL,Yes,Yes,No,No,Yes,No,Two year,Yes,Electronic check,51.02,2275.5,0
CUST-04595,Female,0,No,No,11,Yes,No,Fiber optic,No,No,Yes,No,No,No,One year,Yes,Electronic check,73.43,823.48,1
CUST-04596,Female,0,Yes,No,37,Yes,No,DSL,No,No,No,No,No,Yes,One year,No,Bank transfer (automatic),44.54,1583.01,0
CUST-04597,Male,0,No,No,2,No,No phone service,Fiber optic,No,No,Yes,No,No,Yes,Month-to-month,No,Bank transfer (automatic),73.17,148.78,0
CUST-04598,Female,0,Yes,No,14,Yes,No,DSL,Yes,No,No,Yes,No,Yes,Two year,No,Credit card (automatic),59.01,839.55,0
CUST-04599,Male,1,Yes,No,20,Yes,Yes,Fiber optic,No,Yes,No,No,No,Yes,Month-to-month,No,Electronic check,75.28,1489.97,0
CUST-04600,Male,0,Yes,No,48,Yes,No,DSL,No,Yes,Yes,Yes,Yes,Yes,Month-to-month,No,Bank transfer (automatic),55.94,2713.58,0
CUST-04601,Male,1,No,No,13,Yes,No,No,No internet service,No internet service,No internet service,No internet service,No internet service,No internet service,Month-to-month,No,Electronic check,18.61,244.63,1
CUST-04602,Male,0,Yes,No,19,Yes,Yes,Fiber optic,No,No,No,No,No,Yes,Month-to-month,No,Mailed check,104.27,1924.66,1
CUST-04603,Female,0,No,Yes,31,Yes,No,No,No internet service,No internet service,No internet service,No internet service,No internet service,No internet service,One year,No,Mailed check,21.28,669.87,0
CUST-04604,Female,0,Yes,No,31,Yes,Yes,DSL,Yes,No,No,No,Yes,No,Month-to-month,Yes,Credit card (automatic),79.59,2499.23,0
CUST-04605,Female,0,Yes,Yes,23,Yes,Yes,No,No internet service,No internet service,No internet service,No internet service,No internet service,No internet service,Two year,Yes,Bank transfer (automatic),22.19,505.76,0
CUST-04606,Male,0,No,No,12,Yes,No,DSL,No,No,No,No,No,Yes,Two year,No,Electronic check,48.68,570.91,0
CUST-04607,Female,0,No,No,35,Yes,Yes,Fiber optic,No,No,No,No,No,Yes,Month-to-month,No,Credit card (automatic),97.85,3494.92,1
CUST-04608,Female,0,No,No,58,Yes,Yes,No,No internet service,No internet service,No internet service,No internet service,No internet service,No internet service,Month-to-month,Yes,Credit card (automatic),24.21,1389.92,0
CUST-04609,Male,0,No,No,5,Yes,No,DSL,Yes,No,Yes,No,No,No,Month-to-month,Yes,Mailed check,57.98,295.35,0
CUST-04610,Male,0,No,No,13,Yes,Yes,No,No internet service,No internet service,No internet service,No internet service,No internet service,No internet service,Two year,No,Credit card (automatic),20.42,267.83,0
CUST-04611,Female,0,Yes,No,35,Yes,Yes,Fiber optic,No,No,No,No,No,No,Month-to-month,Yes,Credit card (automatic),88.71,3011.2,0
CUST-04612,Male,0,Yes,No,45,Yes,No,Fiber optic,Yes,No,Yes,No,No,Yes,Month-to-month,No,Credit card (automatic),82.87,3890.35,1
CUST-04613,Male,0,No,No,48,Yes,No,No,No internet service,No internet service,No internet service,No internet service,No internet service,No internet service,Two year,No,Mailed check,25.1,1210.54,0
CUST-04614,Male,0,No,No,33,Yes,No,No,No internet service,No internet service,No internet service,No internet service,No internet service,No internet service,One year,Yes,Bank transfer (automatic),18.6,591.67,1
CUST-04615,Male,0,No,No,20,Yes,Yes,No,No internet service,No internet service,No internet service,No internet service,No internet service,No internet service,Month-to-month,No,Electronic check,18.21,362.15,0
CUST-04616,Female,0,Yes,No,33,Yes,No,Fiber optic,No,No,Yes,Yes,No,No,Two year,No,Electronic check,79.51,2565.19,0
CUST-04617,Male,0,Yes,No,4,Yes,Yes,DSL,No,No,No,No,No,Yes,One year,Yes,Credit card (automatic),52.75,201.77,0
CUST-04618,Male,1,No,No,7,Yes,No,DSL,No,No,No,Yes,Yes,Yes,Month-to-month,Yes,Bank transfer (automatic),72.91,504.91,1
CUST-04619,Male,0,Yes,No,72,No,No phone service,DSL,No,Yes,No,Yes,No,No,Month-to-month,No,Electronic check,51.12,3860.45,0
CUST-04620,Male,0,Yes,No,72,Yes,No,DSL,Yes,No,No,No,Yes,No,Month-to-month,Yes,Mailed check,63.08,4751.42,0
CUST-04621,Male,0,Yes,Yes,41,Yes,Yes,Fiber optic,Yes,Yes,No,No,No,No,Two year,Yes,Mailed check,78.68,3181.03,0
CUST-04622,Male,0,Yes,No,12,Yes,No,No,No internet service,No internet service,No internet service,No internet service,No internet service,No internet service,Month-to-month,No,Electronic check,20.69,240.42,0
CUST-04623,Male,0,No,No,33,Yes,Yes,No,No internet service,No internet service,No internet service,No internet service,No internet service,No internet service,Month-to-month,Yes,Mailed check,18.0,575.91,1
CUST-04624,Male,0,No,No,37,Yes,No,Fiber optic,No,No,No,Yes,Yes,No,One year,Yes,Electronic check,65.23,2524.49,0
CUST-04625,Female,0,Yes,No,23,Yes,Yes,DSL,No,Yes,No,No,No,Yes,One year,Yes,Electronic check,54.9,1237.28,0
CUST-04626,Male,0,Yes,No,44,Yes,No,Fiber optic,No,No,Yes,Yes,Yes,No,Two year,Yes,Credit card (automatic),50.85,2202.25,0
CUST-04627,Female,0,No,No,1,Yes,No,DSL,Yes,Yes,No,No,Yes,No,Two year,Yes,Electronic check,37.1,37.21,0
CUST-04628,Male,0,Yes,Yes,9,Yes,No,Fiber optic,No,Yes,Yes,No,Yes,Yes,Two year,Yes,Mailed check,66.17,577.98,0
CUST-04629,Male,0,No,No,50,Yes,Yes,DSL,Yes,No,No,No,Yes,No,Month-to-month,No,Mailed check,71.37,3682.16,0
CUST-04630,Male,0,No,No,72,Yes,No,DSL,No,No,No,Yes,Yes,No,Two year,No,Mailed check,56.18,4131.54,0
CUST-04631,Male,1,No,Yes,66,Yes,No,Fiber optic,No,No,No,Yes,Yes,No,Month-to-month,Yes,Bank transfer (automatic),80.03,5427.94,1
CUST-04632,Female,0,No,No,40,Yes,No,Fiber optic,No,No,No,Yes,Yes,No,Month-to-month,Yes,Electronic check,84.61,3380.11,0
CUST-04633,Male,0,Yes,No,5,No,No phone service,DSL,Yes,Yes,No,No,No,No,One year,Yes,Credit card (automatic),50.83,249.3,1
CUST-04634,Male,0,No,No,14,Yes,No,Fiber optic,No,No,No,No,Yes,No,Two year,Yes,Mailed check,97.07,1348.94,0
CUST-04635,Female,1,Yes,No,1,No,No phone service,No,No internet service,No internet service,No internet service,No internet service,No internet service,No internet service,One year,No,Mailed check,23.2,22.32,0
CUST-04636,Female,0,Yes,Yes,32,Yes,No,Fiber optic,No,No,No,Yes,Yes,No,Month-to-month,No,Mailed check,83.31,2702.72,0
CUST-04637,Male,0,Yes,No,19,No,No phone service,Fiber optic,No,No,No,No,No,Yes,Month-to-month,Yes,Mailed check,54.63,1069.32,1
CUST-04638,Female,0,Yes,No,27,Yes,No,Fiber optic,No,No,No,No,Yes,No,Month-to-month,Yes,Electronic check,79.94,2164.62,1
CUST-04639,Female,0,Yes,No,72,Yes,No,Fiber optic,Yes,No,Yes,Yes,No,Yes,Two year,No,Mailed check,50.15,3584.48,0
CUST-04640,Female,0,Yes,No,16,Yes,Yes,DSL,No,No,No,No,Yes,No,Month-to-month,Yes,Mailed check,41.64,688.73,1
CUST-04641,Male,0,No,No,11,Yes,No,Fiber optic,No,Yes,No,Yes,No,No,Month-to-month,Yes,Mailed check,87.79,923.95,1
CUST-04642,Male,1,No,No,5,Yes,No,No,No internet service,No internet service,No internet service,No internet service,No internet service,No internet service,Two year,No,Electronic check,25.56,123.58,1
CUST-04643,Male,0,Yes,No,4,Yes,No,No,No internet service,No internet service,No internet service,No internet service,No internet service,No internet service,Month-to-month,Yes,Electronic check,18.0,71.83,1
CUST-04644,Female,0,No,No,23,Yes,No,No,No internet service,No internet service,No internet service,No internet service,No internet service,No internet service,Month-to-month,Yes,Bank transfer (automatic),20.81,474.51,0
CUST-04645,Male,0,Yes,No,44,Yes,No,Fiber optic,No,No,No,No,No,No,One year,Yes,Mailed check,92.79,4243.23,1
CUST-04646,Female,0,No,Yes,26,Yes,Yes,Fiber optic,No,Yes,No,No,No,No,Month-to-month,Yes,Bank transfer (automatic),80.36,2016.42,0
CUST-04647,Male,1,Yes,Yes,66,Yes,Yes,Fiber optic,No,No,Yes,Yes,No,No,Month-to-month,Yes,Electronic check,61.41,4133.75,0
CUST-04648,Male,0,No,Yes,12,No,No phone service,Fiber optic,No,No,Yes,No,No,No,One year,No,Bank transfer (automatic),91.68,1115.24,1
CUST-04649,Female,0,Yes,Yes,28,Yes,Yes,Fiber optic,No,No,Yes,No,No,No,Month-to-month,Yes,Electronic check,86.89,2347.28,1
CUST-04650,Male,0,No,No,34,Yes,No,No,No internet service,No internet service,No internet service,No internet service,No internet service,No internet service,Two year,Yes,Bank transfer (automatic),28.05,975.86,0
CUST-04651,Female,0,Yes,No,10,Yes,Yes,No,No internet service,No internet service,No internet service,No internet service,No internet service,No internet service,Two year,Yes,Electronic check,18.0,184.32,0
CUST-04652,Female,0,Yes,No,16,Yes,Yes,Fiber optic,No,Yes,Yes,No,Yes,No,Two year,Yes,Electronic check,89.05,1430.62,1
CUST-04653,Male,1,Yes,No,28,Yes,Yes,No,No internet service,No internet service,No internet service,No internet service,No internet service,No internet service,Month-to-month,No,Electronic check,19.83,534.47,0
CUST-04654,Female,1,Yes,No,1,No,No phone service,DSL,Yes,No,Yes,No,Yes,No,Month-to-month,Yes,Bank transfer (automatic),59.73,59.08,0
CUST-04655,Male,0,No,No,69,Yes,No,Fiber optic,No,No,No,No,No,No,Month-to-month,No,Mailed check,79.01,5464.61,0
CUST-04656,Male,0,No,No,3,Yes,No,Fiber optic,Yes,No,No,No,No,Yes,Month-to-month,No,Electronic check,66.49,200.73,1
CUST-04657,Female,0,Yes,No,1,No,No phone service,DSL,No,No,Yes,No,No,No,Month-to-month,Yes,Mailed check,58.77,59.29,1
CUST-04658,Male,1,No,No,7,Yes,No,No,No internet service,No internet service,No internet service,No internet service,No internet service,No internet service,Month-to-month,No,Electronic check,20.52,146.55,1
CUST-04659,Female,0,Yes,No,22,Yes,Yes,DSL,Yes,No,Yes,Yes,Yes,Yes,Month-to-month,Yes,Credit card (automatic),82.01,1882.57,0
CUST-04660,Male,0,No,Yes,12,Yes,Yes,No,No internet service,No internet service,No internet service,No internet service,No internet service,No internet service,Two year,Yes,Credit card (automatic),23.23,269.91,0
CUST-04661,Male,0,Yes,No,18,Yes,No,Fiber optic,No,No,No,No,No,Yes,Month-to-month,Yes,Credit card (automatic),71.74,1295.61,0
CUST-04662,Male,0,No,No,2,Yes,No,No,No internet service,No internet service,No internet service,No internet service,No internet service,No internet service,Two year,Yes,Credit card (automatic),29.0,59.13,0
CUST-04663,Male,1,Yes,No,8,Yes,No,Fiber optic,No,No,Yes,No,No,No,Month-to-month,Yes,Credit card (automatic),96.9,770.64,1
CUST-04664,Male,0,No,No,3,Yes,Yes,DSL,No,No,No,Yes,Yes,Yes,Two year,No,Credit card (automatic),43.44,132.18,0
CUST-04665,Female,0,Yes,No,8,Yes,No,No,No internet service,No internet service,No internet service,No internet service,No internet service,No internet service,One year,No,Electronic check,20.02,161.41,0
CUST-04666,Female,0,No,Yes,38,Yes,No,No,No internet service,No internet service,No internet service,No internet service,No internet service,No internet service,Month-to-month,Yes,Electronic check,22.8,896.52,0
CUST-04667,Female,0,No,No,27,Yes,No,Fiber optic,Yes,Yes,Yes,No,No,No,Month-to-month,No,Credit card (automatic),91.21,2523.55,1
CUST-04668,Female,0,Yes,Yes,13,Yes,Yes,DSL,Yes,No,Yes,No,No,Yes,One year,Yes,Mailed check,62.19,797.82,0
CUST-04669,Female,0,No,No,9,Yes,No,Fiber optic,No,No,No,Yes,No,No,Month-to-month,No,Credit card (automatic),60.8,530.46,1
CUST-04670,Female,0,No,No,72,Yes,No,DSL,No,Yes,No,Yes,Yes,Yes,Month-to-month,No,Credit card (automatic),63.78,4375.95,0
CUST-04671,Male,0,No,No,46,Yes,No,Fiber optic,No,No,No,No,Yes,No,Month-to-month,Yes,Credit card (automatic),71.31,3358.96,0
CUST-04672,Male,0,No,No,55,Yes,No,Fiber optic,No,Yes,Yes,No,No,No,Month-to-month,No,Electronic check,53.22,3003.83,1
CUST-04673,Female,0,No,No,1,Yes,No,DSL,No,No,No,No,Yes,Yes,One year,No,Electronic check,61.39,63.61,0
CUST-04674,Female,0,No,No,1,Yes,Yes,Fiber optic,No,No,Yes,No,No,Yes,Month-to-month,Yes,Bank transfer (automatic),103.79,101.52,1
CUST-04675,Male,0,No,No,39,Yes,No,DSL,No,Yes,Yes,No,No,Yes,Two year,Yes,Mailed check,58.87,2276.33,0
CUST-04676,Male,0,Yes,No,6,Yes,Yes,DSL,Yes,Yes,No,No,No,Yes,Month-to-month,Yes,Credit card (automatic),63.64,378.33,1
CUST-04677,Male,0,No,Yes,17,Yes,Yes,DSL,No,Yes,No,Yes,No,No,Two year,Yes,Credit card (automatic),64.73,1104.22,0
CUST-04678,Female,0,No,Yes,6,Yes,No,Fiber optic,No,No,No,No,No,No,Month-to-month,No,Credit card (automatic),119.01,728.78,1
CUST-04679,Female,0,No,No,6,Yes,Yes,Fiber optic,No,No,No,No,No,No,One year,No,Mailed check,112.95,683.22,0
CUST-04680,Female,1,Yes,No,3,Yes,Yes,No,No internet service,No internet service,No internet service,No internet service,No internet service,No internet service,Month-to-month,No,Mailed check,28.06,80.42,1
CUST-04681,Male,0,Yes,No,28,Yes,Yes,DSL,Yes,No,Yes,No,No,No,Two year,Yes,Credit card (automatic),56.94,1624.8,0
CUST-04682,Male,0,No,No,43,Yes,Yes,Fiber optic,Yes,Yes,No,No,No,Yes,Month-to-month,Yes,Mailed check,52.16,2268.43,1
CUST-04683,Female,0,No,No,1,Yes,No,DSL,No,No,Yes,No,No,Yes,Two year,Yes,Credit card (automatic),41.85,42.27,1
CUST-04684,Female,0,Yes,Yes,10,No,No phone service,DSL,No,No,No,No,No,No,Month-to-month,No,Electronic check,63.04,657.42,1
CUST-04685,Male,1,Yes,No,34,Yes,Yes,Fiber optic,No,Yes,No,No,No,Yes,Month-to-month,No,Mailed check,76.12,2563.9,1
CUST-04686,Male,0,Yes,No,15,Yes,Yes,Fiber optic,No,No,Yes,No,No,Yes,Month-to-month,No,Credit card (automatic),71.43,1055.5,0
CUST-04687,Male,1,No,No,39,No,No phone service,No,No internet service,No internet service,No internet service,No internet service,No internet service,No internet service,Two year,No,Electronic check,18.73,706.96,0
CUST-04688,Male,0,Yes,Yes,45,Yes,No,Fiber optic,No,Yes,No,Yes,No,Yes,Month-to-month,Yes,Mailed check,59.53,2631.41,1
CUST-04689,Female,1,No,No,1,Yes,No,No,No internet service,No internet service,No internet service,No internet service,No internet service,No internet service,One year,Yes,Electronic check,23.15,23.45,0
CUST-04690,Male,1,No,No,15,Yes,Yes,DSL,Yes,No,No,No,Yes,No,Month-to-month,Yes,Electronic check,57.18,856.83,1
CUST-04691,Male,1,No,No,41,Yes,No,Fiber optic,No,No,No,No,No,Yes,Month-to-month,No,Electronic check,82.39,3377.94,1
CUST-04692,Male,0,Yes,No,15,Yes,No,Fiber optic,Yes,No,No,No,No,No,One year,No,Bank transfer (automatic),42.61,614.37,1
CUST-04693,Female,0,No,No,1,Yes,No,DSL,No,Yes,No,Yes,Yes,No,Month-to-month,Yes,Bank transfer (automatic),66.24,65.84,1
CUST-04694,Female,0,No,No,13,Yes,No,DSL,No,Yes,No,No,No,No,Month-to-month,No,Mailed check,97.01,1243.33,1
CUST-04695,Male,0,Yes,No,65,Yes,Yes,DSL,Yes,No,Yes,No,Yes,No,Month-to-month,Yes,Bank transfer (automatic),58.0,3848.52,0
CUST-04696,Male,1,No,No,72,Yes,No,No,No internet service,No internet service,No internet service,No internet service,No internet service,No internet service,Month-to-month,Yes,Mailed check,19.62,1356.34,0
CUST-04697,Male,0,No,No,26,Yes,Yes,DSL,No,No,No,Yes,Yes,No,Month-to-month,No,Mailed check,69.26,1848.62,1
CUST-04698,Female,1,No,Yes,11,Yes,No,No,No internet service,No internet service,No internet service,No internet service,No internet service,No internet service,Month-to-month,Yes,Bank transfer (automatic),19.59,215.37,0
CUST-04699,Female,0,No,No,20,Yes,Yes,Fiber optic,No,Yes,No,No,No,No,Month-to-month,Yes,Bank transfer (automatic),71.32,1449.82,1
CUST-04700,Female,0,Yes,No,8,Yes,Yes,Fiber optic,Yes,No,Yes,No,No,No,Month-to-month,No,Credit card (automatic),68.73,576.71,1
CUST-04701,Male,0,Yes,No,5,Yes,No,No,No internet service,No internet service,No internet service,No internet service,No internet service,No internet service,Month-to-month,No,Bank transfer (automatic),20.86,107.44,0
CUST-04702,Female,0,Yes,No,21,No,No phone service,DSL,No,No,Yes,No,No,Yes,Month-to-month,Yes,Bank transfer (automatic),58.47,1227.02,1
CUST-04703,Male,0,No,No,42,Yes,No,Fiber optic,No,No,No,Yes,No,Yes,Month-to-month,Yes,Mailed check,63.58,2637.64,0
CUST-04704,Male,0,No,No,8,No,No phone service,DSL,Yes,Yes,No,No,Yes,No,Month-to-month,Yes,Electronic check,58.64,487.09,1
CUST-04705,Male,1,Yes,No,72,Yes,Yes,DSL,Yes,No,No,Yes,No,No,One year,Yes,Electronic check,87.38,6071.19,0
CUST-04706,Female,0,Yes,No,5,Yes,Yes,Fiber optic,No,Yes,No,No,No,No,Month-to-month,Yes,Credit card (automatic),50.92,248.59,0
CUST-04707,Male,0,No,No,26,Yes,Yes,Fiber optic,No,Yes,No,No,Yes,Yes,Two year,Yes,Bank transfer (automatic),47.18,1271.91,0
CUST-04708,Female,0,No,No,47,Yes,Yes,Fiber optic,Yes,No,Yes,Yes,Yes,No,Month-to-month,Yes,Bank transfer (automatic),61.69,2829.22,0
CUST-04709,Female,0,Yes,No,7,Yes,Yes,Fiber optic,No,Yes,No,No,No,No,Month-to-month,Yes,Electronic check,96.31,652.55,1
CUST-04710,Male,0,No,No,11,Yes,No,No,No internet service,No internet service,No internet service,No internet service,No internet service,No internet service,Month-to-month,No,Credit card (automatic),18.0,204.21,0
CUST-04711,Male,0,No,No,1,Yes,Yes,Fiber optic,No,No,No,No,Yes,No,Month-to-month,No,Electronic check,89.06,88.52,1
CUST-04712,Female,0,Yes,Yes,72,Yes,No,Fiber optic,Yes,No,No,Yes,No,Yes,Month-to-month,Yes,Credit card (automatic),61.29,4582.14,0
CUST-04713,Male,0,Yes,Yes,21,No,No phone service,No,No internet service,No internet service,No internet service,No internet service,No internet service,No internet service,Two year,Yes,Electronic check,19.89,409.6,0
CUST-04714,Female,0,Yes,Yes,2,Yes,No,No,No internet service,No internet service,No internet service,No internet service,No internet service,No internet service,Month-to-month,Yes,Mailed check,21.28,42.92,0
CUST-04715,Male,1,Yes,No,56,Yes,No,Fiber optic,No,No,No,No,Yes,Yes,Month-to-month,Yes,Mailed check,93.5,5134.56,0
CUST-04716,Female,0,No,No,26,Yes,Yes,Fiber optic,No,Yes,Yes,No,Yes,No,Month-to-month,No,Bank transfer (automatic),63.94,1718.11,1
CUST-04717,Female,0,Yes,Yes,1,Yes,Yes,No,No internet service,No internet service,No internet service,No internet service,No internet service,No internet service,Two year,Yes,Mailed check,23.73,23.31,1
CUST-04718,Female,0,Yes,Yes,19,Yes,Yes,DSL,No,No,No,Yes,No,Yes,Month-to-month,Yes,Electronic check,73.91,1377.74,1
CUST-04719,Female,0,No,Yes,18,Yes,Yes,DSL,No,No,No,No,No,No,Month-to-month,Yes,Electronic check,58.83,1063.44,0
CUST-04720,Male,0,Yes,No,5,Yes,No,DSL,No,No,Yes,Yes,No,Yes,Month-to-month,Yes,Bank transfer (automatic),71.0,358.94,1
CUST-04721,Male,0,No,No,17,No,No phone service,Fiber optic,No,Yes,No,No,Yes,No,One year,Yes,Mailed check,96.24,1591.68,0
CUST-04722,Female,0,Yes,Yes,10,No,No phone service,Fiber optic,Yes,No,No,No,Yes,No,One year,No,Mailed check,53.69,510.75,0
CUST-04723,Female,0,No,Yes,38,Yes,Yes,DSL,No,No,No,Yes,Yes,No,Month-to-month,Yes,Electronic check,58.01,2136.55,0
CUST-04724,Male,0,No,Yes,1,Yes,Yes,DSL,No,No,No,No,Yes,Yes,Two year,Yes,Credit card (automatic),57.23,59.1,1
CUST-04725,Male,0,Yes,No,3,Yes,No,No,No internet service,No internet service,No internet service,No internet service,No internet service,No internet service,One year,No,Credit card (automatic),20.27,63.16,0
CUST-04726,Male,0,No,No,72,Yes,Yes,Fiber optic,No,No,No,No,Yes,No,Two year,No,Credit card (automatic),54.83,4015.94,0
CUST-04727,Male,0,Yes,Yes,18,Yes,Yes,Fiber optic,No,Yes,Yes,No,No,Yes,One year,Yes,Electronic check,74.2,1304.15,0
CUST-04728,Male,0,No,Yes,6,Yes,No,Fiber optic,Yes,Yes,Yes,Yes,No,No,Month-to-month,Yes,Credit card (automatic),106.97,621.82,1
CUST-04729,Male,0,No,No,50,Yes,No,No,No internet service,No internet service,No internet service,No internet service,No internet service,No internet service,Month-to-month,No,Credit card (automatic),22.11,1070.82,0
CUST-04730,Female,0,Yes,No,61,Yes,Yes,DSL,No,Yes,No,No,No,No,One year,Yes,Bank transfer (automatic),42.13,2673.91,0
CUST-04731,Male,0,No,No,7,No,No phone service,Fiber optic,No,No,No,No,Yes,Yes,Month-to-month,Yes,Electronic check,47.18,330.79,1
CUST-04732,Male,0,Yes,No,40,Yes,No,DSL,No,No,No,No,Yes,No,One year,Yes,Bank transfer (automatic),47.31,1898.85,0
CUST-04733,Female,1,No,No,30,Yes,No,Fiber optic,No,Yes,No,No,No,No,Two year,Yes,Mailed check,57.47,1719.85,0
CUST-04734,Male,0,Yes,Yes,43,Yes,No,Fiber optic,No,Yes,No,No,No,No,Month-to-month,Yes,Bank transfer (automatic),58.96,2581.99,1
CUST-04735,Male,0,No,No,49,Yes,Yes,DSL,No,Yes,No,No,No,No,One year,No,Electronic check,43.41,2136.3,0
CUST-04736,Male,0,Yes,Yes,34,Yes,Yes,Fiber optic,Yes,Yes,No,Yes,Yes,No,Month-to-month,No,Bank transfer (automatic),56.01,1930.87,0
CUST-04737,Male,0,No,No,72,No,No phone service,Fiber optic,No,No,Yes,No,Yes,No,Month-to-month,No,Mailed check,58.53,4394.69,0
CUST-04738,Male,0,No,No,63,Yes,Yes,No,No internet service,No internet service,No internet service,No internet service,No internet service,No internet service,One year,Yes,Bank transfer (automatic),19.81,1279.43,0
CUST-04739,Female,0,No,No,8,Yes,No,No,No internet service,No internet service,No internet service,No internet service,No internet service,No internet service,Month-to-month,Yes,Bank transfer (automatic),20.98,163.53,1
CUST-04740,Male,0,Yes,Yes,72,Yes,No,Fiber optic,Yes,No,No,No,Yes,No,Two year,No,Mailed check,100.59,7089.91,0
CUST-04741,Female,1,No,No,14,Yes,Yes,No,No internet service,No internet service,No internet service,No internet service,No internet service,No internet service,Month-to-month,No,Electronic check,23.18,334.38,1
CUST-04742,Female,0,Yes,No,41,Yes,Yes,Fiber optic,Yes,No,Yes,No,Yes,Yes,Two year,Yes,Electronic check,82.97,3406.52,0
CUST-04743,Male,0,Yes,No,60,Yes,Yes,No,No internet service,No internet service,No internet service,No internet service,No internet service,No internet service,Month-to-month,No,Bank transfer (automatic),22.99,1328.36,0
CUST-04744,Female,0,Yes,Yes,18,Yes,No,Fiber optic,No,No,No,Yes,Yes,Yes,Month-to-month,Yes,Bank transfer (automatic),69.43,1195.34,1
CUST-04745,Male,0,Yes,No,1,Yes,No,Fiber optic,No,No,Yes,No,Yes,No,Month-to-month,No,Mailed check,80.16,77.48,1
CUST-04746,Female,0,No,Yes,72,No,No phone service,DSL,No,No,Yes,Yes,No,No,Month-to-month,Yes,Mailed check,68.99,4939.5,0
CUST-04747,Female,0,Yes,No,2,Yes,Yes,No,No internet service,No internet service,No internet service,No internet service,No internet service,No internet service,One year,Yes,Bank transfer (automatic),18.0,34.36,0
CUST-04748,Male,0,No,No,13,Yes,No,Fiber optic,Yes,No,Yes,No,No,Yes,Month-to-month,Yes,Electronic check,86.53,1079.05,0
CUST-04749,Male,0,Yes,No,29,Yes,No,No,No internet service,No internet service,No internet service,No internet service,No internet service,No internet service,Two year,Yes,Credit card (automatic),19.78,586.98,0
CUST-04750,Male,0,Yes,No,4,Yes,No,Fiber optic,Yes,No,Yes,No,Yes,No,Month-to-month,No,Bank transfer (automatic),86.28,359.86,1
CUST-04751,Male,0,No,No,58,Yes,No,DSL,No,No,Yes,Yes,No,No,Month-to-month,Yes,Bank transfer (automatic),62.47,3461.44,0
CUST-04752,Male,1,Yes,No,7,Yes,No,Fiber optic,No,Yes,Yes,Yes,No,No,Month-to-month,Yes,Electronic check,91.44,620.98,1
CUST-04753,Female,0,Yes,No,72,Yes,No,Fiber optic,Yes,No,Yes,No,Yes,Yes,One year,No,Bank transfer (automatic),72.76,5037.93,0
CUST-04754,Female,0,Yes,No,72,Yes,No,DSL,No,No,No,No,No,No,Two year,Yes,Electronic check,41.58,3015.94,0
CUST-04755,Female,0,No,No,29,Yes,No,DSL,No,No,No,Yes,No,Yes,Month-to-month,No,Mailed check,54.78,1635.99,0
CUST-04756,Female,0,No,No,34,Yes,Yes,DSL,No,No,No,No,Yes,No,Month-to-month,No,Mailed check,70.74,2390.05,0
CUST-04757,Female,0,Yes,No,24,Yes,No,DSL,No,No,No,No,Yes,No,One year,Yes,Mailed check,42.68,976.52,0
CUST-04758,Female,0,Yes,Yes,15,Yes,No,Fiber optic,No,No,No,Yes,No,No,Month-to-month,No,Credit card (automatic),71.36,1057.23,1
CUST-04759,Female,0,No,No,13,Yes,No,No,No internet service,No internet service,No internet service,No internet service,No internet service,No internet service,Month-to-month,Yes,Electronic check,23.19,291.38,1
CUST-04760,Male,0,No,No,71,Yes,Yes,Fiber optic,Yes,No,Yes,No,No,No,One year,No,Electronic check,78.14,5423.37,0
CUST-04761,Male,0,Yes,Yes,27,Yes,No,No,No internet service,No internet service,No internet service,No internet service,No internet service,No internet service,Month-to-month,Yes,Electronic check,24.74,642.16,0
CUST-04762,Female,0,No,No,55,Yes,Yes,Fiber optic,No,Yes,No,Yes,No,Yes,Month-to-month,No,Credit card (automatic),80.85,4386.02,1
CUST-04763,Female,0,Yes,Yes,23,No,No phone service,No,No internet service,No internet service,No internet service,No internet service,No internet service,No internet service,Two year,Yes,Electronic check,18.0,416.22,0
CUST-04764,Male,0,Yes,Yes,11,Yes,Yes,DSL,No,No,No,Yes,Yes,No,Month-to-month,No,Credit card (automatic),42.99,486.27,1
CUST-04765,Male,1,Yes,Yes,3,Yes,No,Fiber optic,Yes,No,No,Yes,No,Yes,Month-to-month,Yes,Credit card (automatic),89.19,264.37,1
CUST-04766,Male,0,No,No,12,Yes,No,Fiber optic,Yes,No,No,Yes,No,Yes,Month-to-month,Yes,Credit card (automatic),37.94,432.54,0
CUST-04767,Male,1,Yes,No,67,No,No phone service,DSL,No,No,No,No,No,No,Month-to-month,No,Credit card (automatic),61.52,4192.24,0
CUST-04768,Female,0,No,Yes,39,Yes,No,DSL,No,No,No,No,No,No,One year,No,Electronic check,58.64,2330.94,0
CUST-04769,Male,0,Yes,No,49,No,No phone service,Fiber optic,No,No,No,No,Yes,No,One year,No,Bank transfer (automatic),55.7,2628.19,0
CUST-04770,Female,0,Yes,No,47,Yes,No,Fiber optic,No,Yes,No,No,No,Yes,Month-to-month,Yes,Mailed check,67.23,3155.14,0
CUST-04771,Female,0,No,No,4,Yes,Yes,No,No internet service,No internet service,No internet service,No internet service,No internet service,No internet service,One year,No,Bank transfer (automatic),19.4,74.1,0
CUST-04772,Female,0,Yes,Yes,5,Yes,No,Fiber optic,Yes,No,Yes,No,No,No,Month-to-month,No,Mailed check,79.25,401.02,1
CUST-04773,Male,0,Yes,No,12,Yes,Yes,DSL,No,No,Yes,No,No,Yes,One year,Yes,Mailed check,55.82,696.55,0
CUST-04774,Male,0,Yes,Yes,11,Yes,No,DSL,Yes,No,No,Yes,Yes,No,One year,Yes,Credit card (automatic),56.11,611.67,0
CUST-04775,Female,1,Yes,No,2,No,No phone service,Fiber optic,No,No,No,No,Yes,No,Month-to-month,No,Mailed check,67.7,135.0,1
CUST-04776,Female,0,Yes,No,5,Yes,No,Fiber optic,Yes,Yes,Yes,No,Yes,No,Month-to-month,No,Bank transfer (automatic),55.34,289.3,0
CUST-04777,Female,0,Yes,No,62,Yes,Yes,Fiber optic,No,Yes,No,No,No,No,Two year,No,Bank transfer (automatic),88.81,5633.59,0
CUST-04778,Male,0,Yes,No,28,Yes,Yes,Fiber optic,No,No,No,No,No,No,One year,No,Bank transfer (automatic),72.97,2125.31,0
CUST-04779,Female,0,Yes,Yes,13,No,No phone service,Fiber optic,No,Yes,No,No,Yes,Yes,Two year,No,Mailed check,111.49,1397.08,0
CUST-04780,Male,0,No,No,23,Yes,Yes,No,No internet service,No internet service,No internet service,No internet service,No internet service,No internet service,Month-to-month,No,Electronic check,20.41,468.09,0
CUST-04781,Female,0,Yes,No,9,Yes,No,Fiber optic,No,No,No,Yes,No,Yes,Month-to-month,No,Credit card (automatic),85.31,753.49,1
CUST-04782,Female,0,Yes,Yes,28,Yes,No,Fiber optic,No,Yes,No,No,No,No,Month-to-month,No,Electronic check,70.3,1992.35,0
CUST-04783,Female,0,No,Yes,2,Yes,No,DSL,No,No,No,No,No,No,Month-to-month,No,Electronic check,79.39,163.87,0
CUST-04784,Male,0,No,No,72,Yes,No,Fiber optic,No,No,No,Yes,Yes,No,One year,Yes,Electronic check,64.88,4502.97,0
CUST-04785,Male,1,Yes,No,8,No,No phone service,Fiber optic,No,Yes,Yes,No,No,No,Two year,No,Credit card (automatic),107.27,878.08,0
CUST-04786,Female,0,Yes,No,54,Yes,Yes,Fiber optic,No,No,Yes,Yes,No,No,Month-to-month,Yes,Electronic check,53.25,2894.29,0
CUST-04787,Male,0,No,No,34,Yes,Yes,Fiber optic,Yes,No,Yes,No,No,No,Month-to-month,Yes,Electronic check,56.94,1858.76,1
CUST-04788,Female,0,Yes,Yes,23,Yes,No,No,No internet service,No internet service,No internet service,No internet service,No internet service,No internet service,Month-to-month,Yes,Electronic check,19.22,454.21,1
CUST-04789,Male,1,No,No,72,Yes,Yes,DSL,Yes,No,No,Yes,No,No,Month-to-month,No,Electronic check,43.98,3183.18,0
CUST-04790,Male,0,No,Yes,5,Yes,No,DSL,No,Yes,No,Yes,No,No,Month-to-month,Yes,Mailed check,37.77,185.32,0
CUST-04791,Male,1,No,No,4,Yes,Yes,Fiber optic,Yes,No,No,No,Yes,Yes,Two year,Yes,Credit card (automatic),60.97,234.83,0
CUST-04792,Female,1,Yes,Yes,12,Yes,No,Fiber optic,No,No,Yes,No,No,No,Two year,Yes,Mailed check,67.47,788.59,0
CUST-04793,Male,1,No,No,56,Yes,No,Fiber optic,No,No,Yes,No,No,No,Month-to-month,No,Electronic check,65.54,3689.38,1
CUST-04794,Male,0,No,No,1,Yes,No,Fiber optic,Yes,Yes,No,No,Yes,Yes,One year,Yes,Credit card (automatic),79.72,80.07,0
CUST-04795,Female,0,No,No,8,No,No phone service,DSL,Yes,No,Yes,No,No,Yes,Month-to-month,Yes,Mailed check,63.41,529.11,1
CUST-04796,Female,0,Yes,No,17,Yes,No,DSL,No,Yes,No,No,No,No,Month-to-month,Yes,Electronic check,52.73,870.86,1
CUST-04797,Female,0,No,No,39,Yes,No,Fiber optic,No,No,No,No,No,No,Month-to-month,Yes,Credit card (automatic),101.17,3824.15,0
CUST-04798,Female,0,No,Yes,11,Yes,No,DSL,Yes,No,No,Yes,No,No,Month-to-month,Yes,Electronic check,56.68,644.99,0
CUST-04799,Male,0,No,No,19,Yes,No,No,No internet service,No internet service,No internet service,No internet service,No internet service,No internet service,Two year,Yes,Electronic check,20.4,381.99,0
CUST-04800,Male,0,No,Yes,13,Yes,No,No,No internet service,No internet service,No internet service,No internet service,No internet service,No internet service,One year,No,Bank transfer (automatic),23.93,307.38,0
CUST-04801,Male,0,Yes,No,3,Yes,No,Fiber optic,No,No,No,No,No,Yes,Month-to-month,Yes,Electronic check,77.06,223.66,1
CUST-04802,Male,0,No,No,42,Yes,No,Fiber optic,No,No,Yes,No,No,No,Two year,Yes,Electronic check,56.21,2304.66,0
CUST-04803,Male,0,Yes,No,19,Yes,No,No,No internet service,No internet service,No internet service,No internet service,No internet service,No internet service,Month-to-month,No,Mailed check,20.65,406.85,0
CUST-04804,Female,0,No,No,53,Yes,No,Fiber optic,Yes,No,No,No,Yes,Yes,One year,Yes,Mailed check,102.1,5164.83,0
CUST-04805,Male,0,Yes,No,37,Yes,No,DSL,No,Yes,No,No,No,Yes,One year,No,Credit card (automatic),49.44,1845.14,0
CUST-04806,Male,0,Yes,No,1,Yes,No,DSL,Yes,No,No,No,Yes,No,Month-to-month,No,Bank transfer (automatic),53.29,54.86,1
CUST-04807,Male,1,No,No,22,Yes,Yes,DSL,No,No,No,No,No,No,Month-to-month,No,Electronic check,47.45,1086.27,1
CUST-04808,Female,0,Yes,No,72,Yes,No,No,No internet service,No internet service,No internet service,No internet service,No internet service,No internet service,Two year,No,Electronic check,21.7,1585.41,0
CUST-04809,Female,0,No,No,11,Yes,No,Fiber optic,Yes,No,Yes,No,No,No,Month-to-month,Yes,Bank transfer (automatic),47.53,501.94,0
CUST-04810,Male,0,No,No,21,Yes,Yes,DSL,No,Yes,No,Yes,No,No,Month-to-month,Yes,Bank transfer (automatic),79.52,1676.13,0
CUST-04811,Female,0,Yes,Yes,33,Yes,No,Fiber optic,Yes,Yes,Yes,Yes,No,No,One year,Yes,Mailed check,71.89,2396.67,0
CUST-04812,Female,0,Yes,No,7,Yes,Yes,No,No internet service,No internet service,No internet service,No internet service,No internet service,No internet service,One year,No,Credit card (automatic),18.0,124.14,1
CUST-04813,Female,0,No,No,38,Yes,No,DSL,Yes,Yes,No,No,No,No,One year,No,Credit card (automatic),68.92,2695.18,0
CUST-04814,Female,0,Yes,No,34,Yes,Yes,Fiber optic,Yes,No,No,No,No,Yes,One year,Yes,Bank transfer (automatic),76.12,2593.42,0
CUST-04815,Female,0,No,No,15,Yes,No,DSL,No,Yes,Yes,Yes,Yes,Yes,One year,Yes,Mailed check,53.6,766.57,0
CUST-04816,Female,0,No,Yes,10,Yes,Yes,No,No internet service,No internet service,No internet service,No internet service,No internet service,No internet service,Month-to-month,No,Bank transfer (automatic),20.8,216.96,0
CUST-04817,Female,0,No,No,72,Yes,Yes,DSL,Yes,No,No,No,No,Yes,Two year,Yes,Bank transfer (automatic),61.88,4528.18,0
CUST-04818,Male,0,No,No,4,Yes,No,No,No internet service,No internet service,No internet service,No internet service,No internet service,No internet service,Month-to-month,No,Electronic check,22.36,93.45,1
CUST-04819,Male,0,No,No,18,Yes,Yes,No,No internet service,No internet service,No internet service,No internet service,No internet service,No internet service,Month-to-month,No,Mailed check,20.78,378.23,0
CUST-04820,Female,0,No,No,46,Yes,No,Fiber optic,No,Yes,Yes,No,No,No,Month-to-month,Yes,Mailed check,115.6,5410.2,0
CUST-04821,Male,0,No,No,5,Yes,No,No,No internet service,No internet service,No internet service,No internet service,No internet service,No internet service,Month-to-month,Yes,Credit card (automatic),21.86,105.42,0
CUST-04822,Male,0,No,No,72,No,No phone service,Fiber optic,Yes,No,No,Yes,Yes,No,Month-to-month,Yes,Electronic check,45.7,3128.0,0
CUST-04823,Female,1,Yes,Yes,23,Yes,No,DSL,No,No,No,Yes,No,No,Month-to-month,Yes,Credit card (automatic),61.35,1357.26,0
CUST-04824,Male,0,Yes,No,22,Yes,No,Fiber optic,Yes,No,Yes,No,Yes,Yes,Month-to-month,No,Bank transfer (automatic),81.62,1743.0,1
CUST-04825,Female,0,No,No,17,Yes,Yes,No,No internet service,No internet service,No internet service,No internet service,No internet service,No internet service,Month-to-month,Yes,Electronic check,22.91,391.49,0
CUST-04826,Female,1,No,No,64,Yes,Yes,Fiber optic,No,Yes,No,No,No,No,Month-to-month,Yes,Credit card (automatic),104.63,6526.35,1
CUST-04827,Female,0,Yes,No,72,Yes,No,DSL,Yes,Yes,No,Yes,No,Yes,Month-to-month,Yes,Electronic check,60.04,4312.96,0
CUST-04828,Male,0,Yes,No,15,No,No phone service,DSL,No,Yes,No,Yes,No,Yes,Two year,Yes,Electronic check,36.13,559.61,0
CUST-04829,Male,1,No,Yes,25,Yes,Yes,Fiber optic,Yes,Yes,Yes,No,Yes,No,Two year,No,Bank transfer (automatic),81.72,2058.13,0
CUST-04830,Male,0,Yes,No,12,Yes,Yes,No,No internet service,No internet service,No internet service,No internet service,No internet service,No internet service,Month-to-month,No,Credit card (automatic),21.24,256.48,0
CUST-04831,Male,0,Yes,No,14,Yes,Yes,No,No internet service,No internet service,No internet service,No internet service,No internet service,No internet service,One year,Yes,Electronic check,21.75,318.17,0
CUST-04832,Female,0,Yes,No,1,Yes,No,No,No internet service,No internet service,No internet service,No internet service,No internet service,No internet service,Two year,No,Credit card (automatic),28.92,28.39,0
CUST-04833,Female,0,No,Yes,49,Yes,No,Fiber optic,Yes,No,No,No,No,Yes,Month-to-month,Yes,Electronic check,73.5,3701.37,0
CUST-04834,Male,0,No,No,72,Yes,No,Fiber optic,No,Yes,Yes,No,No,No,Two year,No,Mailed check,56.14,4192.1,0
CUST-04835,Female,1,Yes,Yes,46,Yes,Yes,No,No internet service,No internet service,No internet service,No internet service,No internet service,No internet service,Two year,No,Electronic check,24.56,1169.61,0
CUST-04836,Female,0,Yes,No,23,No,No phone service,No,No internet service,No internet service,No internet service,No internet service,No internet service,No internet service,Month-to-month,No,Electronic check,21.45,490.04,0
CUST-04837,Male,0,No,No,56,Yes,Yes,Fiber optic,Yes,Yes,Yes,No,No,Yes,Month-to-month,No,Credit card (automatic),86.45,4871.11,1
CUST-04838,Female,1,No,No,62,Yes,No,Fiber optic,No,Yes,Yes,No,No,Yes,Two year,No,Credit card (automatic),114.71,7060.41,1
CUST-04839,Male,1,No,Yes,25,Yes,Yes,No,No internet service,No internet service,No internet service,No internet service,No internet service,No internet service,Month-to-month,Yes,Bank transfer (automatic),21.53,515.24,0
CUST-04840,Female,0,Yes,No,72,Yes,No,Fiber optic,Yes,No,No,No,Yes,No,Month-to-month,Yes,Credit card (automatic),84.31,6324.9,0
CUST-04841,Male,0,Yes,Yes,1,Yes,No,Fiber optic,No,No,No,No,No,No,Month-to-month,No,Mailed check,69.75,71.32,1
CUST-04842,Female,0,No,No,1,Yes,Yes,DSL,No,Yes,No,No,No,Yes,Month-to-month,Yes,Bank transfer (automatic),41.85,43.14,0
CUST-04843,Female,0,Yes,Yes,2,Yes,No,No,No internet service,No internet service,No internet service,No internet service,No internet service,No internet service,Two year,Yes,Electronic check,18.0,35.04,0
CUST-04844,Male,0,No,No,1,Yes,Yes,No,No internet service,No internet service,No internet service,No internet service,No internet service,No internet service,Month-to-month,No,Mailed check,22.07,22.25,1
CUST-04845,Male,1,Yes,No,17,Yes,No,Fiber optic,No,No,Yes,No,No,No,Month-to-month,Yes,Mailed check,89.69,1470.93,1
CUST-04846,Male,1,Yes,No,72,Yes,Yes,Fiber optic,No,No,No,No,No,No,Two year,Yes,Bank transfer (automatic),101.17,7477.09,0
CUST-04847,Male,0,Yes,No,35,Yes,No,No,No internet service,No internet service,No internet service,No internet service,No internet service,No internet service,Two year,Yes,Electronic check,21.94,746.03,0
CUST-04848,Female,0,No,No,34,Yes,No,DSL,No,No,No,No,No,Yes,Two year,Yes,Credit card (automatic),52.05,1777.24,0
CUST-04849,Female,0,Yes,Yes,15,No,No phone service,Fiber optic,No,Yes,Yes,No,No,No,Month-to-month,No,Bank transfer (automatic),92.6,1373.47,1
CUST-04850,Male,0,Yes,Yes,24,Yes,No,Fiber optic,No,No,No,No,No,Yes,Two year,Yes,Mailed check,88.27,2203.77,0
CUST-04851,Female,0,Yes,Yes,11,Yes,No,No,No internet service,No internet service,No internet service,No internet service,No internet service,No internet service,Month-to-month,No,Electronic check,22.03,241.38,1
CUST-04852,Male,0,Yes,No,23,Yes,Yes,Fiber optic,Yes,Yes,Yes,No,Yes,No,Two year,No,Bank transfer (automatic),70.89,1598.8,0
CUST-04853,Male,0,Yes,Yes,43,Yes,No,Fiber optic,No,No,No,No,No,Yes,Month-to-month,No,Bank transfer (automatic),79.81,3266.85,1
CUST-04854,Female,0,Yes,Yes,26,Yes,Yes,DSL,No,No,No,No,Yes,Yes,Two year,No,Bank transfer (automatic),70.12,1846.27,0
CUST-04855,Female,0,Yes,No,17,No,No phone service,Fiber optic,No,No,No,Yes,No,Yes,One year,Yes,Bank transfer (automatic),61.72,1049.66,0
CUST-04856,Male,0,No,Yes,59,Yes,Yes,DSL,No,No,Yes,No,No,No,Month-to-month,Yes,Mailed check,42.49,2550.3,1
CUST-04857,Male,0,No,Yes,10,Yes,No,DSL,No,No,No,No,No,Yes,Month-to-month,No,Credit card (automatic),46.24,466.08,0
CUST-04858,Male,0,Yes,No,21,Yes,Yes,DSL,No,No,No,No,No,No,Two year,Yes,Electronic check,73.39,1581.18,0
CUST-04859,Female,0,Yes,No,72,Yes,Yes,DSL,Yes,Yes,Yes,No,No,No,Two year,No,Bank transfer (automatic),69.49,4809.53,0
CUST-04860,Female,0,No,No,72,Yes,Yes,Fiber optic,No,No,No,Yes,Yes,No,Month-to-month,No,Mailed check,74.69,5125.24,0
CUST-04861,Female,0,Yes,Yes,1,Yes,No,Fiber optic,Yes,No,No,No,Yes,No,Month-to-month,No,Credit card (automatic),81.65,80.07,1
CUST-04862,Female,0,Yes,No,24,Yes,Yes,DSL,No,No,No,Yes,No,No,Two year,No,Bank transfer (automatic),40.14,997.52,0
CUST-04863,Male,0,No,No,13,Yes,Yes,No,No internet service,No internet service,No internet service,No internet service,No internet service,No internet service,Month-to-month,Yes,Credit card (automatic),21.99,298.86,0
CUST-04864,Male,0,No,No,11,Yes,Yes,No,No internet service,No internet service,No internet service,No internet service,No internet service,No internet service,Month-to-month,Yes,Credit card (automatic),22.95,245.77,0
CUST-04865,Male,0,Yes,No,29,Yes,No,No,No internet service,No internet service,No internet service,No internet service,No internet service,No internet service,One year,Yes,Electronic check,20.58,587.88,0
CUST-04866,Male,0,Yes,No,18,Yes,Yes,Fiber optic,Yes,Yes,Yes,No,No,Yes,Month-to-month,No,Mailed check,85.42,1609.38,0
CUST-04867,Male,0,No,No,42,Yes,No,Fiber optic,No,Yes,No,Yes,No,Yes,Month-to-month,Yes,Credit card (automatic),78.46,3233.37,0
CUST-04868,Male,1,Yes,No,1,Yes,No,Fiber optic,No,No,No,No,No,No,Month-to-month,No,Credit card (automatic),92.97,94.12,1
CUST-04869,Female,0,No,No,72,Yes,No,Fiber optic,No,No,No,Yes,Yes,No,Two year,Yes,Electronic check,41.86,2934.58,0
CUST-04870,Female,1,Yes,No,26,Yes,Yes,DSL,No,Yes,No,No,Yes,Yes,Month-to-month,No,Mailed check,74.18,1998.09,0
CUST-04871,Male,0,Yes,No,36,Yes,No,Fiber optic,No,No,No,Yes,No,No,Month-to-month,Yes,Electronic check,92.26,3394.17,0
CUST-04872,Male,0,No,Yes,29,Yes,No,DSL,No,Yes,Yes,Yes,No,No,Month-to-month,Yes,Credit card (automatic),60.25,1689.24,0
CUST-04873,Female,0,No,No,72,Yes,No,Fiber optic,No,No,No,No,No,Yes,Month-to-month,No,Electronic check,71.77,5193.49,1
CUST-04874,Female,0,No,No,72,No,No phone service,Fiber optic,No,No,No,Yes,Yes,Yes,Month-to-month,Yes,Electronic check,98.51,7061.32,0
CUST-04875,Female,0,Yes,No,30,Yes,Yes,DSL,Yes,Yes,No,No,Yes,No,Month-to-month,Yes,Mailed check,35.33,1088.49,0
CUST-04876,Female,0,No,No,36,Yes,No,No,No internet service,No internet service,No internet service,No internet service,No internet service,No internet service,Month-to-month,No,Electronic check,22.74,837.14,0
CUST-04877,Male,0,No,Yes,30,Yes,No,DSL,No,No,No,No,No,No,Month-to-month,Yes,Credit card (automatic),77.3,2363.56,0
CUST-04878,Male,0,No,No,11,Yes,Yes,No,No internet service,No internet service,No internet service,No internet service,No internet service,No internet service,Month-to-month,Yes,Electronic check,22.21,249.39,1
CUST-04879,Male,0,No,No,6,Yes,No,Fiber optic,No,No,No,No,Yes,No,One year,No,Mailed check,45.85,285.94,1
CUST-04880,Male,1,Yes,Yes,16,Yes,No,Fiber optic,Yes,No,Yes,No,No,Yes,Two year,No,Electronic check,69.26,1138.27,0
CUST-04881,Male,1,Yes,Yes,36,Yes,Yes,DSL,Yes,No,Yes,Yes,No,Yes,One year,Yes,Credit card (automatic),68.62,2484.8,0
CUST-04882,Female,0,No,No,1,Yes,No,Fiber optic,No,Yes,Yes,Yes,No,No,One year,No,Mailed check,82.9,86.08,0
CUST-04883,Male,0,No,No,23,No,No phone service,Fiber optic,No,No,No,No,Yes,Yes,Two year,Yes,Electronic check,98.18,2224.74,1
CUST-04884,Female,1,Yes,No,16,Yes,No,No,No internet service,No internet service,No internet service,No internet service,No internet service,No internet service,Month-to-month,Yes,Electronic check,18.8,312.05,0
CUST-04885,Male,0,Yes,Yes,23,Yes,Yes,No,No internet service,No internet service,No internet service,No internet service,No internet service,No internet service,Month-to-month,Yes,Bank transfer (automatic),22.09,513.61,0
CUST-04886,Male,0,No,No,62,Yes,Yes,DSL,No,Yes,Yes,Yes,No,No,One year,Yes,Credit card (automatic),57.28,3664.41,0
CUST-04887,Male,0,No,No,1,Yes,Yes,Fiber optic,No,No,No,No,Yes,No,Month-to-month,Yes,Credit card (automatic),72.06,73.54,0
CUST-04888,Male,0,No,No,46,No,No phone service,Fiber optic,Yes,No,No,No,No,Yes,One year,No,Credit card (automatic),82.7,3722.66,0
CUST-04889,Male,0,Yes,No,35,Yes,Yes,Fiber optic,No,No,No,Yes,Yes,Yes,One year,Yes,Mailed check,58.0,2130.4,0
CUST-04890,Female,1,No,No,7,Yes,No,DSL,No,No,No,No,Yes,Yes,Two year,No,Credit card (automatic),53.05,363.31,0
CUST-04891,Female,0,Yes,Yes,42,Yes,No,No,No internet service,No internet service,No internet service,No internet service,No internet service,No internet service,Two year,Yes,Mailed check,21.09,889.56,0
CUST-04892,Female,0,Yes,No,21,Yes,No,No,No internet service,No internet service,No internet service,No internet service,No internet service,No internet service,Month-to-month,Yes,Mailed check,21.09,433.22,1
CUST-04893,Male,1,Yes,Yes,20,No,No phone service,Fiber optic,No,Yes,No,No,No,No,Month-to-month,Yes,Mailed check,82.5,1643.63,0
CUST-04894,Male,1,No,No,21,No,No phone service,No,No internet service,No internet service,No internet service,No internet service,No internet service,No internet service,Month-to-month,No,Electronic check,22.12,469.85,1
CUST-04895,Female,0,No,No,72,No,No phone service,DSL,Yes,No,Yes,Yes,No,Yes,Month-to-month,No,Electronic check,72.54,5076.14,0
CUST-04896,Male,0,No,No,72,Yes,Yes,DSL,No,No,No,No,No,No,One year,No,Credit card (automatic),45.69,3299.11,0
CUST-04897,Male,0,Yes,Yes,72,Yes,No,Fiber optic,No,No,No,Yes,No,Yes,Month-to-month,No,Credit card (automatic),77.77,5783.98,0
CUST-04898,Female,0,No,No,69,Yes,Yes,Fiber optic,No,Yes,No,No,Yes,No,Two year,Yes,Electronic check,81.27,5822.28,0
CUST-04899,Male,0,No,No,1,Yes,No,DSL,No,No,No,No,Yes,No,Month-to-month,Yes,Electronic check,45.43,44.47,0
CUST-04900,Female,0,No,No,16,Yes,No,DSL,Yes,No,No,No,No,No,Month-to-month,Yes,Credit card (automatic),27.27,421.3,1
CUST-04901,Male,1,No,Yes,72,Yes,No,No,No internet service,No internet service,No internet service,No internet service,No internet service,No internet service,Two year,Yes,Electronic check,21.76,1539.25,0
CUST-04902,Female,0,Yes,No,45,Yes,No,Fiber optic,No,No,No,No,No,Yes,One year,No,Credit card (automatic),61.62,2690.9,0
CUST-04903,Male,0,No,No,19,Yes,Yes,No,No internet service,No internet service,No internet service,No internet service,No internet service,No internet service,Month-to-month,Yes,Credit card (automatic),20.06,389.93,1
CUST-04904,Male,0,No,No,47,Yes,No,Fiber optic,Yes,No,No,Yes,Yes,No,One year,Yes,Credit card (automatic),39.07,1920.99,0
CUST-04905,Female,0,No,No,7,Yes,No,No,No internet service,No internet service,No internet service,No internet service,No internet service,No internet service,Month-to-month,Yes,Credit card (automatic),18.0,123.72,1
CUST-04906,Male,0,No,Yes,29,Yes,No,No,No internet service,No internet service,No internet service,No internet service,No internet service,No internet service,Two year,Yes,Credit card (automatic),19.87,565.5,0
CUST-04907,Male,1,Yes,Yes,24,No,No phone service,DSL,Yes,No,No,No,No,No,Month-to-month,No,Credit card (automatic),83.5,2045.41,1
CUST-04908,Female,0,No,No,27,Yes,No,Fiber optic,No,No,Yes,Yes,No,No,Month-to-month,No,Credit card (automatic),39.67,1090.79,1
CUST-04909,Male,0,No,No,40,Yes,No,DSL,Yes,Yes,No,Yes,No,No,Month-to-month,Yes,Bank transfer (automatic),49.36,1961.93,0
CUST-04910,Female,0,Yes,Yes,72,Yes,Yes,DSL,No,No,Yes,Yes,No,Yes,Two year,No,Electronic check,53.65,3790.78,0
CUST-04911,Male,0,No,No,9,Yes,No,No,No internet service,No internet service,No internet service,No internet service,No internet service,No internet service,Month-to-month,Yes,Bank transfer (automatic),21.88,196.55,1
CUST-04912,Male,0,Yes,Yes,45,Yes,No,No,No internet service,No internet service,No internet service,No internet service,No internet service,No internet service,Two year,Yes,Credit card (automatic),24.69,1133.54,0
CUST-04913,Male,0,Yes,No,33,Yes,No,DSL,No,Yes,Yes,No,No,Yes,One year,No,Credit card (automatic),38.57,1262.08,0
CUST-04914,Male,0,No,No,38,Yes,No,DSL,No,No,No,Yes,Yes,Yes,Month-to-month,Yes,Bank transfer (automatic),76.84,3027.81,0
CUST-04915,Female,0,No,Yes,17,Yes,Yes,Fiber optic,No,Yes,Yes,No,Yes,No,Month-to-month,Yes,Bank transfer (automatic),99.93,1727.77,0
CUST-04916,Male,0,Yes,Yes,72,Yes,No,DSL,Yes,No,Yes,Yes,No,Yes,Two year,No,Credit card (automatic),70.76,5173.51,0
CUST-04917,Female,0,Yes,Yes,20,Yes,Yes,DSL,No,No,No,No,No,No,One year,Yes,Electronic check,64.88,1323.56,0
CUST-04918,Male,0,Yes,Yes,4,Yes,Yes,No,No internet service,No internet service,No internet service,No internet service,No internet service,No internet service,Month-to-month,Yes,Electronic check,25.36,105.67,1
CUST-04919,Male,0,Yes,Yes,36,Yes,Yes,Fiber optic,Yes,No,Yes,No,Yes,No,Month-to-month,No,Electronic check,69.35,2464.61,1
CUST-04920,Male,0,Yes,Yes,4,Yes,No,Fiber optic,No,No,No,No,No,Yes,One year,No,Credit card (automatic),84.19,335.68,0
CUST-04921,Male,0,Yes,No,12,Yes,Yes,DSL,No,Yes,No,Yes,No,No,Month-to-month,No,Electronic check,78.53,902.75,0
CUST-04922,Female,0,Yes,No,8,Yes,Yes,Fiber optic,No,Yes,No,No,No,No,One year,No,Electronic check,84.92,664.36,1
CUST-04923,Female,0,No,No,24,Yes,Yes,Fiber optic,No,No,No,Yes,No,Yes,One year,Yes,Electronic check,94.3,2220.95,0
CUST-04924,Female,0,No,No,13,Yes,No,DSL,No,No,No,No,Yes,No,Month-to-month,Yes,Mailed check,62.49,852.29,0
CUST-04925,Female,1,No,No,5,Yes,No,No,No internet service,No internet service,No internet service,No internet service,No internet service,No internet service,Two year,No,Credit card (automatic),20.11,99.65,0
CUST-04926,Male,0,No,No,50,Yes,Yes,Fiber optic,No,No,No,No,No,No,Two year,No,Mailed check,75.8,3671.76,0
CUST-04927,Female,0,Yes,No,20,Yes,No,Fiber optic,No,Yes,No,No,Yes,No,Month-to-month,Yes,Electronic check,88.78,1853.28,1
CUST-04928,Female,0,No,No,19,Yes,No,Fiber optic,No,No,Yes,No,No,No,Month-to-month,No,Bank transfer (automatic),83.84,1583.4,1
CUST-04929,Male,1,No,No,69,Yes,No,DSL,Yes,No,Yes,No,Yes,Yes,One year,Yes,Bank transfer (automatic),71.99,4851.41,1
CUST-04930,Male,0,Yes,No,24,Yes,Yes,No,No internet service,No internet service,No internet service,No internet service,No internet service,No internet service,Month-to-month,Yes,Mailed check,23.96,596.36,0
CUST-04931,Male,0,Yes,No,39,Yes,No,No,No internet service,No internet service,No internet service,No internet service,No internet service,No internet service,Two year,Yes,Credit card (automatic),25.85,1016.2,0
CUST-04932,Male,1,Yes,No,12,Yes,No,Fiber optic,No,No,Yes,No,Yes,No,Month-to-month,No,Mailed check,84.18,1023.73,0
CUST-04933,Female,1,No,Yes,26,Yes,Yes,Fiber optic,No,No,Yes,No,Yes,Yes,Two year,Yes,Bank transfer (automatic),92.77,2360.2,0
CUST-04934,Female,0,Yes,No,41,Yes,Yes,Fiber optic,Yes,Yes,Yes,No,No,Yes,One year,No,Electronic check,100.3,4183.49,0
CUST-04935,Male,0,No,No,11,No,No phone service,No,No internet service,No internet service,No internet service,No internet service,No internet service,No internet service,Month-to-month,Yes,Mailed check,18.0,204.78,0
CUST-04936,Male,1,Yes,Yes,37,Yes,Yes,Fiber optic,No,Yes,No,Yes,No,No,Month-to-month,Yes,Electronic check,84.45,3165.4,1
CUST-04937,Male,0,Yes,No,26,Yes,No,Fiber optic,Yes,No,Yes,No,Yes,No,Month-to-month,Yes,Mailed check,98.03,2609.63,0
CUST-04938,Female,0,No,No,18,Yes,Yes,Fiber optic,Yes,No,No,No,Yes,No,Two year,Yes,Mailed check,58.86,1038.18,0
CUST-04939,Female,0,No,No,39,Yes,Yes,No,No internet service,No internet service,No internet service,No internet service,No internet service,No internet service,Two year,Yes,Electronic check,19.57,797.97,0
CUST-04940,Male,0,Yes,No,12,Yes,Yes,Fiber optic,No,No,Yes,No,Yes,No,One year,Yes,Credit card (automatic),64.02,785.87,1
CUST-04941,Male,0,No,No,40,Yes,No,DSL,No,No,No,Yes,No,Yes,Month-to-month,Yes,Mailed check,69.56,2706.02,0
CUST-04942,Female,0,Yes,Yes,25,Yes,No,No,No internet service,No internet service,No internet service,No internet service,No internet service,No internet service,Month-to-month,Yes,Credit card (automatic),20.98,511.15,0
CUST-04943,Male,1,No,No,9,Yes,No,Fiber optic,No,Yes,No,No,No,No,Month-to-month,Yes,Bank transfer (automatic),76.39,717.57,1
CUST-04944,Male,0,No,Yes,35,Yes,Yes,DSL,No,Yes,No,No,Yes,Yes,Month-to-month,Yes,Electronic check,73.64,2563.43,1
CUST-04945,Female,0,No,No,69,Yes,No,Fiber optic,No,No,No,No,No,No,Month-to-month,No,Bank transfer (automatic),67.94,4608.61,0
CUST-04946,Male,0,Yes,No,11,Yes,Yes,DSL,No,No,Yes,Yes,Yes,No,Month-to-month,No,Electronic check,63.69,698.37,1
CUST-04947,Female,1,Yes,No,53,Yes,Yes,Fiber optic,No,No,No,No,No,No,Two year,No,Credit card (automatic),82.33,4315.17,0
CUST-04948,Male,0,No,No,13,Yes,Yes,Fiber optic,No,No,No,Yes,Yes,No,Month-to-month,Yes,Credit card (automatic),62.07,824.13,1
CUST-04949,Male,0,Yes,No,55,Yes,No,DSL,No,Yes,No,No,Yes,No,One year,No,Bank transfer (automatic),78.06,4236.63,0
CUST-04950,Female,0,No,No,1,Yes,No,DSL,No,Yes,Yes,No,Yes,Yes,Month-to-month,No,Credit card (automatic),61.95,59.2,0
CUST-04951,Female,0,No,No,1,Yes,No,Fiber optic,No,Yes,No,Yes,No,No,Two year,Yes,Electronic check,41.14,39.15,0
CUST-04952,Male,1,Yes,No,3,Yes,Yes,No,No internet service,No internet service,No internet service,No internet service,No internet service,No internet service,One year,Yes,Mailed check,18.0,56.65,1
CUST-04953,Female,0,No,No,66,Yes,Yes,Fiber optic,No,Yes,Yes,No,No,Yes,One year,No,Mailed check,90.82,6110.24,0
CUST-04954,Male,0,Yes,No,24,Yes,No,DSL,No,No,Yes,Yes,Yes,Yes,Month-to-month,Yes,Electronic check,48.39,1131.14,0
CUST-04955,Male,0,No,No,28,No,No phone service,No,No internet service,No internet service,No internet service,No internet service,No internet service,No internet service,Two year,Yes,Credit card (automatic),18.69,532.07,0
CUST-04956,Female,0,No,No,59,Yes,No,DSL,No,Yes,No,No,No,No,Month-to-month,Yes,Mailed check,95.86,5875.09,0
CUST-04957,Male,0,No,No,1,Yes,No,No,No internet service,No internet service,No internet service,No internet service,No internet service,No internet service,Month-to-month,Yes,Mailed check,18.0,18.41,1
CUST-04958,Male,0,Yes,No,15,Yes,Yes,DSL,No,No,No,No,Yes,No,Two year,Yes,Bank transfer (automatic),56.07,859.07,0
CUST-04959,Female,0,No,No,32,Yes,No,No,No internet service,No internet service,No internet service,No internet service,No internet service,No internet service,Two year,No,Electronic check,29.03,944.56,0
CUST-04960,Female,0,No,No,16,Yes,Yes,Fiber optic,No,Yes,No,No,No,Yes,Month-to-month,Yes,Credit card (automatic),86.62,1423.78,1
CUST-04961,Male,0,Yes,Yes,1,Yes,Yes,Fiber optic,No,No,Yes,No,No,No,One year,Yes,Mailed check,100.88,100.74,1
CUST-04962,Female,0,Yes,No,33,Yes,No,DSL,No,Yes,No,No,No,No,Month-to-month,Yes,Electronic check,64.21,2049.87,1
CUST-04963,Female,0,Yes,No,15,Yes,No,No,No internet service,No internet service,No internet service,No internet service,No internet service,No internet service,One year,No,Electronic check,21.63,316.81,0
CUST-04964,Female,0,No,No,1,Yes,Yes,Fiber optic,No,No,Yes,No,No,No,One year,No,Electronic check,87.16,88.56,1
CUST-04965,Female,0,No,No,5,Yes,No,DSL,Yes,No,No,No,Yes,No,Month-to-month,Yes,Electronic check,44.99,217.67,1
CUST-04966,Male,0,No,No,7,No,No phone service,DSL,No,No,Yes,Yes,No,No,Two year,No,Electronic check,56.88,387.09,1
CUST-04967,Male,1,No,No,22,Yes,No,Fiber optic,Yes,No,No,No,No,Yes,Month-to-month,Yes,Credit card (automatic),76.3,1727.82,1
CUST-04968,Male,0,Yes,No,6,Yes,Yes,DSL,No,No,No,No,No,Yes,Two year,No,Mailed check,63.74,383.31,0
CUST-04969,Female,0,Yes,No,14,Yes,Yes,DSL,No,No,Yes,No,Yes,No,Two year,Yes,Bank transfer (automatic),54.13,723.53,0
CUST-04970,Female,1,Yes,No,44,Yes,Yes,Fiber optic,No,Yes,No,No,No,No,Month-to-month,No,Electronic check,81.54,3608.39,1
CUST-04971,Female,1,Yes,No,52,Yes,Yes,DSL,No,No,No,No,No,Yes,One year,No,Electronic check,18.0,915.7,0
CUST-04972,Female,1,No,No,50,No,No phone service,Fiber optic,No,Yes,Yes,Yes,No,Yes,Month-to-month,No,Electronic check,67.58,3315.61,1
CUST-04973,Female,0,No,No,38,No,No phone service,Fiber optic,Yes,Yes,No,No,No,Yes,Month-to-month,Yes,Bank transfer (automatic),81.49,2994.4,1
CUST-04974,Female,0,No,No,24,Yes,Yes,DSL,Yes,Yes,Yes,No,No,Yes,Two year,No,Mailed check,67.94,1578.38,1
CUST-04975,Female,0,Yes,Yes,25,Yes,Yes,Fiber optic,No,No,No,Yes,No,Yes,Month-to-month,Yes,Electronic check,87.19,2184.2,1
CUST-04976,Male,0,No,No,72,Yes,Yes,Fiber optic,No,No,No,No,Yes,No,Month-to-month,Yes,Bank transfer (automatic),70.27,5050.79,0
CUST-04977,Male,0,No,No,67,No,No phone service,Fiber optic,Yes,No,Yes,No,Yes,No,Two year,No,Electronic check,66.57,4457.44,0
CUST-04978,Female,1,No,No,33,Yes,Yes,No,No internet service,No internet service,No internet service,No internet service,No internet service,No internet service,Month-to-month,No,Mailed check,23.75,762.87,0
CUST-04979,Female,0,No,Yes,20,No,No phone service,Fiber optic,Yes,No,No,Yes,No,No,One year,Yes,Credit card (automatic),69.62,1406.4,1
CUST-04980,Female,0,Yes,Yes,41,Yes,Yes,Fiber optic,No,No,No,No,No,No,One year,Yes,Electronic check,67.65,2832.05,1
CUST-04981,Male,1,No,No,2,Yes,No,DSL,Yes,Yes,No,Yes,Yes,No,Two year,No,Credit card (automatic),43.46,90.76,0
CUST-04982,Male,0,No,No,72,Yes,No,No,No internet service,No internet service,No internet service,No internet service,No internet service,No internet service,Two year,No,Credit card (automatic),19.62,1471.69,0
CUST-04983,Female,0,No,No,25,Yes,No,Fiber optic,Yes,No,Yes,No,Yes,Yes,Month-to-month,Yes,Mailed check,46.56,1208.04,0
CUST-04984,Female,0,Yes,No,22,Yes,No,DSL,No,No,No,Yes,No,No,One year,No,Credit card (automatic),34.93,744.68,0
CUST-04985,Male,0,Yes,Yes,10,Yes,No,Fiber optic,No,No,No,No,No,No,Two year,No,Electronic check,96.43,1000.72,1
CUST-04986,Male,0,Yes,No,1,Yes,Yes,No,No internet service,No internet service,No internet service,No internet service,No internet service,No internet service,Two year,Yes,Electronic check,18.0,17.61,0
CUST-04987,Male,1,No,No,2,No,No phone service,Fiber optic,No,No,No,No,Yes,Yes,Month-to-month,Yes,Electronic check,56.68,111.01,1
CUST-04988,Male,1,No,No,9,Yes,Yes,DSL,No,No,No,No,No,No,One year,No,Mailed check,62.79,559.04,1
CUST-04989,Female,1,Yes,Yes,24,Yes,No,DSL,Yes,No,Yes,No,No,Yes,One year,Yes,Electronic check,84.18,1920.22,0
CUST-04990,Male,0,No,No,2,Yes,No,Fiber optic,No,No,No,No,Yes,No,Two year,No,Bank transfer (automatic),98.33,200.21,0
CUST-04991,Male,1,Yes,Yes,72,Yes,Yes,Fiber optic,No,Yes,No,No,No,No,Month-to-month,Yes,Electronic check,39.47,2841.26,1
CUST-04992,Female,0,Yes,Yes,16,Yes,Yes,Fiber optic,No,No,No,No,Yes,No,Month-to-month,No,Electronic check,76.85,1239.83,1
CUST-04993,Male,0,No,No,12,No,No phone service,No,No internet service,No internet service,No internet service,No internet service,No internet service,No internet service,Month-to-month,No,Electronic check,22.28,273.97,0
CUST-04994,Male,0,No,No,23,Yes,Yes,DSL,No,Yes,No,No,No,No,One year,No,Electronic check,75.0,1787.03,0
CUST-04995,Male,0,Yes,No,2,Yes,No,DSL,No,No,No,No,No,Yes,One year,Yes,Credit card (automatic),62.02,118.22,0
CUST-04996,Female,0,Yes,Yes,60,No,No phone service,DSL,No,No,Yes,No,Yes,No,One year,No,Bank transfer (automatic),71.27,4438.03,0
CUST-04997,Male,0,No,No,19,Yes,Yes,Fiber optic,No,No,Yes,No,No,No,Month-to-month,Yes,Bank transfer (automatic),80.14,1558.53,0
CUST-04998,Female,0,Yes,No,6,Yes,Yes,DSL,No,No,Yes,Yes,Yes,No,Month-to-month,Yes,Mailed check,40.69,249.75,0
CUST-04999,Female,0,No,No,5,No,No phone service,Fiber optic,No,No,No,Yes,Yes,No,Month-to-month,No,Bank transfer (automatic),80.27,383.2,1
CUST-05000,Male,0,No,No,14,Yes,Yes,No,No internet service,No internet service,No internet service,No internet service,No internet service,No internet service,Month-to-month,Yes,Electronic check,23.86,318.81,1
CUST-05001,Male,0,Yes,Yes,27,Yes,No,No,No internet service,No internet service,No internet service,No internet service,No internet service,No internet service,Month-to-month,Yes,Electronic check,23.68,615.16,0
CUST-05002,Male,0,Yes,Yes,17,Yes,No,DSL,No,No,Yes,No,No,Yes,Two year,Yes,Mailed check,69.95,1241.03,0
CUST-05003,Male,0,No,No,29,Yes,Yes,No,No internet service,No internet service,No internet service,No internet service,No internet service,No internet service,Month-to-month,No,Bank transfer (automatic),21.59,628.33,1
CUST-05004,Female,0,No,Yes,39,Yes,No,No,No internet service,No internet service,No internet service,No internet service,No internet service,No internet service,One year,Yes,Electronic check,25.22,948.45,0
CUST-05005,Male,0,No,No,44,Yes,No,No,No internet service,No internet service,No internet service,No internet service,No internet service,No internet service,Month-to-month,No,Bank transfer (automatic),22.9,957.58,0
CUST-05006,Male,0,Yes,No,16,Yes,Yes,No,No internet service,No internet service,No internet service,No internet service,No internet service,No internet service,Month-to-month,Yes,Credit card (automatic),19.71,307.66,0
CUST-05007,Male,0,No,Yes,40,Yes,No,DSL,No,No,Yes,No,No,Yes,Month-to-month,Yes,Mailed check,65.3,2721.92,0
CUST-05008,Female,1,Yes,No,4,Yes,No,Fiber optic,No,Yes,No,No,Yes,No,One year,Yes,Mailed check,73.07,300.2,1
CUST-05009,Male,0,No,No,23,Yes,Yes,Fiber optic,No,No,No,No,No,Yes,Month-to-month,Yes,Electronic check,57.1,1309.28,0
CUST-05010,Male,0,No,No,2,Yes,Yes,DSL,No,Yes,Yes,Yes,No,Yes,Month-to-month,No,Mailed check,55.03,110.51,1
CUST-05011,Female,0,Yes,No,8,Yes,Yes,DSL,No,No,No,Yes,No,Yes,Month-to-month,Yes,Mailed check,52.47,427.2,1
CUST-05012,Female,0,No,No,28,Yes,No,No,No internet service,No internet service,No internet service,No internet service,No internet service,No internet service,One year,Yes,Credit card (automatic),19.88,550.06,0
CUST-05013,Male,0,Yes,No,43,Yes,No,No,No internet service,No internet service,No internet service,No internet service,No internet service,No internet service,One year,No,Electronic check,18.07,763.66,0
CUST-05014,Male,0,No,No,3,Yes,No,DSL,No,Yes,Yes,No,No,No,Month-to-month,Yes,Electronic check,77.87,233.63,1
CUST-05015,Male,0,Yes,Yes,7,Yes,No,DSL,No,Yes,Yes,No,No,Yes,Two year,Yes,Credit card (automatic),58.57,394.27,0
CUST-05016,Male,1,No,Yes,72,Yes,Yes,No,No internet service,No internet service,No internet service,No internet service,No internet service,No internet service,Month-to-month,No,Bank transfer (automatic),18.35,1263.41,0
CUST-05017,Male,0,Yes,Yes,13,Yes,No,Fiber optic,No,No,No,No,No,Yes,Two year,Yes,Bank transfer (automatic),66.54,849.73,0
CUST-05018,Female,0,No,No,10,Yes,Yes,Fiber optic,No,Yes,No,Yes,No,No,Month-to-month,Yes,Credit card (automatic),90.0,904.17,1
CUST-05019,Female,0,No,No,2,Yes,No,Fiber optic,No,Yes,No,No,Yes,Yes,One year,Yes,Electronic check,61.42,122.11,0
CUST-05020,Male,0,No,No,37,Yes,No,DSL,No,No,No,Yes,Yes,No,Month-to-month,No,Mailed check,67.79,2586.29,0
CUST-05021,Male,1,No,Yes,22,Yes,No,Fiber optic,Yes,Yes,Yes,Yes,Yes,Yes,One year,Yes,Electronic check,49.99,1101.22,0
CUST-05022,Female,0,Yes,Yes,5,Yes,Yes,Fiber optic,No,No,Yes,No,No,No,Month-to-month,No,Bank transfer (automatic),74.33,380.54,1
CUST-05023,Male,0,Yes,Yes,32,No,No phone service,No,No internet service,No internet service,No internet service,No internet service,No internet service,No internet service,Month-to-month,Yes,Credit card (automatic),22.19,711.25,0
CUST-05024,Male,0,Yes,No,23,Yes,Yes,DSL,Yes,No,Yes,No,No,No,Month-to-month,No,Electronic check,55.5,1297.29,1
CUST-05025,Male,0,No,No,26,Yes,Yes,No,No internet service,No internet service,No internet service,No internet service,No internet service,No internet service,Month-to-month,Yes,Electronic check,20.01,530.85,1
CUST-05026,Male,1,Yes,No,72,Yes,No,No,No internet service,No internet service,No internet service,No internet service,No internet service,No internet service,One year,Yes,Credit card (automatic),24.26,1665.68,0
CUST-05027,Male,0,Yes,Yes,1,Yes,No,Fiber optic,No,No,No,No,No,No,Two year,No,Electronic check,59.91,60.39,0
CUST-05028,Female,1,Yes,No,72,Yes,No,Fiber optic,Yes,No,No,Yes,No,No,Month-to-month,No,Electronic check,62.97,4327.53,0
CUST-05029,Male,1,No,Yes,59,Yes,No,Fiber optic,No,Yes,Yes,No,No,No,Month-to-month,No,Electronic check,54.53,3091.49,1
CUST-05030,Male,0,Yes,Yes,17,Yes,No,Fiber optic,No,Yes,No,No,Yes,No,Month-to-month,Yes,Bank transfer (automatic),78.03,1325.23,1
CUST-05031,Male,0,Yes,No,68,Yes,No,Fiber optic,No,No,Yes,No,No,Yes,Month-to-month,Yes,Bank transfer (automatic),103.09,7105.55,1
CUST-05032,Female,0,Yes,Yes,33,Yes,No,DSL,No,Yes,No,No,No,No,Month-to-month,Yes,Bank transfer (automatic),33.8,1165.61,0
CUST-05033,Female,1,No,No,70,Yes,Yes,DSL,No,No,No,No,No,No,Month-to-month,No,Bank transfer (automatic),64.55,4634.76,0
CUST-05034,Female,0,No,No,28,Yes,No,Fiber optic,Yes,Yes,No,Yes,No,No,Month-to-month,Yes,Credit card (automatic),67.31,1917.88,1
CUST-05035,Female,0,Yes,No,7,Yes,Yes,DSL,No,Yes,No,Yes,No,No,Two year,No,Bank transfer (automatic),58.68,426.92,0
CUST-05036,Male,0,No,No,27,Yes,No,DSL,No,No,Yes,No,Yes,Yes,Two year,No,Mailed check,39.09,1095.03,0
CUST-05037,Female,0,Yes,No,6,Yes,No,DSL,No,Yes,No,No,Yes,No,Two year,No,Bank transfer (automatic),66.44,403.33,0
CUST-05038,Male,0,Yes,No,4,Yes,No,DSL,No,Yes,No,No,Yes,No,Two year,Yes,Bank transfer (automatic),53.9,207.74,1
CUST-05039,Male,0,Yes,No,33,No,No phone service,DSL,No,Yes,Yes,Yes,No,No,One year,Yes,Mailed check,67.68,2265.27,0
CUST-05040,Female,1,No,No,72,Yes,Yes,No,No internet service,No internet service,No internet service,No internet service,No internet service,No internet service,Month-to-month,Yes,Credit card (automatic),23.03,1667.62,0
CUST-05041,Female,0,No,Yes,28,Yes,No,No,No internet service,No internet service,No internet service,No internet service,No internet service,No internet service,One year,Yes,Bank transfer (automatic),21.02,578.1,0
CUST-05042,Female,0,Yes,No,50,Yes,Yes,DSL,No,Yes,No,No,No,No,One year,No,Electronic check,72.22,3439.01,0
CUST-05043,Female,0,No,No,5,Yes,Yes,DSL,No,Yes,No,Yes,Yes,Yes,Month-to-month,Yes,Electronic check,56.54,283.39,0
CUST-05044,Female,0,Yes,No,33,Yes,No,Fiber optic,No,No,Yes,No,Yes,Yes,One year,Yes,Electronic check,95.18,3120.47,0
CUST-05045,Male,0,No,No,42,Yes,No,DSL,No,No,Yes,No,No,Yes,One year,Yes,Mailed check,40.83,1631.04,0
CUST-05046,Female,0,No,No,1,Yes,Yes,Fiber optic,No,Yes,No,No,No,Yes,Month-to-month,Yes,Electronic check,75.71,75.74,1
CUST-05047,Female,0,No,No,3,Yes,Yes,No,No internet service,No internet service,No internet service,No internet service,No internet service,No internet service,Month-to-month,No,Credit card (automatic),24.08,70.99,1
CUST-05048,Female,1,No,Yes,48,Yes,No,Fiber optic,No,No,No,Yes,No,No,One year,Yes,Electronic check,96.98,4496.3,0
CUST-05049,Male,0,No,No,18,Yes,No,Fiber optic,No,No,No,No,No,Yes,Month-to-month,Yes,Mailed check,52.59,902.26,1
CUST-05050,Female,0,No,Yes,16,Yes,Yes,Fiber optic,Yes,Yes,No,Yes,No,No,Month-to-month,Yes,Electronic check,92.67,1464.05,1
CUST-05051,Male,0,No,No,72,Yes,Yes,DSL,No,Yes,No,No,No,No,Two year,Yes,Mailed check,56.52,3913.33,0
CUST-05052,Female,0,Yes,Yes,72,No,No phone service,DSL,Yes,No,No,Yes,No,No,Month-to-month,No,Mailed check,80.08,5944.96,0
CUST-05053,Female,1,Yes,Yes,46,Yes,Yes,DSL,No,No,Yes,No,No,No,Two year,Yes,Bank transfer (automatic),65.34,3092.33,0
CUST-05054,Male,0,Yes,No,50,Yes,Yes,No,No internet service,No internet service,No internet service,No internet service,No internet service,No internet service,One year,Yes,Bank transfer (automatic),18.0,902.24,0
CUST-05055,Female,0,No,No,7,Yes,Yes,DSL,No,Yes,No,No,No,Yes,Month-to-month,No,Credit card (automatic),70.4,483.44,0
CUST-05056,Male,0,Yes,No,6,Yes,Yes,No,No internet service,No internet service,No internet service,No internet service,No internet service,No internet service,Two year,Yes,Mailed check,18.94,111.04,0
CUST-05057,Male,0,No,No,72,Yes,No,Fiber optic,Yes,Yes,No,Yes,No,No,Month-to-month,Yes,Credit card (automatic),67.25,4639.92,0
CUST-05058,Male,0,No,No,38,Yes,Yes,Fiber optic,No,No,Yes,No,No,No,Two year,No,Bank transfer (automatic),84.54,3162.86,0
CUST-05059,Female,0,No,No,37,Yes,No,Fiber optic,No,No,No,No,No,No,One year,Yes,Bank transfer (automatic),60.48,2333.67,0
CUST-05060,Female,0,Yes,No,10,Yes,No,DSL,No,Yes,Yes,No,Yes,Yes,Two year,Yes,Bank transfer (automatic),52.94,555.18,0
CUST-05061,Female,0,No,No,69,Yes,Yes,No,No internet service,No internet service,No internet service,No internet service,No internet service,No internet service,Two year,Yes,Bank transfer (automatic),21.71,1432.15,0
CUST-05062,Male,0,Yes,Yes,1,Yes,No,Fiber optic,No,No,No,Yes,No,No,Month-to-month,Yes,Mailed check,72.29,70.01,1
CUST-05063,Female,0,No,No,10,Yes,No,No,No internet service,No internet service,No internet service,No internet service,No internet service,No internet service,Two year,No,Electronic check,21.67,215.39,0
CUST-05064,Male,0,No,No,6,Yes,No,Fiber optic,No,Yes,No,Yes,No,No,One year,Yes,Mailed check,83.19,514.78,1
CUST-05065,Female,0,Yes,No,39,Yes,Yes,DSL,Yes,No,No,No,No,No,Month-to-month,Yes,Electronic check,84.18,3283.43,0
CUST-05066,Male,0,No,No,40,Yes,No,DSL,No,No,No,No,No,No,Two year,No,Bank transfer (automatic),46.3,1765.87,0
CUST-05067,Male,0,Yes,No,24,Yes,No,DSL,No,Yes,Yes,No,Yes,No,Two year,Yes,Electronic check,55.75,1340.11,0
CUST-05068,Male,0,No,No,1,Yes,No,No,No internet service,No internet service,No internet service,No internet service,No internet service,No internet service,Month-to-month,No,Credit card (automatic),18.0,18.12,1
CUST-05069,Female,0,Yes,Yes,66,Yes,No,DSL,Yes,No,No,No,Yes,No,Two year,Yes,Electronic check,69.37,4592.02,0
CUST-05070,Male,0,No,No,72,Yes,Yes,Fiber optic,No,No,No,Yes,Yes,Yes,One year,Yes,Electronic check,88.95,6652.89,0
CUST-05071,Male,0,Yes,Yes,7,Yes,Yes,DSL,No,No,No,No,Yes,Yes,Month-to-month,No,Credit card (automatic),58.62,406.57,1
CUST-05072,Male,0,No,No,59,Yes,No,Fiber optic,Yes,No,No,No,Yes,No,Month-to-month,No,Mailed check,83.88,4756.12,0
CUST-05073,Male,0,Yes,No,72,Yes,No,Fiber optic,No,No,No,Yes,No,No,Two year,Yes,Mailed check,45.65,3287.7,0
CUST-05074,Male,1,Yes,Yes,12,Yes,Yes,No,No internet service,No internet service,No internet service,No internet service,No internet service,No internet service,Month-to-month,No,Credit card (automatic),18.0,210.05,0
CUST-05075,Male,0,No,No,6,Yes,No,Fiber optic,Yes,No,Yes,Yes,No,Yes,One year,No,Bank transfer (automatic),52.53,300.42,0
CUST-05076,Female,0,Yes,No,72,Yes,No,No,No internet service,No internet service,No internet service,No internet service,No internet service,No internet service,Two year,No,Mailed check,18.0,1318.38,0
CUST-05077,Female,0,No,No,1,Yes,Yes,No,No internet service,No internet service,No internet service,No internet service,No internet service,No internet service,Two year,No,Electronic check,18.0,17.94,0
CUST-05078,Male,0,Yes,No,10,Yes,Yes,Fiber optic,No,Yes,Yes,No,Yes,No,Month-to-month,No,Electronic check,69.09,673.72,0
CUST-05079,Female,0,Yes,No,43,Yes,No,No,No internet service,No internet service,No internet service,No internet service,No internet service,No internet service,Month-to-month,No,Bank transfer (automatic),18.0,738.91,0
CUST-05080,Female,0,No,No,30,Yes,No,Fiber optic,Yes,Yes,Yes,No,Yes,No,Month-to-month,Yes,Mailed check,77.53,2315.01,1
CUST-05081,Male,0,No,No,36,Yes,No,No,No internet service,No internet service,No internet service,No internet service,No internet service,No internet service,One year,Yes,Electronic check,21.55,749.23,1
CUST-05082,Male,1,No,No,39,Yes,Yes,Fiber optic,Yes,No,No,No,No,No,Two year,No,Electronic check,78.72,3080.88,0
CUST-05083,Male,0,No,No,37,Yes,No,DSL,No,No,Yes,No,No,Yes,Month-to-month,Yes,Credit card (automatic),71.7,2775.81,1
CUST-05084,Female,0,Yes,No,13,Yes,Yes,Fiber optic,No,Yes,Yes,No,No,No,Month-to-month,Yes,Bank transfer (automatic),101.49,1336.24,1
CUST-05085,Male,0,Yes,Yes,11,Yes,Yes,No,No internet service,No internet service,No internet service,No internet service,No internet service,No internet service,Two year,No,Credit card (automatic),20.63,223.25,0
CUST-05086,Female,0,Yes,No,17,Yes,No,Fiber optic,No,Yes,No,No,Yes,Yes,One year,Yes,Mailed check,74.77,1236.21,1
CUST-05087,Male,0,No,No,52,Yes,Yes,No,No internet service,No internet service,No internet service,No internet service,No internet service,No internet service,Month-to-month,Yes,Credit card (automatic),20.57,1052.77,0
CUST-05088,Female,0,No,No,72,Yes,Yes,No,No internet service,No internet service,No internet service,No internet service,No internet service,No internet service,Month-to-month,Yes,Mailed check,18.12,1322.18,0
CUST-05089,Male,0,Yes,Yes,19,No,No phone service,Fiber optic,No,No,Yes,No,Yes,No,Two year,Yes,Mailed check,57.16,1040.76,1
CUST-05090,Male,0,Yes,No,2,Yes,No,Fiber optic,No,No,No,No,Yes,No,Month-to-month,No,Electronic check,97.32,187.93,1
CUST-05091,Female,0,Yes,Yes,72,Yes,No,DSL,No,Yes,No,No,No,Yes,One year,Yes,Electronic check,64.34,4621.87,0
CUST-05092,Female,1,No,No,2,Yes,Yes,Fiber optic,No,No,No,Yes,Yes,No,One year,Yes,Credit card (automatic),73.46,153.64,1
CUST-05093,Female,0,No,No,5,Yes,No,Fiber optic,No,Yes,No,Yes,No,Yes,One year,Yes,Credit card (automatic),80.52,420.39,1
CUST-05094,Female,1,Yes,No,64,No,No phone service,Fiber optic,No,No,Yes,Yes,No,Yes,Month-to-month,No,Mailed check,65.55,3986.47,1
CUST-05095,Female,0,No,No,25,Yes,No,No,No internet service,No internet service,No internet service,No internet service,No internet service,No internet service,Month-to-month,Yes,Electronic check,18.0,452.76,0
CUST-05096,Female,0,Yes,No,13,Yes,No,DSL,No,Yes,No,Yes,No,Yes,One year,No,Credit card (automatic),120.0,1525.08,0
CUST-05097,Male,0,No,No,72,Yes,Yes,Fiber optic,Yes,No,Yes,No,No,Yes,Two year,No,Credit card (automatic),108.66,7465.58,0
CUST-05098,Female,0,No,No,72,Yes,Yes,Fiber optic,Yes,Yes,No,No,Yes,Yes,Two year,Yes,Electronic check,65.88,4840.9,0
CUST-05099,Male,1,Yes,No,12,Yes,No,DSL,No,Yes,Yes,No,No,No,One year,No,Electronic check,63.07,771.41,1
CUST-05100,Male,0,No,No,64,Yes,No,No,No internet service,No internet service,No internet service,No internet service,No internet service,No internet service,Month-to-month,No,Electronic check,18.0,1150.64,0
CUST-05101,Female,1,No,No,36,Yes,No,No,No internet service,No internet service,No internet service,No internet service,No internet service,No internet service,Month-to-month,No,Bank transfer (automatic),18.0,652.54,0
CUST-05102,Male,0,Yes,No,10,Yes,No,No,No internet service,No internet service,No internet service,No internet service,No internet service,No internet service,Month-to-month,Yes,Mailed check,26.04,253.44,0
CUST-05103,Female,0,No,No,72,No,No phone service,No,No internet service,No internet service,No internet service,No internet service,No internet service,No internet service,Two year,Yes,Electronic check,18.0,1301.3,0
CUST-05104,Female,0,Yes,No,2,Yes,No,Fiber optic,No,Yes,Yes,No,Yes,No,Month-to-month,No,Electronic check,72.26,137.52,1
CUST-05105,Male,0,No,No,12,Yes,No,No,No internet service,No internet service,No internet service,No internet service,No internet service,No internet service,Month-to-month,No,Credit card (automatic),20.74,252.96,0
CUST-05106,Male,0,Yes,Yes,16,Yes,Yes,DSL,No,No,No,Yes,Yes,No,One year,Yes,Bank transfer (automatic),56.99,867.98,0
CUST-05107,Female,0,Yes,No,37,No,No phone service,Fiber optic,No,Yes,No,No,Yes,Yes,One year,Yes,Credit card (automatic),80.36,2939.09,0
CUST-05108,Female,0,No,No,1,Yes,Yes,DSL,No,No,Yes,No,Yes,No,One year,No,Credit card (automatic),77.63,75.3,1
CUST-05109,Male,0,No,No,70,Yes,Yes,No,No internet service,No internet service,No internet service,No internet service,No internet service,No internet service,One year,No,Credit card (automatic),21.5,1521.44,0
CUST-05110,Male,1,Yes,Yes,34,Yes,No,DSL,No,No,Yes,No,No,No,Month-to-month,Yes,Electronic check,67.11,2211.05,0
CUST-05111,Male,0,No,Yes,10,No,No phone service,Fiber optic,Yes,No,Yes,No,Yes,Yes,Month-to-month,Yes,Electronic check,80.61,789.71,1
CUST-05112,Male,1,Yes,Yes,34,Yes,No,Fiber optic,No,No,No,No,Yes,No,Two year,No,Mailed check,24.98,877.85,0
CUST-05113,Female,0,Yes,No,24,Yes,Yes,Fiber optic,No,Yes,Yes,No,No,No,Two year,No,Bank transfer (automatic),58.82,1454.9,0
CUST-05114,Female,0,No,No,13,Yes,Yes,Fiber optic,No,Yes,No,Yes,Yes,No,Month-to-month,Yes,Bank transfer (automatic),55.48,706.08,1
CUST-05115,Female,1,Yes,Yes,1,Yes,Yes,Fiber optic,No,Yes,No,No,Yes,No,Month-to-month,Yes,Electronic check,75.91,73.28,1
CUST-05116,Female,0,Yes,Yes,25,Yes,No,DSL,No,No,Yes,No,Yes,No,Month-to-month,Yes,Electronic check,55.34,1370.9,1
CUST-05117,Male,1,No,No,2,Yes,Yes,DSL,No,No,No,Yes,Yes,Yes,One year,No,Mailed check,41.29,79.33,0
CUST-05118,Male,0,Yes,No,53,Yes,No,Fiber optic,No,No,No,No,Yes,Yes,One year,No,Electronic check,60.01,3267.61,0
CUST-05119,Female,0,No,No,2,Yes,No,DSL,No,No,No,No,Yes,No,Month-to-month,No,Credit card (automatic),70.5,135.2,0
CUST-05120,Female,0,Yes,No,17,No,No phone service,Fiber optic,No,No,No,Yes,No,Yes,Month-to-month,Yes,Credit card (automatic),47.64,793.96,1
CUST-05121,Female,0,No,No,18,Yes,No,Fiber optic,No,No,No,No,Yes,No,One year,Yes,Electronic check,63.87,1193.72,0
CUST-05122,Female,0,Yes,No,25,Yes,Yes,Fiber optic,No,No,No,No,No,No,Two year,No,Bank transfer (automatic),82.84,2011.47,1
CUST-05123,Female,0,Yes,No,1,Yes,Yes,Fiber optic,Yes,No,No,No,No,Yes,Month-to-month,Yes,Electronic check,80.05,78.97,1
CUST-05124,Female,0,No,No,7,Yes,Yes,Fiber optic,No,No,Yes,No,Yes,Yes,One year,No,Bank transfer (automatic),73.14,517.94,0
CUST-05125,Female,1,No,No,7,No,No phone service,No,No internet service,No internet service,No internet service,No internet service,No internet service,No internet service,Month-to-month,No,Bank transfer (automatic),18.0,121.34,1
CUST-05126,Female,0,No,No,29,Yes,No,DSL,Yes,Yes,No,Yes,Yes,No,Month-to-month,Yes,Electronic check,61.0,1827.63,0
CUST-05127,Female,0,Yes,No,9,Yes,Yes,Fiber optic,No,Yes,No,No,No,No,Two year,No,Bank transfer (automatic),85.58,800.49,1
CUST-05128,Male,0,No,No,4,Yes,No,Fiber optic,No,No,Yes,No,No,No,One year,No,Credit card (automatic),96.34,396.42,0
CUST-05129,Female,0,Yes,No,1,Yes,No,Fiber optic,Yes,Yes,No,No,Yes,Yes,Month-to-month,Yes,Electronic check,93.75,94.85,1
CUST-05130,Male,1,No,No,58,Yes,Yes,Fiber optic,No,No,No,No,Yes,Yes,One year,Yes,Electronic check,76.22,4504.92,0
CUST-05131,Male,0,No,No,72,Yes,No,No,No internet service,No internet service,No internet service,No internet service,No internet service,No internet service,Two year,No,Mailed check,18.0,1351.81,0
CUST-05132,Female,0,Yes,No,38,No,No phone service,DSL,No,No,No,No,No,No,One year,Yes,Mailed check,66.34,2597.96,1
CUST-05133,Female,0,No,No,17,Yes,No,Fiber optic,No,No,No,No,No,No,Two year,Yes,Credit card (automatic),78.65,1393.7,0
CUST-05134,Male,0,Yes,No,4,Yes,No,DSL,No,No,No,Yes,Yes,No,Month-to-month,No,Mailed check,39.4,164.44,0
CUST-05135,Male,1,No,No,20,No,No phone service,Fiber optic,No,No,No,No,No,No,Two year,Yes,Mailed check,100.73,2031.15,0
CUST-05136,Female,0,No,No,19,Yes,No,DSL,Yes,No,No,No,Yes,Yes,Month-to-month,No,Bank transfer (automatic),52.75,972.9,0
CUST-05137,Male,1,Yes,Yes,17,Yes,Yes,Fiber optic,No,Yes,No,No,No,No,Month-to-month,Yes,Electronic check,81.43,1353.59,1
CUST-05138,Female,0,No,No,15,Yes,Yes,Fiber optic,No,No,No,Yes,No,No,Month-to-month,Yes,Electronic check,72.53,1135.78,1
CUST-05139,Female,1,Yes,Yes,21,Yes,Yes,Fiber optic,No,Yes,No,No,No,No,One year,Yes,Mailed check,63.33,1356.52,0
CUST-05140,Female,0,No,No,2,No,No phone service,DSL,No,No,Yes,Yes,No,Yes,Month-to-month,No,Electronic check,50.23,98.47,1
CUST-05141,Male,1,Yes,No,1,Yes,No,DSL,Yes,No,No,No,No,No,Month-to-month,Yes,Credit card (automatic),54.15,56.14,1
CUST-05142,Male,1,No,No,2,Yes,Yes,Fiber optic,No,Yes,No,No,No,No,One year,No,Bank transfer (automatic),75.75,158.15,0
CUST-05143,Female,1,Yes,No,7,No,No phone service,Fiber optic,Yes,No,Yes,No,No,Yes,One year,Yes,Bank transfer (automatic),51.42,368.91,0
CUST-05144,Male,0,Yes,Yes,10,Yes,No,Fiber optic,No,No,No,No,No,Yes,One year,No,Electronic check,73.51,710.12,0
CUST-05145,Male,0,No,No,5,Yes,No,No,No internet service,No internet service,No internet service,No internet service,No internet service,No internet service,One year,Yes,Mailed check,19.98,95.63,0
CUST-05146,Male,0,Yes,Yes,9,Yes,No,Fiber optic,Yes,Yes,No,No,Yes,No,Two year,Yes,Electronic check,76.16,666.0,0
CUST-05147,Male,0,Yes,No,6,Yes,Yes,No,No internet service,No internet service,No internet service,No internet service,No internet service,No internet service,Two year,No,Electronic check,23.33,145.74,0
CUST-05148,Male,0,No,No,5,No,No phone service,Fiber optic,No,Yes,No,No,No,No,Month-to-month,No,Mailed check,74.09,364.9,1
CUST-05149,Male,0,No,No,11,Yes,No,Fiber optic,No,Yes,No,Yes,No,Yes,Two year,Yes,Electronic check,62.06,704.49,0
CUST-05150,Male,0,No,No,16,Yes,Yes,DSL,No,Yes,No,Yes,Yes,Yes,Month-to-month,No,Credit card (automatic),65.64,1092.15,0
CUST-05151,Female,0,Yes,Yes,43,Yes,Yes,Fiber optic,No,No,No,No,No,Yes,One year,Yes,Credit card (automatic),84.45,3460.56,1
CUST-05152,Male,0,No,No,72,Yes,Yes,No,No internet service,No internet service,No internet service,No internet service,No internet service,No internet service,Two year,Yes,Electronic check,22.62,1695.29,0
CUST-05153,Male,0,Yes,Yes,72,Yes,No,Fiber optic,No,No,Yes,No,Yes,No,One year,No,Bank transfer (automatic),64.92,4726.66,0
CUST-05154,Male,0,No,No,20,Yes,Yes,DSL,No,No,No,No,No,No,Two year,No,Electronic check,50.26,1014.58,0
CUST-05155,Male,0,No,No,19,Yes,No,DSL,No,No,Yes,No,No,Yes,Two year,No,Bank transfer (automatic),34.59,645.12,0
CUST-05156,Male,0,No,No,4,Yes,Yes,Fiber optic,No,No,No,No,Yes,No,Two year,Yes,Electronic check,87.33,334.94,0
CUST-05157,Male,0,Yes,No,72,Yes,Yes,DSL,No,Yes,No,No,Yes,Yes,Month-to-month,No,Credit card (automatic),28.19,2074.91,0
CUST-05158,Male,1,No,Yes,45,Yes,Yes,DSL,No,No,Yes,No,No,No,Two year,No,Credit card (automatic),54.77,2405.8,0
CUST-05159,Male,1,No,No,60,Yes,Yes,No,No internet service,No internet service,No internet service,No internet service,No internet service,No internet service,Month-to-month,Yes,Bank transfer (automatic),19.06,1140.33,0
CUST-05160,Female,1,No,Yes,8,Yes,No,DSL,No,Yes,No,No,No,No,Month-to-month,Yes,Electronic check,58.56,457.17,1
CUST-05161,Male,1,Yes,No,16,No,No phone service,No,No internet service,No internet service,No internet service,No internet service,No internet service,No internet service,Two year,Yes,Bank transfer (automatic),19.94,318.24,0
CUST-05162,Male,0,No,No,3,Yes,Yes,DSL,No,Yes,No,Yes,No,No,Two year,Yes,Mailed check,52.39,155.83,0
CUST-05163,Male,0,No,Yes,72,Yes,No,DSL,No,No,Yes,Yes,Yes,No,Month-to-month,No,Bank transfer (automatic),62.88,4559.47,0
CUST-05164,Male,0,Yes,Yes,10,Yes,Yes,No,No internet service,No internet service,No internet service,No internet service,No internet service,No internet service,Two year,Yes,Bank transfer (automatic),21.65,219.1,0
CUST-05165,Female,0,Yes,Yes,29,Yes,No,DSL,No,No,No,No,Yes,Yes,Two year,Yes,Mailed check,48.23,1380.34,0
CUST-05166,Female,0,Yes,No,5,Yes,No,DSL,No,No,No,No,No,Yes,Two year,Yes,Electronic check,62.09,316.39,0
CUST-05167,Female,0,Yes,No,51,Yes,Yes,Fiber optic,No,No,Yes,No,No,No,Month-to-month,Yes,Mailed check,67.18,3439.51,0
CUST-05168,Female,0,Yes,Yes,6,Yes,No,No,No internet service,No internet service,No internet service,No internet service,No internet service,No internet service,Two year,No,Mailed check,18.26,106.66,0
CUST-05169,Female,0,Yes,No,53,Yes,No,Fiber optic,No,No,Yes,No,Yes,Yes,One year,Yes,Mailed check,78.81,4022.28,0
CUST-05170,Female,0,No,No,16,Yes,Yes,No,No internet service,No internet service,No internet service,No internet service,No internet service,No internet service,Month-to-month,Yes,Credit card (automatic),22.37,352.21,0
CUST-05171,Female,0,No,No,27,Yes,No,No,No internet service,No internet service,No internet service,No internet service,No internet service,No internet service,Two year,No,Electronic check,21.72,610.47,0
CUST-05172,Female,0,Yes,Yes,10,Yes,No,DSL,Yes,No,Yes,Yes,No,No,Month-to-month,No,Mailed check,42.19,420.01,1
CUST-05173,Female,0,No,No,68,Yes,No,DSL,No,No,Yes,No,No,No,Month-to-month,No,Electronic check,54.17,3772.07,0
CUST-05174,Female,0,No,Yes,45,Yes,No,DSL,Yes,No,Yes,Yes,Yes,No,Month-to-month,Yes,Bank transfer (automatic),68.1,3134.36,0
CUST-05175,Female,0,Yes,No,13,Yes,No,No,No internet service,No internet service,No internet service,No internet service,No internet service,No internet service,Month-to-month,Yes,Electronic check,18.01,244.54,0
CUST-05176,Female,1,Yes,Yes,28,Yes,Yes,Fiber optic,Yes,No,No,No,No,No,One year,No,Electronic check,99.07,2659.07,0
CUST-05177,Female,0,No,No,4,Yes,Yes,No,No internet service,No internet service,No internet service,No internet service,No internet service,No internet service,Two year,No,Bank transfer (automatic),18.16,74.21,1
CUST-05178,Female,0,No,No,5,Yes,No,DSL,No,No,Yes,No,No,No,Two year,Yes,Credit card (automatic),44.62,229.59,0
CUST-05179,Female,0,No,No,24,No,No phone service,Fiber optic,Yes,No,Yes,No,Yes,No,Month-to-month,Yes,Mailed check,80.16,1996.94,1
CUST-05180,Female,0,No,No,32,Yes,Yes,DSL,No,No,No,No,Yes,No,Month-to-month,No,Electronic check,69.67,2234.96,0
CUST-05181,Male,0,Yes,No,26,Yes,Yes,No,No internet service,No internet service,No internet service,No internet service,No internet service,No internet service,Month-to-month,No,Electronic check,18.0,450.42,0
CUST-05182,Female,0,No,No,26,Yes,Yes,DSL,Yes,No,No,No,Yes,No,Month-to-month,No,Bank transfer (automatic),48.58,1208.92,0
CUST-05183,Male,0,Yes,Yes,43,Yes,Yes,No,No internet service,No internet service,No internet service,No internet service,No internet service,No internet service,Two year,No,Electronic check,21.71,896.08,0
CUST-05184,Female,1,Yes,No,72,Yes,No,DSL,No,No,No,Yes,No,No,Month-to-month,Yes,Bank transfer (automatic),58.75,4107.88,0
CUST-05185,Female,1,Yes,No,15,No,No phone service,No,No internet service,No internet service,No internet service,No internet service,No internet service,No internet service,Month-to-month,No,Electronic check,18.9,271.12,1
CUST-05186,Male,0,Yes,Yes,24,Yes,No,Fiber optic,Yes,Yes,No,Yes,Yes,No,Two year,No,Electronic check,106.1,2498.87,0
CUST-05187,Female,0,No,Yes,71,Yes,No,Fiber optic,No,Yes,Yes,No,No,No,One year,Yes,Mailed check,60.25,4365.23,0
CUST-05188,Male,0,No,No,19,Yes,No,DSL,No,No,No,Yes,Yes,No,Month-to-month,Yes,Credit card (automatic),40.01,770.72,1
CUST-05189,Male,0,No,No,18,Yes,Yes,DSL,No,No,Yes,Yes,No,Yes,Two year,No,Electronic check,60.49,1118.46,0
CUST-05190,Male,0,Yes,No,46,Yes,No,DSL,No,No,Yes,No,No,No,Month-to-month,No,Electronic check,64.7,2951.63,0
CUST-05191,Female,0,No,Yes,67,Yes,Yes,Fiber optic,No,No,No,No,No,Yes,Two year,Yes,Electronic check,85.6,5926.86,0
CUST-05192,Female,0,No,No,42,Yes,No,Fiber optic,No,Yes,No,No,No,No,Month-to-month,Yes,Bank transfer (automatic),53.35,2258.94,0
CUST-05193,Female,1,Yes,No,3,Yes,Yes,DSL,Yes,Yes,No,Yes,No,No,One year,Yes,Mailed check,68.62,202.75,1
CUST-05194,Male,0,No,Yes,20,Yes,No,Fiber optic,Yes,No,No,Yes,Yes,Yes,Month-to-month,No,Electronic check,76.61,1465.4,1
CUST-05195,Male,0,No,No,7,Yes,No,DSL,No,No,No,Yes,Yes,No,Month-to-month,Yes,Electronic check,77.97,531.57,0
CUST-05196,Female,0,Yes,No,12,Yes,Yes,No,No internet service,No internet service,No internet service,No internet service,No internet service,No internet service,One year,No,Electronic check,18.0,214.19,0
CUST-05197,Female,1,No,No,20,Yes,Yes,No,No internet service,No internet service,No internet service,No internet service,No internet service,No internet service,Month-to-month,Yes,Mailed check,21.13,415.34,0
CUST-05198,Female,0,No,No,8,No,No phone service,No,No internet service,No internet service,No internet service,No internet service,No internet service,No internet service,Month-to-month,Yes,Electronic check,21.05,164.53,0
CUST-05199,Female,0,No,Yes,23,Yes,No,Fiber optic,No,No,No,No,No,Yes,Month-to-month,Yes,Mailed check,104.28,2323.66,1
CUST-05200,Female,0,No,No,32,Yes,Yes,DSL,No,No,No,No,Yes,No,Month-to-month,No,Electronic check,55.87,1825.89,1
CUST-05201,Male,0,Yes,Yes,66,Yes,No,Fiber optic,No,No,Yes,No,No,No,One year,Yes,Credit card (automatic),68.02,4481.5,0
CUST-05202,Male,1,No,No,7,No,No phone service,Fiber optic,No,No,No,No,No,No,One year,No,Mailed check,75.16,536.78,1
CUST-05203,Male,0,No,Yes,11,No,No phone service,DSL,Yes,Yes,No,Yes,No,Yes,Month-to-month,Yes,Electronic check,72.61,802.61,0
CUST-05204,Female,0,Yes,Yes,16,Yes,No,Fiber optic,Yes,No,Yes,No,No,No,Month-to-month,No,Credit card (automatic),52.99,825.91,1
CUST-05205,Male,0,Yes,No,8,Yes,No,DSL,No,Yes,No,Yes,No,No,Two year,No,Credit card (automatic),59.5,494.0,0
CUST-05206,Male,0,No,No,12,Yes,Yes,No,No internet service,No internet service,No internet service,No internet service,No internet service,No internet service,Month-to-month,Yes,Electronic check,20.02,229.32,1
CUST-05207,Male,0,Yes,No,68,No,No phone service,DSL,Yes,No,No,No,Yes,Yes,One year,Yes,Credit card (automatic),49.31,3466.38,0
CUST-05208,Male,0,No,No,4,Yes,No,No,No internet service,No internet service,No internet service,No internet service,No internet service,No internet service,Month-to-month,No,Credit card (automatic),26.6,108.8,0
CUST-05209,Male,0,No,Yes,18,No,No phone service,Fiber optic,No,Yes,Yes,Yes,No,No,Month-to-month,Yes,Mailed check,101.93,1918.85,0
CUST-05210,Female,0,Yes,Yes,11,No,No phone service,Fiber optic,Yes,Yes,Yes,No,No,Yes,One year,No,Electronic check,78.85,847.71,1
CUST-05211,Male,0,Yes,No,2,Yes,No,Fiber optic,No,No,No,No,No,Yes,Two year,Yes,Credit card (automatic),61.28,117.99,1
CUST-05212,Female,1,Yes,No,3,Yes,No,DSL,No,Yes,No,No,Yes,Yes,One year,No,Electronic check,48.12,146.28,1
CUST-05213,Female,0,No,No,49,Yes,No,Fiber optic,No,No,No,No,Yes,Yes,One year,Yes,Bank transfer (automatic),65.58,3252.89,0
CUST-05214,Female,0,No,No,61,Yes,Yes,DSL,No,No,Yes,No,No,Yes,Month-to-month,No,Mailed check,67.63,4261.37,0
CUST-05215,Female,0,No,No,43,Yes,No,No,No internet service,No internet service,No internet service,No internet service,No internet service,No internet service,Month-to-month,No,Bank transfer (automatic),18.42,787.03,0
CUST-05216,Female,0,Yes,No,24,Yes,No,No,No internet service,No internet service,No internet service,No internet service,No internet service,No internet service,Month-to-month,Yes,Bank transfer (automatic),18.0,436.21,0
CUST-05217,Male,0,No,No,47,Yes,No,Fiber optic,No,Yes,No,No,Yes,No,Month-to-month,No,Credit card (automatic),107.0,5087.61,1
CUST-05218,Male,0,No,No,5,Yes,No,Fiber optic,No,No,No,No,Yes,No,One year,No,Credit card (automatic),87.0,416.53,0
CUST-05219,Female,0,Yes,Yes,48,Yes,Yes,Fiber optic,No,No,Yes,No,No,Yes,Month-to-month,No,Bank transfer (automatic),64.89,3006.82,0
CUST-05220,Female,0,No,Yes,17,Yes,No,No,No internet service,No internet service,No internet service,No internet service,No internet service,No internet service,One year,No,Electronic check,18.0,300.65,0
CUST-05221,Female,0,Yes,No,44,Yes,Yes,Fiber optic,Yes,No,No,Yes,No,Yes,Month-to-month,Yes,Electronic check,117.37,4963.97,1
CUST-05222,Male,0,No,No,8,Yes,Yes,No,No internet service,No internet service,No internet service,No internet service,No internet service,No internet service,Two year,Yes,Mailed check,22.24,177.41,0
CUST-05223,Female,0,Yes,No,57,No,No phone service,DSL,Yes,Yes,No,Yes,No,No,Month-to-month,Yes,Credit card (automatic),68.76,4103.58,1
CUST-05224,Male,0,Yes,Yes,26,Yes,Yes,No,No internet service,No internet service,No internet service,No internet service,No internet service,No internet service,One year,Yes,Mailed check,25.41,660.88,1
CUST-05225,Female,0,No,No,1,Yes,No,Fiber optic,No,No,No,Yes,No,No,One year,Yes,Bank transfer (automatic),36.79,38.35,1
CUST-05226,Male,0,No,No,23,Yes,No,DSL,No,Yes,No,No,Yes,Yes,One year,Yes,Electronic check,65.58,1452.39,0
CUST-05227,Female,1,Yes,No,11,Yes,Yes,DSL,Yes,Yes,Yes,No,No,Yes,Month-to-month,Yes,Mailed check,58.21,623.93,1
CUST-05228,Male,0,No,No,1,Yes,Yes,DSL,Yes,Yes,Yes,No,No,Yes,Month-to-month,Yes,Electronic check,61.8,61.72,0
CUST-05229,Female,0,No,No,18,Yes,Yes,No,No internet service,No internet service,No internet service,No internet service,No internet service,No internet service,One year,Yes,Credit card (automatic),19.46,351.1,0
CUST-05230,Male,0,Yes,Yes,11,Yes,No,DSL,No,No,Yes,No,No,No,Two year,No,Credit card (automatic),54.81,610.74,0
CUST-05231,Male,0,No,No,7,Yes,No,No,No internet service,No internet service,No internet service,No internet service,No internet service,No internet service,One year,No,Electronic check,21.35,145.28,0
CUST-05232,Male,0,No,No,13,Yes,No,Fiber optic,Yes,Yes,No,Yes,No,No,Month-to-month,Yes,Mailed check,37.94,479.36,0
CUST-05233,Male,0,No,No,6,Yes,Yes,No,No internet service,No internet service,No internet service,No internet service,No internet service,No internet service,Month-to-month,Yes,Electronic check,18.0,110.25,0
CUST-05234,Male,0,Yes,Yes,11,Yes,No,Fiber optic,Yes,No,No,No,No,Yes,One year,Yes,Bank transfer (automatic),82.67,926.73,0
CUST-05235,Male,0,No,Yes,3,Yes,No,DSL,No,No,No,No,No,No,Two year,Yes,Electronic check,62.26,193.54,1
CUST-05236,Male,0,No,No,2,Yes,Yes,DSL,Yes,No,No,Yes,No,No,Month-to-month,No,Credit card (automatic),63.74,123.19,1
CUST-05237,Female,0,No,No,72,Yes,No,No,No internet service,No internet service,No internet service,No internet service,No internet service,No internet service,Two year,No,Electronic check,18.0,1332.63,0
CUST-05238,Female,0,Yes,Yes,72,Yes,Yes,Fiber optic,No,Yes,No,No,No,No,Month-to-month,Yes,Bank transfer (automatic),56.45,4071.61,0
CUST-05239,Female,0,No,No,56,No,No phone service,DSL,Yes,No,No,No,No,No,Two year,No,Bank transfer (automatic),57.1,3139.49,0
CUST-05240,Female,0,Yes,Yes,8,No,No phone service,Fiber optic,Yes,No,Yes,No,Yes,Yes,One year,No,Electronic check,48.06,399.39,0
CUST-05241,Female,0,No,No,41,No,No phone service,No,No internet service,No internet service,No internet service,No internet service,No internet service,No internet service,Month-to-month,No,Electronic check,20.87,870.35,0
CUST-05242,Male,0,No,No,28,Yes,No,No,No internet service,No internet service,No internet service,No internet service,No internet service,No internet service,Month-to-month,Yes,Electronic check,18.0,510.58,0
CUST-05243,Male,0,Yes,Yes,1,Yes,No,DSL,No,No,Yes,No,Yes,No,One year,Yes,Mailed check,71.37,72.08,0
CUST-05244,Male,0,Yes,Yes,72,Yes,No,Fiber optic,Yes,No,No,No,No,No,One year,Yes,Credit card (automatic),75.18,5528.08,0
CUST-05245,Male,0,No,No,72,Yes,Yes,DSL,No,No,No,Yes,Yes,Yes,One year,Yes,Mailed check,37.32,2721.25,0
CUST-05246,Male,0,No,No,39,Yes,No,No,No internet service,No internet service,No internet service,No internet service,No internet service,No internet service,Month-to-month,Yes,Electronic check,19.43,791.62,0
CUST-05247,Female,0,Yes,Yes,8,Yes,No,Fiber optic,No,No,No,Yes,Yes,Yes,One year,Yes,Electronic check,103.03,818.43,0
CUST-05248,Female,1,No,No,25,Yes,Yes,No,No internet service,No internet service,No internet service,No internet service,No internet service,No internet service,Two year,Yes,Electronic check,22.55,588.97,0
CUST-05249,Female,1,No,No,3,Yes,No,Fiber optic,No,No,Yes,No,No,No,Two year,No,Mailed check,54.63,165.92,0
CUST-05250,Female,0,No,No,11,No,No phone service,No,No internet service,No internet service,No internet service,No internet service,No internet service,No internet service,Month-to-month,Yes,Electronic check,18.0,191.9,0
CUST-05251,Male,0,No,No,40,No,No phone service,No,No internet service,No internet service,No internet service,No internet service,No internet service,No internet service,Month-to-month,Yes,Electronic check,26.19,1029.33,0
CUST-05252,Male,0,Yes,Yes,11,Yes,Yes,DSL,No,Yes,No,No,Yes,No,Month-to-month,Yes,Electronic check,62.92,694.72,1
CUST-05253,Male,0,No,No,5,Yes,Yes,DSL,No,No,No,No,No,No,Month-to-month,Yes,Mailed check,54.1,259.68,1
CUST-05254,Female,0,Yes,Yes,1,Yes,No,DSL,No,Yes,No,No,Yes,Yes,Two year,Yes,Bank transfer (automatic),45.19,46.06,0
CUST-05255,Male,0,Yes,Yes,27,Yes,No,Fiber optic,No,No,Yes,No,Yes,No,Month-to-month,Yes,Bank transfer (automatic),98.22,2687.83,1
CUST-05256,Female,0,Yes,Yes,72,Yes,No,DSL,No,Yes,No,No,No,No,Month-to-month,Yes,Electronic check,65.02,4713.53,0
CUST-05257,Male,0,No,Yes,21,Yes,No,No,No internet service,No internet service,No internet service,No internet service,No internet service,No internet service,Two year,Yes,Electronic check,20.08,428.73,0
CUST-05258,Male,0,No,No,7,Yes,No,DSL,No,No,No,Yes,No,No,Month-to-month,No,Credit card (automatic),42.57,310.69,1
CUST-05259,Female,0,Yes,No,19,Yes,No,DSL,Yes,Yes,Yes,Yes,No,No,Two year,No,Electronic check,51.99,957.81,0
CUST-05260,Male,0,No,No,29,Yes,No,DSL,Yes,Yes,No,No,No,Yes,Month-to-month,No,Electronic check,80.58,2429.02,0
CUST-05261,Male,0,No,No,51,No,No phone service,Fiber optic,No,No,No,No,Yes,Yes,Month-to-month,No,Electronic check,79.88,3887.29,1
CUST-05262,Female,0,No,No,19,Yes,No,DSL,No,Yes,No,No,No,No,Month-to-month,No,Electronic check,46.25,893.76,0
CUST-05263,Male,0,No,No,6,No,No phone service,Fiber optic,Yes,No,No,Yes,No,No,Two year,Yes,Electronic check,63.61,389.74,0
CUST-05264,Female,0,Yes,No,6,Yes,Yes,DSL,No,Yes,Yes,No,Yes,No,Two year,Yes,Bank transfer (automatic),53.23,315.38,1
CUST-05265,Male,0,Yes,No,72,Yes,Yes,No,No internet service,No internet service,No internet service,No internet service,No internet service,No internet service,One year,Yes,Electronic check,19.43,1460.21,0
CUST-05266,Male,0,No,No,8,Yes,No,DSL,No,No,Yes,No,No,Yes,Month-to-month,Yes,Mailed check,56.43,437.34,0
CUST-05267,Male,0,No,No,41,Yes,No,DSL,No,No,No,No,Yes,No,Month-to-month,No,Bank transfer (automatic),67.3,2867.96,0
CUST-05268,Male,0,Yes,Yes,10,Yes,No,Fiber optic,No,Yes,No,Yes,No,Yes,One year,No,Electronic check,26.38,258.03,0
CUST-05269,Male,1,No,Yes,40,Yes,Yes,DSL,No,Yes,No,No,No,No,Two year,Yes,Electronic check,48.55,1968.73,0
CUST-05270,Male,0,No,Yes,2,Yes,No,No,No internet service,No internet service,No internet service,No internet service,No internet service,No internet service,Two year,No,Mailed check,22.53,43.9,0
CUST-05271,Male,0,No,No,7,Yes,No,Fiber optic,Yes,No,Yes,Yes,No,No,Two year,No,Credit card (automatic),86.59,625.88,0
CUST-05272,Male,0,Yes,No,16,Yes,No,Fiber optic,No,Yes,No,Yes,No,No,One year,Yes,Mailed check,85.35,1316.8,0
CUST-05273,Female,0,No,No,23,Yes,No,Fiber optic,No,No,Yes,No,No,No,Month-to-month,No,Mailed check,70.42,1635.69,0
CUST-05274,Female,0,No,No,13,Yes,No,Fiber optic,No,No,No,No,No,No,Month-to-month,No,Electronic check,56.5,764.8,1
CUST-05275,Male,0,Yes,Yes,27,Yes,No,DSL,Yes,Yes,Yes,Yes,Yes,No,Month-to-month,Yes,Bank transfer (automatic),46.91,1216.15,0
CUST-05276,Male,0,Yes,No,12,Yes,Yes,Fiber optic,No,No,Yes,No,Yes,No,Month-to-month,Yes,Electronic check,90.06,1131.21,1
CUST-05277,Female,0,Yes,No,36,Yes,No,Fiber optic,Yes,Yes,No,Yes,Yes,No,Month-to-month,No,Bank transfer (automatic),100.98,3615.04,0
CUST-05278,Male,0,No,No,22,Yes,No,DSL,Yes,No,Yes,No,Yes,Yes,Month-to-month,Yes,Mailed check,65.92,1387.79,1
CUST-05279,Male,0,Yes,Yes,39,Yes,No,Fiber optic,Yes,No,No,No,No,No,One year,No,Electronic check,25.63,1047.94,0
CUST-05280,Female,0,Yes,No,18,No,No phone service,No,No internet service,No internet service,No internet service,No internet service,No internet service,No internet service,One year,No,Electronic check,21.15,382.25,0
CUST-05281,Male,0,Yes,Yes,66,Yes,No,DSL,No,Yes,No,No,Yes,No,Month-to-month,Yes,Bank transfer (automatic),55.21,3607.78,0
CUST-05282,Male,0,Yes,No,15,Yes,Yes,DSL,No,Yes,No,No,No,No,Month-to-month,Yes,Bank transfer (automatic),63.36,976.36,0
CUST-05283,Female,0,Yes,No,11,Yes,No,No,No internet service,No internet service,No internet service,No internet service,No internet service,No internet service,One year,Yes,Bank transfer (automatic),18.0,188.65,0
CUST-05284,Male,0,No,No,26,Yes,No,DSL,No,Yes,No,Yes,No,No,Two year,No,Bank transfer (automatic),32.25,847.34,0
CUST-05285,Male,0,No,No,22,Yes,Yes,Fiber optic,Yes,No,Yes,No,Yes,Yes,Month-to-month,No,Electronic check,67.0,1493.29,1
CUST-05286,Female,0,No,No,23,Yes,No,Fiber optic,No,No,No,No,Yes,Yes,One year,Yes,Credit card (automatic),79.97,1862.02,1
CUST-05287,Male,0,Yes,No,50,Yes,No,No,No internet service,No internet service,No internet service,No internet service,No internet service,No internet service,Month-to-month,No,Electronic check,26.48,1333.42,0
CUST-05288,Female,0,Yes,No,28,Yes,No,No,No internet service,No internet service,No internet service,No internet service,No internet service,No internet service,Month-to-month,No,Electronic check,22.33,617.06,1
CUST-05289,Male,0,Yes,Yes,69,Yes,No,Fiber optic,No,No,No,No,No,Yes,Month-to-month,Yes,Electronic check,89.37,6366.0,0
CUST-05290,Male,0,Yes,Yes,30,Yes,Yes,No,No internet service,No internet service,No internet service,No internet service,No internet service,No internet service,Month-to-month,No,Credit card (automatic),22.41,696.56,1
CUST-05291,Female,0,Yes,No,1,Yes,No,DSL,Yes,Yes,No,No,No,Yes,Two year,No,Electronic check,75.01,72.25,0
CUST-05292,Female,0,Yes,No,65,Yes,Yes,Fiber optic,No,No,Yes,No,Yes,Yes,Two year,No,Bank transfer (automatic),62.29,4159.09,0
CUST-05293,Male,0,No,No,58,Yes,No,Fiber optic,Yes,No,No,No,Yes,No,Month-to-month,Yes,Electronic check,61.19,3674.13,0
CUST-05294,Female,0,Yes,No,1,Yes,No,Fiber optic,Yes,No,Yes,No,No,Yes,Month-to-month,Yes,Bank transfer (automatic),82.75,85.56,1
CUST-05295,Female,0,No,Yes,4,No,No phone service,Fiber optic,No,Yes,Yes,No,Yes,No,Month-to-month,Yes,Electronic check,59.41,233.29,1
CUST-05296,Male,0,Yes,Yes,26,Yes,Yes,DSL,No,No,Yes,No,No,No,Month-to-month,Yes,Bank transfer (automatic),75.78,1924.01,0
CUST-05297,Male,0,Yes,No,1,No,No phone service,DSL,No,No,No,No,No,No,Month-to-month,No,Electronic check,71.16,70.18,1
CUST-05298,Male,0,No,No,16,Yes,No,No,No internet service,No internet service,No internet service,No internet service,No internet service,No internet service,Month-to-month,Yes,Electronic check,18.0,284.05,0
CUST-05299,Female,0,Yes,No,72,Yes,Yes,DSL,No,No,Yes,No,No,Yes,Month-to-month,Yes,Mailed check,80.38,5787.84,0
CUST-05300,Female,0,Yes,No,6,Yes,No,DSL,Yes,Yes,Yes,No,No,No,Two year,Yes,Electronic check,65.81,377.59,0
CUST-05301,Female,1,No,No,7,Yes,No,DSL,No,No,Yes,No,No,Yes,Month-to-month,Yes,Electronic check,36.48,255.86,1
CUST-05302,Female,0,No,No,36,Yes,Yes,No,No internet service,No internet service,No internet service,No internet service,No internet service,No internet service,One year,Yes,Electronic check,18.0,645.17,0
CUST-05303,Male,0,Yes,Yes,1,No,No phone service,DSL,Yes,Yes,No,Yes,Yes,Yes,Month-to-month,Yes,Mailed check,62.36,60.17,1
CUST-05304,Female,0,Yes,Yes,54,Yes,No,Fiber optic,No,No,Yes,No,Yes,Yes,Two year,Yes,Electronic check,114.66,6215.0,0
CUST-05305,Male,0,No,No,7,Yes,No,DSL,No,Yes,No,No,No,Yes,Month-to-month,Yes,Credit card (automatic),76.86,544.69,1
CUST-05306,Female,0,No,No,24,Yes,No,Fiber optic,No,No,Yes,Yes,No,No,Month-to-month,No,Credit card (automatic),71.12,1676.25,0
CUST-05307,Male,1,Yes,Yes,9,Yes,No,No,No internet service,No internet service,No internet service,No internet service,No internet service,No internet service,Month-to-month,No,Electronic check,23.32,204.32,1
CUST-05308,Male,0,Yes,Yes,34,Yes,Yes,Fiber optic,No,Yes,Yes,No,No,Yes,Two year,Yes,Electronic check,120.0,3880.5,0
CUST-05309,Male,0,No,No,28,No,No phone service,Fiber optic,No,Yes,Yes,No,No,No,Two year,Yes,Credit card (automatic),101.33,2839.99,0
CUST-05310,Female,0,Yes,Yes,72,Yes,No,Fiber optic,No,No,No,Yes,No,No,One year,Yes,Electronic check,91.52,6292.58,0
CUST-05311,Male,0,Yes,Yes,18,Yes,No,Fiber optic,No,Yes,Yes,No,Yes,No,Month-to-month,No,Mailed check,49.99,900.36,0
CUST-05312,Male,0,No,No,66,Yes,No,DSL,No,Yes,Yes,No,Yes,No,Month-to-month,No,Bank transfer (automatic),56.12,3803.1,0
CUST-05313,Female,0,Yes,Yes,27,Yes,No,Fiber optic,No,Yes,No,Yes,No,Yes,Two year,Yes,Mailed check,103.01,2869.89,0
CUST-05314,Male,0,No,No,72,Yes,Yes,Fiber optic,Yes,Yes,Yes,No,Yes,Yes,Two year,No,Credit card (automatic),104.52,7166.84,0
CUST-05315,Female,0,No,No,11,Yes,Yes,No,No internet service,No internet service,No internet service,No internet service,No internet service,No internet service,Month-to-month,No,Bank transfer (automatic),19.57,213.26,0
CUST-05316,Female,0,No,No,25,Yes,Yes,DSL,No,No,No,Yes,Yes,No,Month-to-month,Yes,Mailed check,64.68,1649.7,0
CUST-05317,Male,0,Yes,No,15,Yes,Yes,Fiber optic,No,No,No,No,No,No,One year,Yes,Mailed check,78.79,1139.86,0
CUST-05318,Male,0,Yes,No,2,Yes,No,Fiber optic,No,No,No,No,No,No,Month-to-month,No,Electronic check,76.58,152.77,1
CUST-05319,Female,0,Yes,Yes,27,Yes,No,No,No internet service,No internet service,No internet service,No internet service,No internet service,No internet service,Month-to-month,Yes,Credit card (automatic),19.02,525.48,1
CUST-05320,Male,0,Yes,No,50,Yes,Yes,Fiber optic,No,No,No,Yes,No,No,Month-to-month,Yes,Bank transfer (automatic),84.46,4071.68,1
CUST-05321,Female,0,No,No,25,Yes,No,Fiber optic,Yes,Yes,No,Yes,Yes,Yes,Month-to-month,No,Electronic check,87.76,2238.17,0
CUST-05322,Female,0,Yes,No,10,No,No phone service,No,No internet service,No internet service,No internet service,No internet service,No internet service,No internet service,One year,No,Credit card (automatic),22.39,234.58,0
CUST-05323,Female,0,Yes,No,9,Yes,No,DSL,No,No,Yes,Yes,No,No,Two year,No,Bank transfer (automatic),49.02,429.26,0
CUST-05324,Male,0,Yes,No,8,Yes,No,Fiber optic,No,No,Yes,Yes,Yes,Yes,One year,Yes,Electronic check,60.18,473.3,0
CUST-05325,Female,0,Yes,No,72,Yes,Yes,Fiber optic,No,No,Yes,No,Yes,No,One year,No,Electronic check,80.87,5536.64,1
CUST-05326,Male,1,No,No,16,Yes,No,Fiber optic,Yes,No,Yes,Yes,Yes,No,Two year,No,Mailed check,84.62,1338.19,0
CUST-05327,Male,0,No,No,12,Yes,No,Fiber optic,No,Yes,No,Yes,Yes,Yes,Month-to-month,No,Electronic check,85.51,1024.28,1
CUST-05328,Male,0,No,No,17,Yes,Yes,Fiber optic,No,Yes,No,No,Yes,No,Month-to-month,No,Credit card (automatic),57.04,950.26,0
CUST-05329,Male,0,No,No,3,Yes,Yes,Fiber optic,No,Yes,Yes,No,Yes,Yes,Month-to-month,Yes,Credit card (automatic),70.63,215.59,1
CUST-05330,Female,0,No,No,6,Yes,Yes,Fiber optic,No,No,No,Yes,No,Yes,Two year,No,Mailed check,101.94,588.62,0
CUST-05331,Male,0,Yes,No,22,No,No phone service,Fiber optic,No,No,Yes,Yes,No,Yes,One year,Yes,Mailed check,48.13,1076.15,0
CUST-05332,Female,1,Yes,Yes,51,Yes,No,No,No internet service,No internet service,No internet service,No internet service,No internet service,No internet service,Two year,Yes,Credit card (automatic),18.0,948.92,0
CUST-05333,Female,0,No,No,66,Yes,No,DSL,No,Yes,No,No,No,No,Month-to-month,No,Electronic check,36.02,2366.44,0
CUST-05334,Male,1,Yes,Yes,64,Yes,No,Fiber optic,No,No,No,No,No,No,Month-to-month,No,Mailed check,84.87,5276.44,0
CUST-05335,Female,0,Yes,No,72,Yes,No,Fiber optic,No,No,No,No,No,Yes,Month-to-month,Yes,Electronic check,73.85,5516.71,0
CUST-05336,Female,0,No,No,4,Yes,Yes,Fiber optic,Yes,No,No,Yes,Yes,No,Two year,No,Bank transfer (automatic),77.91,315.41,0
CUST-05337,Male,0,Yes,Yes,1,Yes,No,DSL,No,No,Yes,Yes,No,No,Month-to-month,Yes,Credit card (automatic),65.97,65.71,0
CUST-05338,Female,0,No,No,3,Yes,No,DSL,No,No,No,Yes,Yes,Yes,Two year,Yes,Electronic check,87.52,267.8,1
CUST-05339,Female,0,No,No,29,No,No phone service,Fiber optic,Yes,No,No,No,No,No,Month-to-month,Yes,Credit card (automatic),60.0,1785.73,1
CUST-05340,Female,0,Yes,Yes,25,Yes,Yes,Fiber optic,No,No,No,No,No,No,Month-to-month,No,Mailed check,62.87,1570.75,1
CUST-05341,Female,0,Yes,Yes,35,Yes,Yes,No,No internet service,No internet service,No internet service,No internet service,No internet service,No internet service,Month-to-month,Yes,Credit card (automatic),20.62,756.49,1
CUST-05342,Male,0,No,No,14,Yes,No,DSL,Yes,Yes,No,No,No,No,Two year,Yes,Credit card (automatic),51.2,701.09,0
CUST-05343,Female,0,Yes,No,15,Yes,No,DSL,No,Yes,Yes,Yes,Yes,Yes,Month-to-month,Yes,Credit card (automatic),67.82,1002.32,1
CUST-05344,Female,0,Yes,Yes,25,Yes,Yes,DSL,Yes,No,No,No,No,Yes,Month-to-month,Yes,Credit card (automatic),54.79,1349.06,1
CUST-05345,Female,0,No,No,2,Yes,No,DSL,Yes,Yes,No,No,No,No,Month-to-month,Yes,Electronic check,64.21,125.4,1
CUST-05346,Female,0,Yes,No,51,Yes,No,No,No internet service,No internet service,No internet service,No internet service,No internet service,No internet service,Month-to-month,No,Mailed check,24.19,1281.81,0
CUST-05347,Male,0,Yes,No,72,Yes,Yes,Fiber optic,No,No,No,No,No,No,Month-to-month,Yes,Electronic check,74.28,5291.46,0
CUST-05348,Female,0,Yes,Yes,15,Yes,No,Fiber optic,Yes,Yes,Yes,No,Yes,Yes,Two year,Yes,Mailed check,31.75,456.98,0
CUST-05349,Male,0,No,No,43,Yes,Yes,Fiber optic,No,No,No,No,Yes,Yes,Two year,Yes,Mailed check,74.61,3243.76,0
CUST-05350,Female,0,Yes,Yes,25,Yes,No,No,No internet service,No internet service,No internet service,No internet service,No internet service,No internet service,Month-to-month,Yes,Credit card (automatic),18.43,461.89,0
CUST-05351,Male,0,Yes,Yes,8,Yes,No,Fiber optic,Yes,No,Yes,No,No,No,Two year,No,Mailed check,62.32,512.27,0
CUST-05352,Male,1,Yes,No,2,Yes,No,No,No internet service,No internet service,No internet service,No internet service,No internet service,No internet service,Month-to-month,No,Bank transfer (automatic),23.31,48.42,1
CUST-05353,Male,0,Yes,No,9,Yes,No,Fiber optic,No,Yes,No,No,No,Yes,Month-to-month,Yes,Electronic check,90.6,839.59,1
CUST-05354,Male,0,No,No,29,No,No phone service,DSL,Yes,No,Yes,No,Yes,No,One year,No,Credit card (automatic),63.25,1746.63,0
CUST-05355,Male,0,No,No,1,Yes,No,Fiber optic,No,Yes,No,No,No,No,Month-to-month,Yes,Bank transfer (automatic),64.09,66.34,1
CUST-05356,Female,1,Yes,Yes,57,Yes,Yes,Fiber optic,No,No,No,No,No,Yes,Two year,No,Bank transfer (automatic),96.34,5571.88,0
CUST-05357,Female,0,Yes,No,72,Yes,Yes,DSL,Yes,No,No,No,Yes,Yes,One year,No,Credit card (automatic),52.64,3892.63,0
CUST-05358,Female,0,Yes,No,2,Yes,No,DSL,No,No,No,No,No,No,Month-to-month,Yes,Credit card (automatic),90.06,173.26,0
CUST-05359,Male,1,No,No,9,Yes,No,No,No internet service,No internet service,No internet service,No internet service,No internet service,No internet service,One year,No,Mailed check,25.98,235.54,0
CUST-05360,Female,1,Yes,No,36,No,No phone service,Fiber optic,No,No,No,No,Yes,Yes,Month-to-month,No,Credit card (automatic),73.71,2699.63,1
CUST-05361,Male,1,Yes,Yes,52,Yes,No,DSL,No,Yes,No,No,Yes,No,Month-to-month,Yes,Bank transfer (automatic),43.8,2360.56,0
CUST-05362,Male,0,No,Yes,13,Yes,No,Fiber optic,Yes,No,Yes,No,No,No,Month-to-month,Yes,Bank transfer (automatic),83.68,1074.19,1
CUST-05363,Female,0,Yes,Yes,23,Yes,No,Fiber optic,Yes,No,No,No,No,No,Month-to-month,Yes,Bank transfer (automatic),80.83,1934.13,1
CUST-05364,Female,0,No,No,71,Yes,No,Fiber optic,No,No,No,No,No,Yes,One year,Yes,Electronic check,69.36,5091.44,0
CUST-05365,Male,0,Yes,Yes,15,Yes,Yes,Fiber optic,No,No,Yes,No,No,No,One year,No,Electronic check,60.63,870.95,0
CUST-05366,Male,0,Yes,No,2,Yes,No,DSL,Yes,No,No,No,Yes,Yes,Two year,Yes,Mailed check,72.62,147.11,0
CUST-05367,Female,0,No,No,72,Yes,Yes,DSL,No,No,No,No,Yes,No,Month-to-month,No,Credit card (automatic),71.86,5349.91,1
CUST-05368,Female,0,Yes,No,6,Yes,Yes,DSL,No,No,No,No,No,No,One year,Yes,Mailed check,54.08,314.05,1
CUST-05369,Female,0,Yes,No,1,Yes,Yes,DSL,No,No,No,Yes,No,No,One year,Yes,Mailed check,29.37,29.58,0
CUST-05370,Female,0,Yes,No,16,Yes,No,Fiber optic,Yes,Yes,No,No,No,Yes,Month-to-month,No,Mailed check,77.95,1243.42,1
CUST-05371,Male,1,No,No,4,Yes,No,Fiber optic,No,Yes,No,No,No,Yes,Two year,Yes,Electronic check,96.34,403.4,0
CUST-05372,Female,0,Yes,No,72,Yes,Yes,No,No internet service,No internet service,No internet service,No internet service,No internet service,No internet service,Month-to-month,Yes,Bank transfer (automatic),21.15,1451.74,0
CUST-05373,Female,0,No,No,15,Yes,No,DSL,Yes,No,No,No,No,No,Two year,Yes,Mailed check,60.23,921.45,0
CUST-05374,Female,0,No,No,55,Yes,No,Fiber optic,No,Yes,Yes,Yes,Yes,No,One year,Yes,Credit card (automatic),71.66,3876.66,0
CUST-05375,Male,0,No,No,6,Yes,Yes,Fiber optic,Yes,No,Yes,No,Yes,No,One year,No,Mailed check,96.14,549.73,1
CUST-05376,Male,1,No,No,4,Yes,No,DSL,Yes,Yes,Yes,No,No,No,Two year,Yes,Mailed check,64.53,263.41,0
CUST-05377,Male,0,Yes,No,33,Yes,Yes,No,No internet service,No internet service,No internet service,No internet service,No internet service,No internet service,Two year,No,Electronic check,18.0,568.16,0
CUST-05378,Male,0,Yes,Yes,72,Yes,Yes,No,No internet service,No internet service,No internet service,No internet service,No internet service,No internet service,Two year,No,Electronic check,18.0,1293.49,0
CUST-05379,Female,0,Yes,No,3,Yes,Yes,DSL,No,No,No,Yes,No,Yes,One year,Yes,Bank transfer (automatic),56.04,162.81,0
CUST-05380,Male,0,Yes,No,28,Yes,No,DSL,No,No,Yes,No,No,Yes,Month-to-month,Yes,Credit card (automatic),18.0,509.64,0
CUST-05381,Female,0,Yes,Yes,2,Yes,Yes,DSL,No,Yes,Yes,No,No,Yes,Two year,Yes,Credit card (automatic),40.59,81.0,0
CUST-05382,Female,0,Yes,Yes,53,Yes,No,DSL,No,Yes,No,No,No,No,One year,No,Mailed check,66.9,3686.0,0
CUST-05383,Female,0,No,Yes,72,Yes,Yes,DSL,No,Yes,Yes,No,No,Yes,Month-to-month,No,Bank transfer (automatic),65.83,4578.39,0
CUST-05384,Female,1,No,No,31,Yes,No,DSL,No,Yes,No,No,No,No,Two year,Yes,Electronic check,71.03,2198.75,0
CUST-05385,Male,0,Yes,No,37,Yes,Yes,Fiber optic,Yes,Yes,No,No,Yes,Yes,One year,Yes,Electronic check,83.94,3046.6,1
CUST-05386,Male,0,Yes,No,1,Yes,Yes,DSL,No,No,No,No,No,No,Month-to-month,Yes,Credit card (automatic),70.95,73.67,1
CUST-05387,Male,0,Yes,Yes,2,Yes,No,Fiber optic,No,No,Yes,No,No,No,Month-to-month,Yes,Credit card (automatic),66.28,137.01,0
CUST-05388,Female,0,Yes,Yes,6,No,No phone service,DSL,No,No,Yes,No,Yes,No,Two year,Yes,Electronic check,44.43,260.89,0
CUST-05389,Female,0,Yes,No,10,Yes,No,Fiber optic,No,Yes,No,Yes,No,No,Month-to-month,No,Mailed check,64.06,669.93,1
CUST-05390,Female,0,No,No,45,Yes,Yes,No,No internet service,No internet service,No internet service,No internet service,No internet service,No internet service,Month-to-month,Yes,Mailed check,18.0,835.18,0
CUST-05391,Female,0,Yes,Yes,18,Yes,No,No,No internet service,No internet service,No internet service,No internet service,No internet service,No internet service,Month-to-month,Yes,Electronic check,18.81,349.56,1
CUST-05392,Female,0,Yes,Yes,2,Yes,Yes,DSL,No,No,No,Yes,Yes,No,Two year,No,Credit card (automatic),43.84,85.95,0
CUST-05393,Male,0,Yes,No,61,Yes,Yes,Fiber optic,No,No,Yes,Yes,No,Yes,One year,No,Electronic check,97.84,6199.33,0
CUST-05394,Female,0,No,No,72,Yes,No,No,No internet service,No internet service,No internet service,No internet service,No internet service,No internet service,Two year,Yes,Credit card (automatic),23.97,1720.98,0
CUST-05395,Male,1,No,No,19,Yes,No,DSL,No,Yes,No,No,No,No,Month-to-month,No,Credit card (automatic),66.95,1255.53,0
CUST-05396,Female,0,No,No,22,Yes,Yes,Fiber optic,No,No,Yes,No,Yes,Yes,One year,Yes,Bank transfer (automatic),104.77,2238.47,0
CUST-05397,Female,0,Yes,No,2,Yes,No,No,No internet service,No internet service,No internet service,No internet service,No internet service,No internet service,Month-to-month,No,Credit card (automatic),18.0,37.69,0
CUST-05398,Male,0,Yes,No,15,Yes,No,DSL,No,No,Yes,Yes,Yes,Yes,One year,No,Electronic check,47.98,753.28,1
CUST-05399,Male,1,Yes,No,14,Yes,No,DSL,No,Yes,Yes,No,Yes,Yes,Month-to-month,No,Mailed check,68.77,962.52,1
CUST-05400,Female,0,Yes,Yes,72,Yes,Yes,DSL,Yes,Yes,No,Yes,No,Yes,Two year,Yes,Mailed check,76.87,5800.51,0
CUST-05401,Female,0,No,No,34,Yes,Yes,Fiber optic,No,No,Yes,Yes,No,No,Month-to-month,Yes,Bank transfer (automatic),76.37,2691.09,0
CUST-05402,Female,0,Yes,No,48,Yes,No,DSL,No,No,No,No,Yes,No,Month-to-month,Yes,Bank transfer (automatic),23.47,1081.66,0
CUST-05403,Female,0,Yes,Yes,4,Yes,No,Fiber optic,No,Yes,No,No,Yes,No,Month-to-month,No,Bank transfer (automatic),72.42,296.73,1
CUST-05404,Male,0,No,No,17,Yes,No,DSL,Yes,Yes,No,No,Yes,Yes,Month-to-month,Yes,Electronic check,62.16,1099.06,1
CUST-05405,Female,0,Yes,No,6,Yes,Yes,No,No internet service,No internet service,No internet service,No internet service,No internet service,No internet service,Month-to-month,No,Credit card (automatic),20.43,122.4,0
CUST-05406,Male,1,No,No,62,No,No phone service,Fiber optic,No,No,Yes,Yes,Yes,No,Two year,Yes,Credit card (automatic),91.57,5850.22,0
CUST-05407,Female,0,Yes,No,5,Yes,Yes,DSL,Yes,No,Yes,No,Yes,No,Month-to-month,No,Bank transfer (automatic),63.24,305.89,1
CUST-05408,Male,0,Yes,No,18,Yes,No,Fiber optic,No,Yes,Yes,Yes,No,No,Two year,No,Credit card (automatic),89.68,1683.59,0
CUST-05409,Male,0,Yes,Yes,1,Yes,No,Fiber optic,Yes,No,No,Yes,Yes,No,Month-to-month,Yes,Electronic check,67.39,69.71,0
CUST-05410,Female,0,No,Yes,32,No,No phone service,DSL,No,Yes,No,No,Yes,Yes,Two year,No,Electronic check,53.79,1675.51,0
CUST-05411,Male,0,Yes,Yes,21,Yes,Yes,Fiber optic,No,No,No,No,No,No,Month-to-month,Yes,Credit card (automatic),70.29,1416.03,1
CUST-05412,Female,0,Yes,Yes,22,Yes,No,No,No internet service,No internet service,No internet service,No internet service,No internet service,No internet service,Two year,Yes,Credit card (automatic),20.24,442.55,0
CUST-05413,Male,0,Yes,Yes,3,Yes,No,DSL,No,No,No,No,No,Yes,One year,Yes,Mailed check,28.72,86.89,0
CUST-05414,Female,0,No,No,23,Yes,No,Fiber optic,Yes,No,No,Yes,No,No,Month-to-month,No,Mailed check,89.38,2023.28,0
CUST-05415,Male,0,No,No,26,Yes,Yes,Fiber optic,No,Yes,Yes,No,No,No,One year,Yes,Bank transfer (automatic),94.76,2414.41,0
CUST-05416,Female,0,Yes,No,72,Yes,No,Fiber optic,No,No,No,No,No,No,Two year,Yes,Mailed check,59.2,4052.36,0
CUST-05417,Female,0,Yes,Yes,1,Yes,No,No,No internet service,No internet service,No internet service,No internet service,No internet service,No internet service,One year,Yes,Electronic check,23.64,22.46,1
CUST-05418,Male,0,No,No,72,Yes,No,Fiber optic,Yes,Yes,Yes,No,No,Yes,Month-to-month,No,Electronic check,55.07,3826.06,1
CUST-05419,Male,1,No,Yes,20,Yes,No,DSL,No,Yes,No,Yes,No,No,One year,Yes,Electronic check,51.24,1050.67,0
CUST-05420,Male,0,No,No,7,Yes,No,Fiber optic,No,No,No,No,No,No,Two year,Yes,Bank transfer (automatic),55.11,401.36,0
CUST-05421,Male,0,Yes,No,35,Yes,No,DSL,No,No,Yes,No,Yes,Yes,Two year,No,Electronic check,62.15,2094.59,0
CUST-05422,Female,0,Yes,No,23,Yes,Yes,DSL,No,Yes,Yes,No,No,No,One year,No,Credit card (automatic),45.54,1069.89,0
CUST-05423,Male,0,No,No,8,Yes,No,DSL,Yes,No,No,No,No,Yes,Month-to-month,Yes,Credit card (automatic),76.49,596.69,1
CUST-05424,Female,0,No,No,31,Yes,No,Fiber optic,No,No,No,Yes,No,No,Two year,Yes,Mailed check,72.87,2176.86,0
CUST-05425,Male,0,No,Yes,20,Yes,No,DSL,No,No,No,Yes,No,No,Two year,Yes,Electronic check,34.13,675.59,0
CUST-05426,Female,1,Yes,Yes,37,Yes,Yes,No,No internet service,No internet service,No internet service,No internet service,No internet service,No internet service,Month-to-month,No,Bank transfer (automatic),19.45,737.67,0
CUST-05427,Female,0,No,No,37,Yes,No,DSL,No,No,No,Yes,No,Yes,Month-to-month,Yes,Bank transfer (automatic),37.15,1381.02,0
CUST-05428,Female,0,No,No,20,Yes,No,Fiber optic,No,Yes,No,No,No,Yes,One year,Yes,Electronic check,68.23,1315.77,0
CUST-05429,Female,0,No,No,15,Yes,Yes,Fiber optic,No,No,Yes,No,Yes,Yes,Month-to-month,Yes,Bank transfer (automatic),107.12,1549.58,1
CUST-05430,Male,0,Yes,Yes,2,Yes,No,Fiber optic,No,No,Yes,No,Yes,No,Two year,Yes,Electronic check,79.81,156.33,0
CUST-05431,Male,0,No,No,21,Yes,No,DSL,No,Yes,No,No,Yes,Yes,Two year,Yes,Credit card (automatic),81.27,1734.62,0
CUST-05432,Female,0,No,No,8,Yes,No,DSL,No,No,No,No,No,No,Month-to-month,No,Bank transfer (automatic),71.09,557.26,1
CUST-05433,Male,1,No,No,1,Yes,No,Fiber optic,No,No,Yes,No,No,Yes,Two year,Yes,Mailed check,61.1,58.69,1
CUST-05434,Male,0,No,No,12,No,No phone service,No,No internet service,No internet service,No internet service,No internet service,No internet service,No internet service,Two year,No,Credit card (automatic),21.71,263.16,0
CUST-05435,Female,0,No,Yes,2,Yes,No,Fiber optic,No,No,No,No,No,No,Month-to-month,No,Mailed check,77.21,161.95,1
CUST-05436,Male,0,No,No,27,Yes,Yes,Fiber optic,No,Yes,Yes,No,No,Yes,One year,Yes,Credit card (automatic),87.73,2425.08,1
CUST-05437,Male,0,Yes,Yes,22,Yes,No,No,No internet service,No internet service,No internet service,No internet service,No internet service,No internet service,Month-to-month,Yes,Electronic check,18.0,396.94,0
CUST-05438,Male,0,No,No,50,Yes,No,Fiber optic,No,No,No,No,Yes,Yes,Month-to-month,No,Mailed check,63.02,3036.86,0
CUST-05439,Female,0,No,No,9,Yes,No,No,No internet service,No internet service,No internet service,No internet service,No internet service,No internet service,Month-to-month,No,Electronic check,18.0,168.94,0
CUST-05440,Male,0,Yes,No,14,Yes,Yes,DSL,No,No,Yes,No,No,No,Month-to-month,Yes,Mailed check,83.8,1185.12,1
CUST-05441,Female,0,Yes,No,37,No,No phone service,DSL,No,No,No,Yes,No,Yes,Two year,Yes,Credit card (automatic),56.71,1994.68,0
CUST-05442,Male,1,Yes,No,72,Yes,Yes,Fiber optic,No,Yes,No,No,No,Yes,Two year,No,Credit card (automatic),94.39,6596.06,0
CUST-05443,Male,0,No,No,72,Yes,No,DSL,No,No,No,No,No,No,Month-to-month,Yes,Credit card (automatic),82.04,5729.81,0
CUST-05444,Male,0,Yes,Yes,23,Yes,Yes,Fiber optic,Yes,No,No,Yes,Yes,Yes,Month-to-month,Yes,Bank transfer (automatic),58.47,1345.34,0
CUST-05445,Female,0,No,No,36,Yes,No,Fiber optic,No,No,No,No,Yes,No,Month-to-month,No,Electronic check,52.06,1780.65,1
CUST-05446,Female,0,No,No,24,Yes,No,Fiber optic,No,No,Yes,No,Yes,No,Two year,No,Electronic check,88.51,2071.3,0
CUST-05447,Male,0,No,No,18,Yes,Yes,DSL,No,Yes,No,No,No,Yes,Two year,No,Electronic check,65.16,1149.59,0
CUST-05448,Female,0,Yes,No,29,Yes,Yes,No,No internet service,No internet service,No internet service,No internet service,No internet service,No internet service,One year,No,Bank transfer (automatic),28.79,800.93,1
CUST-05449,Male,0,Yes,No,15,No,No phone service,Fiber optic,No,Yes,No,No,No,Yes,Two year,Yes,Mailed check,86.1,1354.25,0
CUST-05450,Female,0,Yes,No,10,Yes,No,Fiber optic,No,Yes,Yes,No,Yes,Yes,Month-to-month,Yes,Mailed check,53.89,551.49,0
CUST-05451,Female,0,Yes,No,39,Yes,Yes,No,No internet service,No internet service,No internet service,No internet service,No internet service,No internet service,Month-to-month,Yes,Credit card (automatic),19.53,775.28,0
CUST-05452,Male,0,No,No,65,Yes,No,DSL,No,No,No,Yes,Yes,Yes,Month-to-month,No,Bank transfer (automatic),65.85,4343.77,0
CUST-05453,Male,0,No,No,10,Yes,No,Fiber optic,No,Yes,Yes,No,No,No,One year,Yes,Electronic check,52.59,547.49,0
CUST-05454,Male,0,Yes,No,39,Yes,Yes,DSL,Yes,No,No,No,No,No,One year,No,Electronic check,50.12,1992.43,0
CUST-05455,Male,0,No,No,18,Yes,Yes,DSL,No,No,No,No,No,No,Month-to-month,Yes,Credit card (automatic),59.9,1097.18,0
CUST-05456,Female,0,Yes,Yes,11,Yes,No,Fiber optic,Yes,No,No,No,Yes,No,Month-to-month,No,Credit card (automatic),70.84,755.74,1
CUST-05457,Female,0,Yes,No,31,Yes,No,No,No internet service,No internet service,No internet service,No internet service,No internet service,No internet service,One year,No,Electronic check,18.89,593.46,0
CUST-05458,Female,0,No,No,72,Yes,Yes,DSL,No,No,No,No,No,No,Month-to-month,No,Credit card (automatic),49.7,3525.97,0
CUST-05459,Male,0,Yes,Yes,13,Yes,Yes,No,No internet service,No internet service,No internet service,No internet service,No internet service,No internet service,Month-to-month,Yes,Mailed check,25.89,352.43,1
CUST-05460,Male,0,No,No,45,Yes,Yes,DSL,No,No,No,No,No,No,Month-to-month,No,Credit card (automatic),68.85,3163.85,0
CUST-05461,Female,0,No,No,12,Yes,No,Fiber optic,No,No,No,No,No,Yes,Month-to-month,No,Bank transfer (automatic),51.64,594.91,0
CUST-05462,Male,0,No,No,52,Yes,No,Fiber optic,No,No,Yes,Yes,Yes,Yes,One year,Yes,Credit card (automatic),103.01,5181.35,0
CUST-05463,Female,0,Yes,Yes,45,Yes,Yes,Fiber optic,Yes,Yes,No,Yes,No,No,Month-to-month,No,Bank transfer (automatic),80.97,3618.98,1
CUST-05464,Female,0,Yes,Yes,46,Yes,Yes,Fiber optic,No,Yes,No,No,No,No,Two year,Yes,Electronic check,65.33,2858.99,0
CUST-05465,Female,0,Yes,Yes,72,Yes,No,DSL,No,No,Yes,No,No,Yes,Month-to-month,No,Electronic check,65.1,4726.76,1
CUST-05466,Female,0,No,No,4,Yes,No,DSL,Yes,Yes,No,No,No,No,One year,No,Bank transfer (automatic),57.1,227.81,0
CUST-05467,Female,0,Yes,No,15,Yes,Yes,DSL,No,No,No,No,Yes,No,Two year,No,Electronic check,77.36,1113.34,0
CUST-05468,Male,0,Yes,No,31,Yes,No,No,No internet service,No internet service,No internet service,No internet service,No internet service,No internet service,Month-to-month,Yes,Electronic check,19.14,597.94,0
CUST-05469,Male,0,No,No,28,Yes,Yes,DSL,No,No,No,Yes,No,No,Month-to-month,Yes,Electronic check,72.58,2068.41,0
CUST-05470,Male,0,No,No,48,Yes,Yes,DSL,No,No,No,Yes,No,No,Month-to-month,Yes,Mailed check,68.69,3388.54,0
CUST-05471,Female,0,No,No,1,Yes,Yes,No,No internet service,No internet service,No internet service,No internet service,No internet service,No internet service,Month-to-month,No,Bank transfer (automatic),25.34,26.15,0
CUST-05472,Female,0,No,No,39,Yes,Yes,DSL,No,No,No,No,No,No,One year,Yes,Credit card (automatic),58.47,2309.74,1
CUST-05473,Female,0,Yes,Yes,42,Yes,No,Fiber optic,Yes,Yes,No,No,No,No,Month-to-month,Yes,Credit card (automatic),69.54,2885.8,1
CUST-05474,Female,1,Yes,No,2,Yes,Yes,No,No internet service,No internet service,No internet service,No internet service,No internet service,No internet service,Month-to-month,No,Credit card (automatic),20.01,38.38,0
CUST-05475,Male,0,Yes,Yes,24,Yes,Yes,Fiber optic,No,Yes,Yes,No,No,No,Two year,Yes,Bank transfer (automatic),81.05,1991.21,0
CUST-05476,Male,0,Yes,Yes,8,Yes,Yes,No,No internet service,No internet service,No internet service,No internet service,No internet service,No internet service,One year,No,Credit card (automatic),18.0,140.49,0
CUST-05477,Female,0,No,No,51,Yes,No,DSL,No,Yes,No,Yes,No,No,Month-to-month,Yes,Credit card (automatic),61.19,3116.25,0
CUST-05478,Female,0,Yes,Yes,1,Yes,Yes,DSL,Yes,No,No,No,Yes,No,Month-to-month,No,Credit card (automatic),54.75,56.26,0
CUST-05479,Female,0,No,No,5,Yes,No,DSL,No,No,Yes,No,No,Yes,Month-to-month,No,Electronic check,88.45,444.13,1
CUST-05480,Male,0,Yes,No,3,Yes,No,DSL,No,No,No,Yes,No,No,Month-to-month,No,Credit card (automatic),64.51,201.44,0
CUST-05481,Male,0,Yes,Yes,2,Yes,No,Fiber optic,No,No,No,Yes,No,No,Month-to-month,Yes,Electronic check,80.34,168.62,1
CUST-05482,Male,1,No,No,29,Yes,No,No,No internet service,No internet service,No internet service,No internet service,No internet service,No internet service,One year,Yes,Mailed check,24.73,690.06,0
CUST-05483,Female,0,Yes,No,64,Yes,No,Fiber optic,No,No,No,No,No,No,Month-to-month,No,Mailed check,68.1,4423.13,0
CUST-05484,Female,0,No,Yes,22,Yes,No,DSL,No,No,Yes,No,Yes,No,Two year,Yes,Mailed check,63.37,1333.86,0
CUST-05485,Male,0,No,No,7,Yes,No,No,No internet service,No internet service,No internet service,No internet service,No internet service,No internet service,Month-to-month,Yes,Bank transfer (automatic),19.03,127.77,0
CUST-05486,Female,0,No,Yes,13,Yes,Yes,Fiber optic,No,No,No,Yes,Yes,Yes,Two year,Yes,Mailed check,72.35,933.09,0
CUST-05487,Male,0,Yes,Yes,14,Yes,No,No,No internet service,No internet service,No internet service,No internet service,No internet service,No internet service,Month-to-month,No,Bank transfer (automatic),25.74,363.75,0
CUST-05488,Female,0,No,Yes,19,Yes,No,No,No internet service,No internet service,No internet service,No internet service,No internet service,No internet service,One year,Yes,Mailed check,22.13,440.14,0
CUST-05489,Male,1,Yes,No,17,Yes,Yes,No,No internet service,No internet service,No internet service,No internet service,No internet service,No internet service,Month-to-month,Yes,Electronic check,18.0,313.71,1
CUST-05490,Female,0,No,No,35,Yes,Yes,Fiber optic,Yes,Yes,No,No,No,Yes,Month-to-month,No,Bank transfer (automatic),79.03,2729.95,0
CUST-05491,Male,0,Yes,Yes,13,Yes,No,Fiber optic,Yes,No,No,Yes,No,No,Two year,No,Mailed check,80.83,1021.96,0
CUST-05492,Male,1,Yes,Yes,34,Yes,No,DSL,No,No,Yes,No,Yes,No,Month-to-month,Yes,Bank transfer (automatic),76.59,2611.89,0
CUST-05493,Male,0,No,Yes,25,Yes,Yes,No,No internet service,No internet service,No internet service,No internet service,No internet service,No internet service,Two year,No,Electronic check,20.64,532.81,0
CUST-05494,Male,0,Yes,No,1,Yes,Yes,Fiber optic,No,No,No,No,No,Yes,Two year,Yes,Mailed check,96.71,92.11,0
CUST-05495,Male,0,No,No,72,Yes,No,No,No internet service,No internet service,No internet service,No internet service,No internet service,No internet service,Month-to-month,No,Credit card (automatic),19.91,1402.61,0
CUST-05496,Male,0,Yes,Yes,6,Yes,No,No,No internet service,No internet service,No internet service,No internet service,No internet service,No internet service,Two year,Yes,Electronic check,21.13,123.1,0
CUST-05497,Female,0,No,No,19,No,No phone service,Fiber optic,No,Yes,Yes,No,No,Yes,Month-to-month,No,Mailed check,65.97,1268.75,0
CUST-05498,Female,0,No,No,72,Yes,No,No,No internet service,No internet service,No internet service,No internet service,No internet service,No internet service,Month-to-month,Yes,Electronic check,21.34,1531.77,0
CUST-05499,Female,0,Yes,Yes,9,Yes,Yes,Fiber optic,Yes,No,No,Yes,No,No,Two year,No,Mailed check,100.37,907.67,0
CUST-05500,Male,0,No,No,1,Yes,Yes,Fiber optic,No,No,Yes,No,Yes,Yes,Two year,Yes,Mailed check,75.58,74.9,0
CUST-05501,Male,0,No,No,21,No,No phone service,Fiber optic,No,Yes,No,No,Yes,Yes,Month-to-month,Yes,Credit card (automatic),37.53,783.6,1
CUST-05502,Female,0,No,No,8,Yes,No,No,No internet service,No internet service,No internet service,No internet service,No internet service,No internet service,One year,Yes,Electronic check,20.6,165.48,0
CUST-05503,Male,1,Yes,No,27,Yes,No,Fiber optic,No,No,No,No,No,No,Month-to-month,Yes,Credit card (automatic),39.33,1074.56,1
CUST-05504,Male,0,No,Yes,54,Yes,Yes,DSL,Yes,No,No,Yes,No,No,Two year,Yes,Bank transfer (automatic),64.45,3486.97,0
CUST-05505,Male,0,Yes,No,22,Yes,No,No,No internet service,No internet service,No internet service,No internet service,No internet service,No internet service,Month-to-month,Yes,Mailed check,21.31,478.31,1
CUST-05506,Male,0,Yes,No,33,No,No phone service,Fiber optic,No,No,No,No,No,Yes,Month-to-month,No,Credit card (automatic),73.92,2332.19,1
CUST-05507,Male,0,Yes,No,35,Yes,No,DSL,No,No,Yes,No,No,No,Month-to-month,No,Electronic check,63.78,2227.26,0
CUST-05508,Female,0,No,No,54,No,No phone service,Fiber optic,No,Yes,No,Yes,No,Yes,Month-to-month,Yes,Electronic check,86.29,4648.7,1
CUST-05509,Female,0,No,No,37,Yes,Yes,Fiber optic,No,No,No,No,Yes,No,One year,Yes,Credit card (automatic),58.55,2076.78,0
CUST-05510,Female,0,Yes,No,72,Yes,No,Fiber optic,No,Yes,No,No,Yes,Yes,Month-to-month,Yes,Credit card (automatic),51.52,3731.22,1
CUST-05511,Female,0,No,Yes,19,Yes,No,No,No internet service,No internet service,No internet service,No internet service,No internet service,No internet service,One year,Yes,Credit card (automatic),20.21,398.58,1
CUST-05512,Female,0,No,No,1,Yes,No,No,No internet service,No internet service,No internet service,No internet service,No internet service,No internet service,One year,No,Electronic check,20.18,20.7,0
CUST-05513,Male,0,Yes,Yes,16,Yes,No,No,No internet service,No internet service,No internet service,No internet service,No internet service,No internet service,Month-to-month,Yes,Bank transfer (automatic),19.69,306.55,1
CUST-05514,Male,0,No,No,58,No,No phone service,Fiber optic,Yes,No,No,No,Yes,No,Month-to-month,Yes,Mailed check,62.81,3486.01,0
CUST-05515,Male,0,Yes,Yes,4,Yes,Yes,Fiber optic,No,No,No,Yes,Yes,No,Month-to-month,No,Credit card (automatic),72.56,302.07,1
CUST-05516,Male,0,Yes,No,42,Yes,No,Fiber optic,No,Yes,Yes,Yes,Yes,Yes,Month-to-month,Yes,Electronic check,63.07,2763.53,0
CUST-05517,Female,0,Yes,No,24,Yes,Yes,Fiber optic,Yes,No,No,No,Yes,Yes,Month-to-month,Yes,Credit card (automatic),57.93,1341.6,0
CUST-05518,Female,1,No,No,72,Yes,Yes,DSL,No,No,Yes,No,Yes,No,Month-to-month,No,Electronic check,69.67,5170.54,0
CUST-05519,Female,0,No,No,42,Yes,No,No,No internet service,No internet service,No internet service,No internet service,No internet service,No internet service,Month-to-month,Yes,Electronic check,25.08,1004.89,0
CUST-05520,Male,0,Yes,No,34,Yes,No,No,No internet service,No internet service,No internet service,No internet service,No internet service,No internet service,One year,No,Electronic check,27.85,948.66,0
CUST-05521,Female,0,Yes,Yes,69,Yes,Yes,Fiber optic,Yes,No,No,No,No,Yes,Month-to-month,Yes,Electronic check,46.63,3244.02,0
CUST-05522,Male,0,No,No,72,Yes,No,DSL,No,No,No,No,No,No,One year,Yes,Electronic check,76.11,5539.32,0
CUST-05523,Female,0,No,No,15,Yes,Yes,DSL,No,No,No,No,No,Yes,Month-to-month,No,Electronic check,46.67,729.31,0
CUST-05524,Female,0,No,No,72,No,No phone service,DSL,Yes,No,Yes,No,No,No,Two year,Yes,Bank transfer (automatic),58.98,4378.01,0
CUST-05525,Male,0,No,No,1,Yes,Yes,No,No internet service,No internet service,No internet service,No internet service,No internet service,No internet service,Month-to-month,Yes,Bank transfer (automatic),26.42,26.16,0
CUST-05526,Male,0,No,No,46,Yes,No,DSL,No,Yes,Yes,Yes,No,No,Month-to-month,Yes,Credit card (automatic),66.54,3063.11,0
CUST-05527,Female,1,No,No,13,Yes,No,DSL,No,No,No,No,No,No,Two year,No,Electronic check,69.24,910.47,0
CUST-05528,Female,1,No,No,21,Yes,Yes,Fiber optic,No,No,No,Yes,No,No,Month-to-month,Yes,Mailed check,120.0,2617.54,1
CUST-05529,Male,0,Yes,No,57,Yes,No,DSL,No,No,No,Yes,Yes,No,Month-to-month,No,Electronic check,58.7,3218.33,0
CUST-05530,Female,0,No,Yes,32,Yes,No,Fiber optic,Yes,No,No,No,No,No,One year,No,Mailed check,61.07,1894.72,0
CUST-05531,Female,0,Yes,No,19,No,No phone service,No,No internet service,No internet service,No internet service,No internet service,No internet service,No internet service,Two year,Yes,Credit card (automatic),20.99,384.13,0
CUST-05532,Male,1,Yes,Yes,5,Yes,No,DSL,No,No,No,Yes,Yes,No,Month-to-month,Yes,Mailed check,35.54,171.94,1
CUST-05533,Female,0,Yes,No,72,Yes,Yes,No,No internet service,No internet service,No internet service,No internet service,No internet service,No internet service,Month-to-month,Yes,Credit card (automatic),18.0,1322.64,0
CUST-05534,Male,0,No,Yes,12,Yes,Yes,Fiber optic,No,No,No,Yes,Yes,No,Month-to-month,Yes,Credit card (automatic),112.24,1332.8,0
CUST-05535,Female,1,No,No,3,Yes,No,DSL,No,No,No,Yes,No,No,Month-to-month,No,Electronic check,60.39,184.48,1
CUST-05536,Male,0,No,No,26,Yes,No,Fiber optic,No,No,Yes,Yes,No,Yes,Two year,No,Electronic check,85.53,2199.13,0
CUST-05537,Female,0,Yes,No,16,Yes,Yes,DSL,No,Yes,No,Yes,No,No,Two year,Yes,Bank transfer (automatic),36.14,593.65,0
CUST-05538,Male,0,No,No,28,Yes,No,Fiber optic,No,No,Yes,No,Yes,No,Month-to-month,No,Bank transfer (automatic),84.42,2407.84,0
CUST-05539,Female,1,Yes,Yes,8,Yes,Yes,DSL,Yes,No,Yes,No,No,Yes,Month-to-month,No,Mailed check,57.29,439.93,0
CUST-05540,Male,0,No,No,15,Yes,No,Fiber optic,Yes,No,No,No,No,No,Two year,No,Mailed check,66.94,981.55,0
CUST-05541,Female,0,Yes,No,72,Yes,No,No,No internet service,No internet service,No internet service,No internet service,No internet service,No internet service,Month-to-month,Yes,Electronic check,19.73,1411.67,0
CUST-05542,Female,0,No,No,72,Yes,No,Fiber optic,No,No,No,No,Yes,No,Month-to-month,Yes,Credit card (automatic),63.99,4660.55,0
CUST-05543,Female,0,No,No,63,No,No phone service,DSL,Yes,No,No,No,No,No,Month-to-month,No,Electronic check,81.08,5145.78,0
CUST-05544,Female,0,No,No,48,Yes,Yes,DSL,No,No,Yes,No,No,Yes,Month-to-month,No,Electronic check,68.59,3267.29,0
CUST-05545,Female,0,No,No,5,Yes,No,Fiber optic,No,No,Yes,No,Yes,Yes,Month-to-month,No,Bank transfer (automatic),64.76,312.29,1
CUST-05546,Female,1,No,No,20,Yes,No,Fiber optic,No,No,No,Yes,No,Yes,Month-to-month,Yes,Mailed check,90.92,1810.78,1
CUST-05547,Female,0,Yes,Yes,41,Yes,No,DSL,No,No,Yes,No,No,No,One year,Yes,Bank transfer (automatic),84.8,3643.4,1
CUST-05548,Female,1,No,No,9,Yes,No,Fiber optic,No,No,Yes,Yes,No,Yes,One year,Yes,Credit card (automatic),59.84,532.04,0
CUST-05549,Female,0,Yes,Yes,1,Yes,Yes,No,No internet service,No internet service,No internet service,No internet service,No internet service,No internet service,Month-to-month,No,Mailed check,18.14,18.87,0
CUST-05550,Male,0,Yes,No,17,Yes,Yes,Fiber optic,Yes,No,No,No,No,Yes,Two year,No,Electronic check,80.05,1355.8,0
CUST-05551,Male,0,Yes,No,17,Yes,No,Fiber optic,Yes,No,Yes,No,Yes,Yes,Two year,No,Electronic check,44.48,720.06,0
CUST-05552,Female,0,No,No,2,Yes,Yes,No,No internet service,No internet service,No internet service,No internet service,No internet service,No internet service,Month-to-month,No,Electronic check,18.0,37.1,0
CUST-05553,Male,0,Yes,No,12,No,No phone service,Fiber optic,Yes,Yes,No,No,No,Yes,Month-to-month,Yes,Electronic check,52.35,624.99,1
CUST-05554,Female,0,Yes,No,72,No,No phone service,Fiber optic,No,No,Yes,No,No,No,Two year,No,Credit card (automatic),62.94,4724.81,0
CUST-05555,Female,0,No,No,9,Yes,No,Fiber optic,No,No,No,No,Yes,Yes,Two year,Yes,Credit card (automatic),68.5,627.69,1
CUST-05556,Male,0,No,Yes,26,Yes,No,Fiber optic,No,Yes,No,No,No,No,Month-to-month,Yes,Bank transfer (automatic),95.85,2600.54,1
CUST-05557,Female,1,Yes,Yes,21,Yes,No,Fiber optic,No,Yes,No,No,Yes,No,Month-to-month,Yes,Bank transfer (automatic),61.42,1335.77,1
CUST-05558,Female,0,No,Yes,63,Yes,Yes,Fiber optic,No,No,No,No,Yes,No,Month-to-month,Yes,Bank transfer (automatic),69.67,4234.92,0
CUST-05559,Male,0,Yes,Yes,33,No,No phone service,Fiber optic,Yes,Yes,Yes,No,No,No,One year,No,Electronic check,88.9,3025.81,0
CUST-05560,Male,0,No,No,5,Yes,No,DSL,Yes,Yes,Yes,No,Yes,Yes,Month-to-month,Yes,Electronic check,72.41,368.05,0
CUST-05561,Female,0,No,No,4,No,No phone service,DSL,No,No,No,No,Yes,No,Month-to-month,No,Bank transfer (automatic),88.62,345.21,0
CUST-05562,Male,0,No,No,26,Yes,Yes,DSL,No,No,No,Yes,Yes,No,One year,No,Electronic check,70.62,1890.68,0
CUST-05563,Male,0,No,No,1,Yes,Yes,DSL,No,No,No,No,Yes,No,Month-to-month,No,Credit card (automatic),47.96,47.19,1
CUST-05564,Female,0,Yes,No,16,Yes,No,DSL,No,No,Yes,No,Yes,No,Month-to-month,Yes,Bank transfer (automatic),57.25,874.03,1
CUST-05565,Male,1,Yes,Yes,16,Yes,No,DSL,Yes,No,No,No,No,No,Two year,Yes,Electronic check,45.21,694.98,1
CUST-05566,Male,0,No,No,6,Yes,No,No,No internet service,No internet service,No internet service,No internet service,No internet service,No internet service,Month-to-month,No,Bank transfer (automatic),21.74,127.83,0
CUST-05567,Female,0,Yes,No,11,Yes,Yes,DSL,No,Yes,Yes,No,No,No,Month-to-month,Yes,Bank transfer (automatic),64.94,702.78,1
CUST-05568,Male,0,No,No,12,Yes,No,DSL,No,Yes,Yes,No,No,No,Two year,No,Mailed check,44.72,543.8,0
CUST-05569,Male,0,Yes,No,1,Yes,No,Fiber optic,No,No,Yes,No,No,Yes,Month-to-month,No,Credit card (automatic),76.54,77.22,1
CUST-05570,Female,0,Yes,No,52,Yes,No,Fiber optic,No,Yes,Yes,Yes,Yes,No,Month-to-month,Yes,Electronic check,86.53,4672.7,1
CUST-05571,Female,0,No,No,72,Yes,Yes,No,No internet service,No internet service,No internet service,No internet service,No internet service,No internet service,One year,Yes,Mailed check,18.0,1283.69,0
CUST-05572,Female,1,Yes,No,10,Yes,No,Fiber optic,No,No,No,No,Yes,Yes,Month-to-month,Yes,Bank transfer (automatic),79.51,801.34,1
CUST-05573,Male,0,Yes,Yes,3,Yes,Yes,DSL,Yes,No,No,No,No,No,Month-to-month,No,Bank transfer (automatic),41.27,127.07,0
CUST-05574,Female,0,Yes,No,72,Yes,No,Fiber optic,Yes,No,No,No,No,Yes,Month-to-month,Yes,Electronic check,59.26,4437.86,0
CUST-05575,Female,1,No,No,43,Yes,No,DSL,No,No,No,No,Yes,No,Month-to-month,No,Electronic check,23.67,995.5,1
CUST-05576,Male,0,Yes,No,70,Yes,Yes,Fiber optic,Yes,No,Yes,No,No,Yes,Two year,Yes,Electronic check,62.06,4543.09,0
CUST-05577,Female,0,Yes,No,14,Yes,Yes,DSL,No,No,Yes,Yes,No,Yes,Two year,Yes,Electronic check,63.04,903.02,0
CUST-05578,Female,0,Yes,No,21,Yes,No,DSL,Yes,No,No,No,No,No,Month-to-month,Yes,Credit card (automatic),64.2,1359.84,0
CUST-05579,Female,0,Yes,No,72,Yes,Yes,DSL,Yes,No,No,Yes,Yes,Yes,Month-to-month,Yes,Credit card (automatic),68.71,4946.99,0
CUST-05580,Female,0,Yes,No,19,Yes,No,Fiber optic,No,No,No,No,No,No,Month-to-month,Yes,Bank transfer (automatic),82.12,1608.46,0
CUST-05581,Male,0,No,Yes,35,Yes,Yes,Fiber optic,Yes,No,No,Yes,No,No,Month-to-month,No,Bank transfer (automatic),55.32,1917.17,0
CUST-05582,Female,0,No,No,39,Yes,No,DSL,No,No,No,No,No,No,Two year,Yes,Bank transfer (automatic),60.48,2253.03,0
CUST-05583,Female,0,Yes,Yes,58,Yes,Yes,No,No internet service,No internet service,No internet service,No internet service,No internet service,No internet service,Two year,No,Bank transfer (automatic),20.75,1180.02,0
CUST-05584,Male,1,No,Yes,72,Yes,No,Fiber optic,No,No,No,Yes,No,No,Month-to-month,No,Mailed check,65.93,4652.04,1
CUST-05585,Female,0,No,No,13,No,No phone service,Fiber optic,No,No,No,No,No,Yes,Month-to-month,No,Mailed check,57.66,738.14,0
CUST-05586,Male,0,Yes,Yes,9,Yes,No,Fiber optic,No,No,Yes,No,No,Yes,Month-to-month,Yes,Bank transfer (automatic),69.45,605.19,1
CUST-05587,Male,0,Yes,No,2,Yes,Yes,No,No internet service,No internet service,No internet service,No internet service,No internet service,No internet service,Two year,Yes,Mailed check,24.15,45.92,0
CUST-05588,Male,0,No,No,62,Yes,No,Fiber optic,No,No,No,Yes,No,No,Month-to-month,Yes,Bank transfer (automatic),72.22,4497.16,1
CUST-05589,Female,0,No,Yes,11,Yes,No,No,No internet service,No internet service,No internet service,No internet service,No internet service,No internet service,Month-to-month,No,Credit card (automatic),20.56,232.87,0
CUST-05590,Male,0,Yes,Yes,1,Yes,Yes,No,No internet service,No internet service,No internet service,No internet service,No internet service,No internet service,Two year,Yes,Bank transfer (automatic),21.77,21.7,0
CUST-05591,Male,0,Yes,Yes,64,Yes,No,DSL,No,Yes,Yes,Yes,No,No,Two year,Yes,Electronic check,39.84,2455.04,0
CUST-05592,Male,0,Yes,Yes,22,Yes,Yes,No,No internet service,No internet service,No internet service,No internet service,No internet service,No internet service,Month-to-month,No,Bank transfer (automatic),18.0,376.39,0
CUST-05593,Female,0,Yes,No,58,Yes,No,DSL,Yes,Yes,Yes,No,No,No,Month-to-month,Yes,Bank transfer (automatic),63.55,3521.31,0
CUST-05594,Female,0,No,No,25,Yes,No,DSL,No,Yes,Yes,No,Yes,No,Month-to-month,No,Electronic check,69.16,1797.06,0
CUST-05595,Female,0,No,No,12,Yes,Yes,DSL,Yes,No,No,Yes,Yes,Yes,Month-to-month,No,Electronic check,76.89,942.55,0
CUST-05596,Female,0,No,No,4,Yes,Yes,DSL,No,No,Yes,No,No,No,One year,Yes,Bank transfer (automatic),78.21,302.17,0
CUST-05597,Female,0,Yes,Yes,18,Yes,Yes,Fiber optic,No,No,No,No,No,Yes,One year,No,Bank transfer (automatic),58.37,1029.66,0
CUST-05598,Female,0,Yes,Yes,1,Yes,Yes,Fiber optic,Yes,Yes,No,No,No,Yes,One year,No,Credit card (automatic),95.0,96.23,1
CUST-05599,Female,0,Yes,No,29,No,No phone service,Fiber optic,Yes,Yes,No,Yes,No,Yes,Month-to-month,No,Bank transfer (automatic),83.09,2342.79,0
CUST-05600,Male,0,No,No,17,Yes,No,Fiber optic,No,No,No,Yes,No,Yes,Two year,Yes,Electronic check,38.23,628.24,1
CUST-05601,Male,1,No,No,4,Yes,No,Fiber optic,No,Yes,No,No,Yes,No,Month-to-month,Yes,Mailed check,63.57,252.36,1
CUST-05602,Male,1,Yes,Yes,24,Yes,Yes,No,No internet service,No internet service,No internet service,No internet service,No internet service,No internet service,Month-to-month,Yes,Electronic check,22.81,574.14,1
CUST-05603,Male,1,Yes,No,51,No,No phone service,Fiber optic,No,No,Yes,No,Yes,Yes,One year,No,Bank transfer (automatic),93.27,4678.0,0
CUST-05604,Female,0,No,No,72,Yes,Yes,Fiber optic,No,Yes,No,No,No,Yes,Two year,Yes,Electronic check,70.38,5011.9,0
CUST-05605,Male,0,No,No,23,Yes,No,Fiber optic,No,Yes,No,No,No,No,Month-to-month,No,Electronic check,66.28,1463.73,0
CUST-05606,Male,0,Yes,Yes,4,Yes,No,Fiber optic,No,Yes,No,Yes,No,No,Month-to-month,Yes,Electronic check,67.75,270.65,1
CUST-05607,Male,1,Yes,Yes,53,Yes,No,No,No internet service,No internet service,No internet service,No internet service,No internet service,No internet service,Month-to-month,Yes,Electronic check,21.73,1181.69,1
CUST-05608,Male,0,Yes,Yes,38,Yes,No,DSL,Yes,No,No,No,No,No,Month-to-month,No,Electronic check,51.86,1963.02,0
CUST-05609,Female,0,No,No,72,Yes,No,DSL,No,Yes,No,No,No,No,Two year,No,Bank transfer (automatic),34.14,2565.7,0
CUST-05610,Female,0,No,No,24,Yes,No,Fiber optic,No,Yes,No,No,Yes,No,One year,No,Electronic check,103.24,2530.89,1
CUST-05611,Female,0,No,Yes,14,Yes,Yes,No,No internet service,No internet service,No internet service,No internet service,No internet service,No internet service,One year,Yes,Electronic check,20.34,284.18,0
CUST-05612,Male,0,No,No,72,Yes,No,No,No internet service,No internet service,No internet service,No internet service,No internet service,No internet service,Two year,Yes,Credit card (automatic),24.44,1738.7,0
CUST-05613,Female,0,No,Yes,24,Yes,Yes,DSL,No,Yes,No,No,Yes,Yes,Two year,No,Mailed check,61.95,1514.68,0
CUST-05614,Male,0,Yes,No,1,Yes,Yes,DSL,No,No,No,No,No,No,Month-to-month,No,Mailed check,78.69,75.19,1
CUST-05615,Female,0,Yes,Yes,20,Yes,No,No,No internet service,No internet service,No internet service,No internet service,No internet service,No internet service,One year,No,Electronic check,19.43,405.92,1
CUST-05616,Female,0,Yes,Yes,1,Yes,No,DSL,No,Yes,No,Yes,Yes,No,Month-to-month,Yes,Electronic check,40.57,40.99,1
CUST-05617,Female,0,Yes,No,42,Yes,No,Fiber optic,No,Yes,No,Yes,No,Yes,Month-to-month,Yes,Bank transfer (automatic),92.41,3962.2,0
CUST-05618,Female,1,No,No,26,Yes,Yes,DSL,No,Yes,No,No,Yes,Yes,Two year,No,Electronic check,62.19,1688.68,0
CUST-05619,Female,0,No,No,3,Yes,No,Fiber optic,Yes,Yes,Yes,No,No,No,One year,Yes,Electronic check,57.43,176.86,0
CUST-05620,Male,0,No,No,53,Yes,No,No,No internet service,No internet service,No internet service,No internet service,No internet service,No internet service,Month-to-month,Yes,Mailed check,18.12,914.63,0
CUST-05621,Female,0,Yes,No,24,Yes,No,Fiber optic,Yes,No,No,Yes,Yes,No,Month-to-month,Yes,Electronic check,47.93,1141.53,0
CUST-05622,Male,0,Yes,Yes,3,Yes,Yes,No,No internet service,No internet service,No internet service,No internet service,No internet service,No internet service,Two year,No,Bank transfer (automatic),21.13,61.03,0
CUST-05623,Male,0,Yes,No,5,No,No phone service,Fiber optic,No,No,No,No,Yes,Yes,Two year,Yes,Electronic check,75.98,373.5,1
CUST-05624,Male,0,No,No,55,No,No phone service,Fiber optic,No,No,Yes,No,No,No,One year,No,Electronic check,46.19,2650.4,0
CUST-05625,Male,0,Yes,No,14,Yes,No,DSL,No,No,No,No,No,Yes,Month-to-month,Yes,Mailed check,56.33,774.37,0
CUST-05626,Male,0,Yes,Yes,55,Yes,Yes,Fiber optic,Yes,Yes,Yes,No,Yes,No,Month-to-month,Yes,Bank transfer (automatic),78.59,4172.42,0
CUST-05627,Female,0,Yes,No,2,Yes,No,No,No internet service,No internet service,No internet service,No internet service,No internet service,No internet service,Month-to-month,Yes,Bank transfer (automatic),18.04,37.71,1
CUST-05628,Female,0,No,No,8,No,No phone service,No,No internet service,No internet service,No internet service,No internet service,No internet service,No internet service,One year,No,Electronic check,19.35,150.52,0
CUST-05629,Female,0,No,No,46,Yes,No,DSL,Yes,Yes,Yes,No,Yes,No,Month-to-month,No,Electronic check,61.53,2847.17,1
CUST-05630,Female,0,No,No,32,No,No phone service,No,No internet service,No internet service,No internet service,No internet service,No internet service,No internet service,Month-to-month,Yes,Electronic check,20.5,635.29,1
CUST-05631,Male,0,No,Yes,11,Yes,No,Fiber optic,Yes,Yes,No,No,No,No,One year,No,Bank transfer (automatic),51.52,580.72,0
CUST-05632,Female,0,No,No,72,Yes,Yes,DSL,Yes,No,No,Yes,No,No,One year,No,Mailed check,53.63,3801.13,0
CUST-05633,Female,0,Yes,No,7,Yes,No,No,No internet service,No internet service,No internet service,No internet service,No internet service,No internet service,One year,Yes,Bank transfer (automatic),22.78,160.58,1
CUST-05634,Male,0,Yes,No,60,Yes,Yes,Fiber optic,Yes,No,No,No,No,No,Two year,Yes,Mailed check,79.92,4851.94,0
CUST-05635,Male,0,No,No,38,Yes,Yes,Fiber optic,No,Yes,No,No,No,No,One year,No,Mailed check,61.37,2269.35,1
CUST-05636,Female,0,No,Yes,4,No,No phone service,No,No internet service,No internet service,No internet service,No internet service,No internet service,No internet service,Month-to-month,No,Mailed check,22.95,91.96,0
CUST-05637,Female,0,Yes,No,25,Yes,Yes,DSL,No,No,No,Yes,No,No,Two year,Yes,Electronic check,69.27,1771.25,0
CUST-05638,Male,0,Yes,Yes,72,Yes,No,Fiber optic,No,No,No,No,No,No,Month-to-month,No,Electronic check,98.13,7148.63,0
CUST-05639,Female,0,No,No,30,Yes,Yes,No,No internet service,No internet service,No internet service,No internet service,No internet service,No internet service,Month-to-month,Yes,Electronic check,24.79,736.56,0
CUST-05640,Female,1,Yes,No,24,Yes,Yes,Fiber optic,No,No,Yes,No,No,No,One year,No,Electronic check,85.9,1985.87,0
CUST-05641,Female,0,No,No,14,Yes,No,Fiber optic,No,No,No,Yes,Yes,Yes,Month-to-month,No,Credit card (automatic),84.67,1238.66,1
CUST-05642,Female,0,Yes,No,49,No,No phone service,DSL,No,No,Yes,No,No,No,Month-to-month,No,Credit card (automatic),70.66,3599.66,0
CUST-05643,Male,0,Yes,Yes,72,Yes,Yes,DSL,Yes,Yes,No,No,No,Yes,One year,No,Electronic check,67.86,4990.8,0
CUST-05644,Male,0,Yes,Yes,44,Yes,Yes,Fiber optic,Yes,Yes,No,No,No,No,Two year,Yes,Electronic check,83.08,3752.1,0
CUST-05645,Male,0,No,No,41,No,No phone service,Fiber optic,No,Yes,No,No,Yes,Yes,One year,No,Electronic check,100.64,4283.89,0
CUST-05646,Female,0,No,Yes,6,Yes,No,No,No internet service,No internet service,No internet service,No internet service,No internet service,No internet service,Month-to-month,No,Credit card (automatic),18.0,109.77,0
CUST-05647,Female,0,Yes,Yes,57,No,No phone service,No,No internet service,No internet service,No internet service,No internet service,No internet service,No internet service,Month-to-month,Yes,Credit card (automatic),21.41,1241.65,0
CUST-05648,Female,0,No,Yes,1,Yes,No,Fiber optic,No,No,No,No,No,Yes,Month-to-month,Yes,Mailed check,55.34,53.7,0
CUST-05649,Female,0,Yes,No,45,Yes,Yes,Fiber optic,Yes,No,No,No,No,Yes,Month-to-month,Yes,Mailed check,104.32,4784.27,0
CUST-05650,Female,0,Yes,Yes,7,Yes,No,Fiber optic,No,No,No,Yes,Yes,No,Month-to-month,No,Mailed check,78.36,566.76,1
CUST-05651,Male,0,No,Yes,21,Yes,No,Fiber optic,No,No,No,Yes,No,No,One year,No,Electronic check,76.65,1678.96,0
CUST-05652,Female,0,Yes,Yes,38,Yes,Yes,No,No internet service,No internet service,No internet service,No internet service,No internet service,No internet service,Month-to-month,No,Electronic check,19.99,768.01,0
CUST-05653,Female,0,No,No,45,Yes,No,Fiber optic,No,No,No,No,Yes,Yes,Two year,No,Bank transfer (automatic),84.12,3889.83,0
CUST-05654,Male,0,No,No,70,No,No phone service,No,No internet service,No internet service,No internet service,No internet service,No internet service,No internet service,Month-to-month,Yes,Credit card (automatic),18.67,1289.63,0
CUST-05655,Female,0,No,No,10,Yes,No,Fiber optic,No,No,No,No,Yes,No,Month-to-month,Yes,Bank transfer (automatic),64.52,659.45,1
CUST-05656,Male,1,No,Yes,8,Yes,Yes,Fiber optic,No,No,Yes,Yes,No,Yes,Month-to-month,Yes,Credit card (automatic),74.4,612.85,1
CUST-05657,Male,0,No,No,72,Yes,Yes,Fiber optic,No,No,No,No,Yes,No,Two year,Yes,Credit card (automatic),70.23,4977.52,0
CUST-05658,Male,0,Yes,Yes,7,Yes,Yes,DSL,Yes,Yes,No,No,Yes,No,Two year,Yes,Electronic check,60.4,406.04,0
CUST-05659,Male,0,Yes,No,35,Yes,No,Fiber optic,No,No,No,No,No,Yes,Two year,Yes,Electronic check,84.31,2889.68,0
CUST-05660,Male,0,Yes,No,72,Yes,No,Fiber optic,No,Yes,No,No,Yes,No,Two year,Yes,Mailed check,72.12,5343.98,0
CUST-05661,Female,0,No,No,72,Yes,No,Fiber optic,No,Yes,Yes,No,No,Yes,Two year,Yes,Mailed check,48.54,3641.9,0
CUST-05662,Male,0,Yes,No,18,Yes,Yes,DSL,No,Yes,No,No,Yes,Yes,One year,Yes,Bank transfer (automatic),84.66,1492.44,0
CUST-05663,Male,0,Yes,No,32,Yes,No,DSL,No,Yes,No,Yes,Yes,No,One year,No,Electronic check,54.09,1807.16,1
CUST-05664,Female,1,No,No,24,No,No phone service,DSL,Yes,No,No,Yes,No,No,Month-to-month,No,Credit card (automatic),30.37,728.07,0
CUST-05665,Female,0,No,No,13,Yes,No,Fiber optic,No,Yes,Yes,No,No,No,Two year,Yes,Credit card (automatic),95.78,1306.51,0
CUST-05666,Male,0,No,No,4,Yes,Yes,No,No internet service,No internet service,No internet service,No internet service,No internet service,No internet service,One year,Yes,Electronic check,18.0,72.69,0
CUST-05667,Female,1,No,No,52,Yes,Yes,No,No internet service,No internet service,No internet service,No internet service,No internet service,No internet service,Two year,No,Mailed check,18.0,903.97,0
CUST-05668,Female,0,Yes,No,3,No,No phone service,No,No internet service,No internet service,No internet service,No internet service,No internet service,No internet service,Month-to-month,No,Credit card (automatic),23.79,73.13,0
CUST-05669,Male,0,No,No,30,Yes,Yes,No,No internet service,No internet service,No internet service,No internet service,No internet service,No internet service,Two year,Yes,Electronic check,21.87,645.41,0
CUST-05670,Male,0,Yes,Yes,28,Yes,Yes,DSL,Yes,No,No,No,Yes,Yes,One year,Yes,Bank transfer (automatic),75.39,2130.11,0
CUST-05671,Female,1,Yes,No,13,Yes,No,DSL,No,Yes,No,No,No,No,Month-to-month,Yes,Bank transfer (automatic),67.53,857.12,1
CUST-05672,Male,0,No,No,4,Yes,No,DSL,No,Yes,Yes,No,No,No,Month-to-month,No,Electronic check,52.32,213.92,0
CUST-05673,Male,0,No,No,51,Yes,Yes,Fiber optic,Yes,No,No,No,No,Yes,Two year,Yes,Electronic check,92.96,4545.25,0
CUST-05674,Female,0,No,No,19,Yes,No,No,No internet service,No internet service,No internet service,No internet service,No internet service,No internet service,Month-to-month,Yes,Bank transfer (automatic),18.97,362.52,0
CUST-05675,Male,0,No,No,41,Yes,Yes,No,No internet service,No internet service,No internet service,No internet service,No internet service,No internet service,Month-to-month,Yes,Bank transfer (automatic),18.02,709.62,0
CUST-05676,Male,0,No,No,1,Yes,Yes,No,No internet service,No internet service,No internet service,No internet service,No internet service,No internet service,Month-to-month,Yes,Bank transfer (automatic),18.0,18.74,0
CUST-05677,Male,0,Yes,Yes,2,Yes,Yes,Fiber optic,Yes,Yes,Yes,No,No,No,Month-to-month,Yes,Electronic check,46.31,89.43,1
CUST-05678,Male,0,No,No,6,Yes,No,DSL,No,No,No,No,No,No,Two year,No,Bank transfer (automatic),48.11,284.8,0
CUST-05679,Male,1,No,No,3,Yes,Yes,DSL,No,No,Yes,No,No,No,Month-to-month,No,Mailed check,71.96,210.48,1
CUST-05680,Female,0,No,No,6,Yes,No,Fiber optic,Yes,Yes,Yes,No,No,Yes,Month-to-month,Yes,Mailed check,81.3,498.52,1
CUST-05681,Female,1,Yes,No,37,Yes,No,DSL,No,No,Yes,No,No,No,One year,No,Bank transfer (automatic),62.16,2199.77,0
CUST-05682,Male,0,Yes,No,1,Yes,No,DSL,No,No,No,No,No,No,Two year,Yes,Mailed check,45.19,43.82,0
CUST-05683,Female,0,No,No,1,Yes,No,Fiber optic,No,Yes,No,No,No,Yes,Two year,Yes,Mailed check,89.74,91.07,0
CUST-05684,Male,0,Yes,No,1,Yes,Yes,Fiber optic,No,Yes,Yes,Yes,No,Yes,Month-to-month,No,Mailed check,73.62,71.62,0
CUST-05685,Male,0,No,Yes,38,Yes,No,Fiber optic,No,Yes,No,No,No,No,Two year,Yes,Credit card (automatic),75.4,2923.82,0
CUST-05686,Male,1,Yes,Yes,24,Yes,No,No,No internet service,No internet service,No internet service,No internet service,No internet service,No internet service,One year,Yes,Mailed check,19.01,441.03,0
CUST-05687,Male,0,Yes,No,14,Yes,No,Fiber optic,No,No,No,Yes,Yes,Yes,Month-to-month,Yes,Mailed check,85.45,1215.03,0
CUST-05688,Male,0,No,No,36,Yes,No,No,No internet service,No internet service,No internet service,No internet service,No internet service,No internet service,One year,Yes,Electronic check,25.52,915.78,0
CUST-05689,Female,0,Yes,No,25,Yes,No,No,No internet service,No internet service,No internet service,No internet service,No internet service,No internet service,Two year,No,Bank transfer (automatic),21.14,503.47,0
CUST-05690,Female,0,No,No,1,No,No phone service,Fiber optic,Yes,No,Yes,Yes,Yes,No,One year,No,Mailed check,71.34,72.13,0
CUST-05691,Male,0,Yes,Yes,58,Yes,No,Fiber optic,No,No,No,No,No,No,Two year,Yes,Bank transfer (automatic),75.58,4392.69,0
CUST-05692,Female,0,Yes,Yes,13,No,No phone service,DSL,No,No,No,Yes,No,No,Month-to-month,Yes,Electronic check,59.9,764.37,1
CUST-05693,Male,0,Yes,No,16,Yes,No,Fiber optic,No,No,No,No,Yes,Yes,One year,No,Electronic check,80.07,1319.68,0
CUST-05694,Female,0,No,No,48,Yes,No,DSL,No,No,No,No,Yes,Yes,Month-to-month,Yes,Electronic check,71.63,3415.31,0
CUST-05695,Male,0,Yes,No,6,Yes,No,Fiber optic,Yes,No,No,No,No,No,Two year,Yes,Bank transfer (automatic),47.45,285.85,0
CUST-05696,Female,0,No,No,1,Yes,No,Fiber optic,No,No,Yes,No,Yes,No,One year,No,Electronic check,80.2,83.84,1
CUST-05697,Male,0,No,No,72,Yes,Yes,DSL,No,No,No,No,Yes,No,One year,No,Electronic check,49.97,3661.8,1
CUST-05698,Male,0,No,No,22,Yes,No,No,No internet service,No internet service,No internet service,No internet service,No internet service,No internet service,One year,Yes,Mailed check,19.88,417.51,0
CUST-05699,Female,0,No,No,13,Yes,No,DSL,No,No,No,No,Yes,No,One year,Yes,Electronic check,53.43,717.77,0
CUST-05700,Female,0,Yes,No,54,Yes,No,Fiber optic,Yes,No,No,No,No,Yes,Two year,Yes,Electronic check,46.2,2413.25,0
CUST-05701,Male,0,Yes,No,1,No,No phone service,DSL,Yes,Yes,Yes,No,Yes,No,One year,No,Bank transfer (automatic),70.77,71.98,0
CUST-05702,Female,0,No,No,7,No,No phone service,DSL,No,No,No,No,No,Yes,Month-to-month,No,Bank transfer (automatic),87.38,633.77,1
CUST-05703,Male,0,Yes,No,5,Yes,No,Fiber optic,Yes,Yes,Yes,No,No,Yes,Month-to-month,No,Electronic check,47.93,249.03,1
CUST-05704,Female,0,No,No,42,Yes,No,Fiber optic,No,No,Yes,Yes,No,No,Month-to-month,Yes,Electronic check,48.67,1973.97,0
CUST-05705,Female,0,No,No,11,Yes,Yes,Fiber optic,No,No,No,No,No,Yes,Month-to-month,No,Electronic check,70.0,768.09,1
CUST-05706,Male,0,Yes,No,47,Yes,Yes,Fiber optic,No,No,No,No,No,No,One year,Yes,Credit card (automatic),65.48,3058.22,0
CUST-05707,Female,0,No,Yes,1,No,No phone service,Fiber optic,No,No,Yes,No,No,No,Month-to-month,No,Bank transfer (automatic),102.02,101.78,1
CUST-05708,Female,0,No,No,29,Yes,No,DSL,Yes,Yes,No,No,No,No,Month-to-month,No,Credit card (automatic),73.49,2050.41,0
CUST-05709,Male,0,Yes,No,12,Yes,No,No,No internet service,No internet service,No internet service,No internet service,No internet service,No internet service,Month-to-month,No,Bank transfer (automatic),19.56,239.19,0
CUST-05710,Female,0,No,Yes,6,Yes,Yes,Fiber optic,Yes,Yes,No,No,Yes,Yes,One year,Yes,Credit card (automatic),75.9,459.93,0
CUST-05711,Male,0,Yes,Yes,54,Yes,No,Fiber optic,No,No,Yes,Yes,No,No,One year,No,Credit card (automatic),99.53,5530.51,0
CUST-05712,Male,0,No,Yes,17,Yes,No,DSL,No,No,No,No,No,No,Month-to-month,Yes,Electronic check,67.21,1191.84,1
CUST-05713,Male,0,No,No,27,Yes,Yes,Fiber optic,No,Yes,No,Yes,No,No,Month-to-month,Yes,Electronic check,71.28,1894.47,1
CUST-05714,Male,0,No,No,1,Yes,Yes,No,No internet service,No internet service,No internet service,No internet service,No internet service,No internet service,Month-to-month,Yes,Mailed check,20.69,21.1,0
CUST-05715,Male,0,No,No,50,Yes,No,DSL,Yes,No,No,Yes,No,Yes,Month-to-month,No,Electronic check,56.84,2854.77,0
CUST-05716,Female,0,No,No,10,Yes,No,Fiber optic,No,Yes,Yes,Yes,No,No,Month-to-month,Yes,Mailed check,59.0,616.21,1
CUST-05717,Male,0,No,No,37,No,No phone service,Fiber optic,No,No,No,No,No,No,Month-to-month,Yes,Electronic check,90.79,3456.2,0
CUST-05718,Male,0,No,No,45,Yes,No,Fiber optic,No,No,No,Yes,Yes,No,Month-to-month,Yes,Credit card (automatic),45.08,1971.06,0
CUST-05719,Female,0,No,No,3,Yes,No,DSL,No,No,No,Yes,No,Yes,Month-to-month,Yes,Bank transfer (automatic),53.51,157.36,0
CUST-05720,Female,1,No,No,11,Yes,No,DSL,No,Yes,No,Yes,No,Yes,Month-to-month,Yes,Mailed check,62.29,685.37,1
CUST-05721,Female,0,No,No,41,Yes,No,DSL,No,Yes,Yes,Yes,No,No,One year,No,Mailed check,67.67,2700.03,1
CUST-05722,Male,0,No,No,8,Yes,No,DSL,Yes,Yes,No,No,No,Yes,One year,Yes,Mailed check,45.79,362.52,0
CUST-05723,Male,0,No,No,60,Yes,Yes,No,No internet service,No internet service,No internet service,No internet service,No internet service,No internet service,Month-to-month,No,Bank transfer (automatic),19.82,1189.27,0
CUST-05724,Male,0,No,No,11,Yes,No,No,No internet service,No internet service,No internet service,No internet service,No internet service,No internet service,Month-to-month,Yes,Mailed check,23.0,264.16,1
CUST-05725,Female,0,Yes,Yes,16,Yes,Yes,No,No internet service,No internet service,No internet service,No internet service,No internet service,No internet service,Month-to-month,Yes,Mailed check,18.0,275.69,0
CUST-05726,Male,0,No,No,3,Yes,Yes,Fiber optic,No,Yes,Yes,No,Yes,No,Two year,Yes,Bank transfer (automatic),107.78,333.52,0
CUST-05727,Female,0,No,No,5,No,No phone service,Fiber optic,No,Yes,No,No,No,Yes,Two year,No,Bank transfer (automatic),66.14,329.71,1
CUST-05728,Male,0,No,No,10,Yes,Yes,No,No internet service,No internet service,No internet service,No internet service,No internet service,No internet service,Two year,Yes,Bank transfer (automatic),25.09,260.48,0
CUST-05729,Female,0,Yes,Yes,1,No,No phone service,No,No internet service,No internet service,No internet service,No internet service,No internet service,No internet service,One year,No,Mailed check,28.12,26.85,0
CUST-05730,Male,0,No,No,6,Yes,No,Fiber optic,Yes,No,No,Yes,No,Yes,Two year,Yes,Mailed check,83.57,504.6,1
CUST-05731,Male,1,Yes,No,16,No,No phone service,Fiber optic,No,Yes,No,No,No,Yes,Month-to-month,No,Electronic check,48.24,783.35,0
CUST-05732,Male,0,Yes,No,15,Yes,No,Fiber optic,Yes,No,Yes,Yes,Yes,No,One year,No,Mailed check,86.57,1353.73,0
CUST-05733,Female,0,No,Yes,7,Yes,No,No,No internet service,No internet service,No internet service,No internet service,No internet service,No internet service,Month-to-month,Yes,Bank transfer (automatic),21.35,150.22,0
CUST-05734,Female,0,No,No,2,Yes,No,No,No internet service,No internet service,No internet service,No internet service,No internet service,No internet service,Month-to-month,Yes,Electronic check,25.16,51.99,1
CUST-05735,Male,0,Yes,No,12,Yes,Yes,DSL,No,Yes,No,No,Yes,No,Month-to-month,No,Electronic check,56.64,712.06,1
CUST-05736,Male,1,No,No,43,Yes,No,DSL,No,Yes,No,No,No,No,Month-to-month,No,Credit card (automatic),72.83,3074.28,0
CUST-05737,Male,0,Yes,No,22,Yes,No,DSL,No,No,Yes,No,No,No,Month-to-month,Yes,Mailed check,51.78,1195.27,1
CUST-05738,Female,0,Yes,Yes,72,Yes,No,Fiber optic,Yes,Yes,No,Yes,No,No,Month-to-month,No,Bank transfer (automatic),90.94,6335.22,0
CUST-05739,Male,0,Yes,No,4,Yes,Yes,DSL,No,No,Yes,Yes,No,Yes,Month-to-month,No,Electronic check,57.87,235.76,1
CUST-05740,Male,0,No,No,7,Yes,Yes,Fiber optic,No,No,No,No,Yes,Yes,One year,Yes,Mailed check,84.66,601.63,0
CUST-05741,Male,0,Yes,No,10,Yes,Yes,DSL,No,Yes,No,No,No,No,Month-to-month,Yes,Bank transfer (automatic),83.74,806.48,1
CUST-05742,Male,0,Yes,No,1,Yes,No,Fiber optic,No,No,No,No,Yes,No,One year,Yes,Credit card (automatic),88.09,84.48,1
CUST-05743,Female,0,No,No,72,Yes,No,DSL,No,No,No,Yes,No,Yes,Two year,Yes,Credit card (automatic),67.04,4876.37,0
CUST-05744,Female,0,Yes,Yes,18,No,No phone service,DSL,No,Yes,Yes,No,Yes,No,One year,Yes,Credit card (automatic),54.07,965.26,0
CUST-05745,Male,0,No,No,21,Yes,No,DSL,No,No,No,No,No,Yes,Month-to-month,No,Electronic check,44.86,902.85,0
CUST-05746,Male,1,No,Yes,5,Yes,No,No,No internet service,No internet service,No internet service,No internet service,No internet service,No internet service,Month-to-month,No,Mailed check,22.15,113.54,0
CUST-05747,Female,0,No,No,65,Yes,No,No,No internet service,No internet service,No internet service,No internet service,No internet service,No internet service,Month-to-month,Yes,Bank transfer (automatic),19.29,1204.41,0
CUST-05748,Female,0,Yes,No,37,Yes,No,DSL,No,No,Yes,No,No,Yes,Two year,Yes,Mailed check,49.15,1875.26,0
CUST-05749,Male,0,No,No,18,Yes,Yes,Fiber optic,No,No,Yes,No,Yes,No,Month-to-month,No,Mailed check,63.71,1101.06,1
CUST-05750,Female,0,No,No,67,No,No phone service,DSL,No,No,No,No,Yes,Yes,One year,No,Credit card (automatic),44.97,3077.33,0
CUST-05751,Female,0,Yes,Yes,72,Yes,No,Fiber optic,Yes,Yes,Yes,Yes,No,Yes,Month-to-month,Yes,Credit card (automatic),87.87,6560.53,0
CUST-05752,Male,0,Yes,No,1,Yes,Yes,No,No internet service,No internet service,No internet service,No internet service,No internet service,No internet service,Two year,Yes,Credit card (automatic),19.01,19.69,0
CUST-05753,Female,0,No,Yes,4,Yes,No,No,No internet service,No internet service,No internet service,No internet service,No internet service,No internet service,Month-to-month,No,Mailed check,20.87,85.56,0
CUST-05754,Female,1,Yes,No,1,Yes,No,DSL,No,Yes,No,Yes,Yes,No,One year,No,Electronic check,30.03,29.1,1
CUST-05755,Male,0,No,No,27,Yes,No,DSL,No,Yes,No,Yes,No,No,One year,Yes,Mailed check,38.18,1028.25,0
CUST-05756,Male,0,No,No,7,Yes,Yes,DSL,No,No,No,No,No,Yes,Month-to-month,No,Bank transfer (automatic),51.44,354.82,0
CUST-05757,Female,1,Yes,No,59,No,No phone service,DSL,Yes,No,Yes,Yes,Yes,No,Month-to-month,No,Mailed check,80.02,4701.41,0
CUST-05758,Male,1,Yes,Yes,20,Yes,No,DSL,No,No,Yes,No,No,Yes,Month-to-month,No,Electronic check,43.05,882.2,1
CUST-05759,Female,0,No,Yes,58,Yes,Yes,No,No internet service,No internet service,No internet service,No internet service,No internet service,No internet service,One year,No,Credit card (automatic),22.03,1323.35,0
CUST-05760,Male,0,Yes,No,25,No,No phone service,No,No internet service,No internet service,No internet service,No internet service,No internet service,No internet service,Month-to-month,Yes,Electronic check,28.21,716.3,0
CUST-05761,Female,0,No,No,50,Yes,Yes,DSL,No,No,No,Yes,Yes,Yes,Month-to-month,Yes,Credit card (automatic),58.18,2767.82,0
CUST-05762,Male,1,Yes,Yes,14,Yes,No,Fiber optic,No,Yes,No,No,Yes,Yes,Month-to-month,Yes,Credit card (automatic),78.9,1063.33,1
CUST-05763,Female,1,No,No,72,Yes,No,No,No internet service,No internet service,No internet service,No internet service,No internet service,No internet service,Month-to-month,Yes,Credit card (automatic),22.88,1621.13,0
CUST-05764,Female,0,No,No,35,No,No phone service,DSL,No,Yes,No,No,No,No,Month-to-month,Yes,Credit card (automatic),47.25,1721.1,0
CUST-05765,Female,0,Yes,No,28,Yes,No,Fiber optic,No,No,No,No,No,No,Month-to-month,No,Electronic check,60.23,1704.24,0
CUST-05766,Male,0,Yes,No,13,Yes,Yes,DSL,No,No,Yes,No,No,No,Month-to-month,No,Mailed check,62.96,843.27,1
CUST-05767,Male,0,No,No,72,Yes,Yes,Fiber optic,Yes,No,No,No,Yes,No,Month-to-month,Yes,Credit card (automatic),102.37,7340.67,1
CUST-05768,Female,0,No,No,13,Yes,Yes,DSL,Yes,No,No,Yes,Yes,Yes,One year,No,Electronic check,52.43,710.96,0
CUST-05769,Female,1,Yes,No,57,Yes,No,Fiber optic,No,Yes,No,Yes,Yes,Yes,One year,No,Electronic check,56.1,3126.5,0
CUST-05770,Male,0,No,No,16,Yes,No,Fiber optic,No,Yes,No,Yes,Yes,No,Month-to-month,No,Mailed check,61.17,1014.19,1
CUST-05771,Male,0,Yes,No,46,Yes,Yes,DSL,No,No,No,No,No,No,Month-to-month,No,Mailed check,90.26,4016.39,1
CUST-05772,Male,0,No,Yes,72,Yes,No,Fiber optic,No,No,Yes,No,No,Yes,Two year,Yes,Credit card (automatic),66.43,4890.51,0
CUST-05773,Male,0,No,No,20,Yes,Yes,DSL,Yes,No,No,No,Yes,No,Month-to-month,No,Mailed check,76.15,1551.07,0
CUST-05774,Male,0,Yes,No,23,Yes,No,Fiber optic,No,No,No,Yes,No,No,Month-to-month,Yes,Electronic check,50.16,1108.85,0
CUST-05775,Male,0,Yes,No,12,Yes,Yes,Fiber optic,No,Yes,Yes,No,No,Yes,Month-to-month,No,Mailed check,63.72,790.71,1
CUST-05776,Female,0,Yes,No,1,Yes,No,DSL,Yes,No,No,Yes,No,Yes,One year,Yes,Mailed check,48.08,49.65,0
CUST-05777,Male,0,No,No,33,Yes,No,DSL,No,No,No,Yes,No,No,Month-to-month,No,Bank transfer (automatic),56.19,1922.28,1
CUST-05778,Female,0,Yes,No,4,Yes,No,Fiber optic,Yes,No,No,No,No,No,Two year,No,Credit card (automatic),66.41,259.27,0
CUST-05779,Male,0,Yes,No,13,Yes,Yes,DSL,No,No,Yes,No,No,No,Month-to-month,No,Mailed check,55.39,694.34,0
CUST-05780,Male,0,No,No,13,Yes,No,No,No internet service,No internet service,No internet service,No internet service,No internet service,No internet service,Month-to-month,No,Mailed check,18.74,242.59,1
CUST-05781,Female,0,Yes,No,5,Yes,No,No,No internet service,No internet service,No internet service,No internet service,No internet service,No internet service,One year,No,Bank transfer (automatic),21.0,108.76,0
CUST-05782,Female,0,No,No,35,Yes,Yes,DSL,No,Yes,No,Yes,No,No,Month-to-month,Yes,Credit card (automatic),57.81,2083.97,0
CUST-05783,Male,0,Yes,No,6,Yes,No,No,No internet service,No internet service,No internet service,No internet service,No internet service,No internet service,Month-to-month,Yes,Bank transfer (automatic),20.75,126.86,1
CUST-05784,Female,0,Yes,No,48,Yes,No,Fiber optic,No,No,No,No,No,No,Month-to-month,Yes,Electronic check,72.66,3656.97,1
CUST-05785,Female,0,Yes,No,9,Yes,Yes,No,No internet service,No internet service,No internet service,No internet service,No internet service,No internet service,Month-to-month,No,Credit card (automatic),21.4,195.46,1
CUST-05786,Female,1,No,No,10,Yes,No,Fiber optic,No,No,Yes,No,Yes,No,Two year,No,Bank transfer (automatic),76.78,798.51,1
CUST-05787,Female,0,No,No,13,Yes,Yes,No,No internet service,No internet service,No internet service,No internet service,No internet service,No internet service,Month-to-month,Yes,Electronic check,18.3,236.85,0
CUST-05788,Male,0,No,Yes,5,Yes,Yes,Fiber optic,Yes,No,Yes,No,No,No,Month-to-month,Yes,Electronic check,82.99,427.07,1
CUST-05789,Female,0,Yes,No,18,Yes,No,No,No internet service,No internet service,No internet service,No internet service,No internet service,No internet service,Month-to-month,Yes,Electronic check,23.76,435.56,0
CUST-05790,Male,0,Yes,No,2,No,No phone service,No,No internet service,No internet service,No internet service,No internet service,No internet service,No internet service,Month-to-month,Yes,Credit card (automatic),23.51,44.89,0
CUST-05791,Male,0,No,No,17,Yes,No,Fiber optic,Yes,Yes,No,No,No,Yes,One year,Yes,Electronic check,81.51,1368.08,1
CUST-05792,Male,1,Yes,No,13,Yes,No,Fiber optic,No,No,Yes,No,Yes,No,Month-to-month,Yes,Bank transfer (automatic),71.75,962.95,0
CUST-05793,Male,0,Yes,Yes,13,Yes,No,Fiber optic,No,No,Yes,No,Yes,Yes,Two year,Yes,Electronic check,70.69,907.67,0
CUST-05794,Female,0,Yes,No,34,No,No phone service,Fiber optic,No,No,Yes,Yes,No,No,Month-to-month,Yes,Electronic check,74.8,2490.55,1
CUST-05795,Female,0,No,No,46,Yes,No,Fiber optic,No,No,No,No,No,Yes,Two year,No,Mailed check,83.13,3642.95,0
CUST-05796,Male,1,No,No,14,Yes,Yes,Fiber optic,No,No,Yes,Yes,Yes,No,Month-to-month,Yes,Electronic check,69.68,941.82,1
CUST-05797,Male,0,Yes,Yes,9,Yes,No,No,No internet service,No internet service,No internet service,No internet service,No internet service,No internet service,Month-to-month,No,Credit card (automatic),20.22,175.74,1
CUST-05798,Male,0,Yes,No,21,Yes,Yes,No,No internet service,No internet service,No internet service,No internet service,No internet service,No internet service,Two year,No,Mailed check,24.74,541.81,0
CUST-05799,Male,0,No,No,49,Yes,No,Fiber optic,No,Yes,No,No,No,No,Month-to-month,No,Mailed check,69.31,3271.38,0
CUST-05800,Female,0,No,No,33,Yes,No,DSL,Yes,No,No,Yes,Yes,Yes,Two year,No,Credit card (automatic),63.68,2099.2,0
CUST-05801,Male,1,Yes,No,1,Yes,Yes,Fiber optic,Yes,No,No,Yes,Yes,No,Month-to-month,No,Mailed check,78.77,80.94,1
CUST-05802,Female,0,No,No,20,Yes,Yes,DSL,No,Yes,No,Yes,No,Yes,Month-to-month,Yes,Bank transfer (automatic),49.17,982.62,0
CUST-05803,Male,0,Yes,No,72,Yes,No,DSL,No,Yes,No,No,Yes,Yes,One year,Yes,Credit card (automatic),50.99,3639.16,0
CUST-05804,Male,1,Yes,No,13,Yes,No,Fiber optic,No,No,No,No,No,No,Two year,Yes,Bank transfer (automatic),76.14,1029.93,0
CUST-05805,Male,1,Yes,Yes,18,Yes,No,DSL,No,No,Yes,No,Yes,Yes,Two year,No,Bank transfer (automatic),71.54,1339.04,0
CUST-05806,Male,0,Yes,Yes,10,Yes,No,Fiber optic,No,Yes,No,Yes,No,No,Two year,No,Bank transfer (automatic),79.48,822.11,1
CUST-05807,Female,1,Yes,No,22,Yes,No,DSL,No,No,No,No,No,No,Month-to-month,Yes,Electronic check,91.07,2001.19,0
CUST-05808,Female,0,No,No,5,Yes,No,Fiber optic,No,Yes,No,No,No,No,Month-to-month,Yes,Electronic check,117.97,593.92,1
CUST-05809,Female,0,Yes,No,9,Yes,No,Fiber optic,No,Yes,No,No,No,Yes,One year,Yes,Bank transfer (automatic),73.75,642.55,1
CUST-05810,Male,1,Yes,No,39,Yes,No,DSL,Yes,Yes,No,No,No,Yes,One year,No,Electronic check,56.68,2288.98,0
CUST-05811,Male,0,Yes,No,4,Yes,Yes,DSL,No,No,No,Yes,Yes,Yes,Two year,Yes,Electronic check,71.64,277.5,0
CUST-05812,Female,0,No,Yes,72,No,No phone service,DSL,No,No,No,No,No,No,Month-to-month,Yes,Electronic check,56.44,3932.17,0
CUST-05813,Female,0,No,No,11,Yes,No,DSL,No,Yes,Yes,No,No,No,Month-to-month,Yes,Bank transfer (automatic),64.09,738.07,1
CUST-05814,Male,0,Yes,Yes,27,No,No phone service,DSL,No,No,No,No,Yes,Yes,One year,Yes,Bank transfer (automatic),61.44,1634.73,0
CUST-05815,Male,0,Yes,No,12,Yes,No,Fiber optic,No,No,No,No,Yes,No,Month-to-month,Yes,Credit card (automatic),96.31,1208.92,1
CUST-05816,Female,0,Yes,Yes,20,Yes,Yes,Fiber optic,Yes,Yes,Yes,No,No,Yes,Month-to-month,No,Bank transfer (automatic),47.13,983.79,1
CUST-05817,Male,0,Yes,No,72,Yes,No,No,No internet service,No internet service,No internet service,No internet service,No internet service,No internet service,One year,Yes,Mailed check,24.45,1831.23,0
CUST-05818,Male,0,Yes,No,2,Yes,No,Fiber optic,No,Yes,No,Yes,No,No,Two year,No,Electronic check,91.35,190.19,0
CUST-05819,Female,0,No,No,62,Yes,No,Fiber optic,No,No,No,No,Yes,No,Month-to-month,No,Bank transfer (automatic),52.75,3303.97,0
CUST-05820,Male,1,No,No,26,Yes,No,DSL,No,No,No,No,No,No,Month-to-month,Yes,Mailed check,56.05,1390.89,1
CUST-05821,Female,0,No,No,35,No,No phone service,Fiber optic,No,No,Yes,No,No,No,Two year,Yes,Credit card (automatic),66.89,2428.41,0
CUST-05822,Male,0,Yes,No,1,Yes,No,No,No internet service,No internet service,No internet service,No internet service,No internet service,No internet service,Two year,No,Credit card (automatic),23.28,24.39,0
CUST-05823,Female,0,Yes,No,45,Yes,Yes,Fiber optic,No,No,No,No,No,No,Month-to-month,Yes,Mailed check,109.76,5085.5,0
CUST-05824,Male,0,No,No,4,Yes,No,Fiber optic,Yes,No,No,Yes,Yes,No,One year,No,Mailed check,88.03,357.43,0
CUST-05825,Female,1,No,No,72,Yes,Yes,Fiber optic,Yes,No,Yes,Yes,No,No,Month-to-month,Yes,Credit card (automatic),44.44,3105.71,0
CUST-05826,Female,0,Yes,No,51,Yes,Yes,DSL,No,No,No,Yes,Yes,Yes,Two year,Yes,Mailed check,54.68,2910.61,0
CUST-05827,Female,0,No,No,21,Yes,No,DSL,No,Yes,No,No,No,No,One year,Yes,Bank transfer (automatic),31.78,638.02,0
CUST-05828,Female,0,Yes,No,72,Yes,No,DSL,No,No,No,No,Yes,No,Month-to-month,No,Mailed check,61.73,4403.69,0
CUST-05829,Male,0,Yes,No,5,Yes,No,DSL,No,No,Yes,No,No,No,Two year,No,Bank transfer (automatic),56.43,278.29,0
CUST-05830,Male,0,Yes,No,72,Yes,No,DSL,No,No,Yes,No,No,Yes,Two year,No,Electronic check,36.99,2757.56,1
CUST-05831,Female,0,No,No,40,Yes,No,Fiber optic,Yes,No,No,Yes,No,No,Month-to-month,No,Credit card (automatic),77.79,2990.04,1
CUST-05832,Male,0,Yes,Yes,3,Yes,No,DSL,No,No,No,No,Yes,No,Month-to-month,No,Credit card (automatic),64.05,185.69,0
CUST-05833,Male,0,No,No,24,Yes,No,Fiber optic,No,No,No,No,No,No,One year,Yes,Bank transfer (automatic),47.38,1110.97,1
CUST-05834,Male,0,Yes,No,39,No,No phone service,Fiber optic,Yes,No,No,No,No,No,One year,No,Mailed check,70.18,2710.05,0
CUST-05835,Male,0,Yes,No,30,Yes,Yes,DSL,No,No,No,No,No,Yes,One year,No,Mailed check,61.1,1846.71,0
CUST-05836,Male,0,No,No,17,Yes,Yes,Fiber optic,No,No,Yes,No,No,Yes,Month-to-month,Yes,Bank transfer (automatic),77.45,1365.67,1
CUST-05837,Female,0,Yes,Yes,9,Yes,No,DSL,No,No,No,No,Yes,No,Month-to-month,Yes,Electronic check,68.59,612.96,0
CUST-05838,Female,0,Yes,No,8,No,No phone service,DSL,Yes,Yes,Yes,No,No,Yes,Two year,No,Electronic check,42.15,329.44,0
CUST-05839,Female,0,Yes,No,72,Yes,No,Fiber optic,Yes,No,No,No,No,No,Two year,Yes,Credit card (automatic),70.76,4876.8,0
CUST-05840,Female,0,No,No,8,Yes,No,No,No internet service,No internet service,No internet service,No internet service,No internet service,No internet service,Two year,Yes,Credit card (automatic),18.04,141.45,0
CUST-05841,Male,0,No,No,72,Yes,No,No,No internet service,No internet service,No internet service,No internet service,No internet service,No internet service,One year,Yes,Electronic check,20.07,1435.42,0
CUST-05842,Male,0,Yes,Yes,7,Yes,Yes,Fiber optic,Yes,No,Yes,Yes,No,No,Month-to-month,Yes,Electronic check,82.67,591.46,1
CUST-05843,Female,0,Yes,No,15,Yes,Yes,Fiber optic,No,No,No,No,Yes,Yes,One year,No,Credit card (automatic),46.33,684.5,1
CUST-05844,Male,0,No,No,1,Yes,Yes,Fiber optic,No,No,No,No,Yes,Yes,Month-to-month,Yes,Electronic check,71.72,73.68,0
CUST-05845,Male,0,Yes,No,72,Yes,Yes,DSL,No,No,No,No,No,No,Month-to-month,Yes,Bank transfer (automatic),63.68,4508.46,0
CUST-05846,Female,0,Yes,Yes,3,Yes,Yes,DSL,No,Yes,No,No,No,Yes,Two year,Yes,Mailed check,59.18,168.72,0
CUST-05847,Male,0,Yes,Yes,14,Yes,Yes,DSL,No,Yes,No,Yes,No,Yes,Month-to-month,Yes,Credit card (automatic),61.6,831.15,1
CUST-05848,Female,0,No,No,59,Yes,Yes,DSL,No,No,Yes,No,No,Yes,Month-to-month,No,Bank transfer (automatic),80.6,4619.11,0
CUST-05849,Female,0,Yes,No,50,Yes,No,Fiber optic,No,Yes,Yes,Yes,No,No,Month-to-month,No,Mailed check,74.77,3688.97,1
CUST-05850,Male,1,No,No,58,Yes,No,DSL,No,No,No,No,Yes,Yes,Two year,Yes,Electronic check,51.44,2849.03,0
CUST-05851,Male,0,No,No,72,Yes,No,DSL,No,No,No,Yes,No,No,Month-to-month,No,Electronic check,61.44,4570.63,0
CUST-05852,Female,0,No,No,72,Yes,No,No,No internet service,No internet service,No internet service,No internet service,No internet service,No internet service,One year,No,Credit card (automatic),21.8,1527.38,0
CUST-05853,Female,0,No,No,47,Yes,Yes,DSL,No,No,No,No,Yes,No,Month-to-month,No,Electronic check,63.95,3085.91,0
CUST-05854,Male,0,Yes,No,27,Yes,No,No,No internet service,No internet service,No internet service,No internet service,No internet service,No internet service,One year,Yes,Electronic check,18.0,491.73,0
CUST-05855,Female,0,No,No,26,Yes,Yes,DSL,No,Yes,No,No,No,Yes,One year,No,Electronic check,50.64,1365.84,0
CUST-05856,Female,1,No,No,1,Yes,No,Fiber optic,Yes,Yes,Yes,No,Yes,No,Month-to-month,No,Electronic check,70.04,69.31,1
CUST-05857,Female,0,No,Yes,41,Yes,No,Fiber optic,No,Yes,No,No,Yes,Yes,Month-to-month,Yes,Bank transfer (automatic),98.53,4107.99,1
CUST-05858,Male,0,Yes,No,8,Yes,No,Fiber optic,No,No,No,No,No,Yes,Two year,Yes,Credit card (automatic),78.69,621.36,1
CUST-05859,Female,0,Yes,No,56,Yes,Yes,Fiber optic,No,No,No,No,No,No,One year,No,Electronic check,107.1,6154.1,0
CUST-05860,Male,1,No,Yes,25,Yes,No,Fiber optic,No,No,No,No,No,No,Month-to-month,No,Credit card (automatic),67.11,1662.96,1
CUST-05861,Female,0,Yes,Yes,72,Yes,Yes,No,No internet service,No internet service,No internet service,No internet service,No internet service,No internet service,One year,Yes,Electronic check,20.82,1562.66,0
CUST-05862,Male,0,Yes,No,7,Yes,No,Fiber optic,No,Yes,Yes,No,No,No,Month-to-month,No,Credit card (automatic),73.48,537.23,1
CUST-05863,Female,0,No,No,41,Yes,Yes,Fiber optic,No,No,No,Yes,Yes,No,One year,No,Mailed check,73.3,3143.18,0
CUST-05864,Male,1,No,No,25,Yes,Yes,DSL,Yes,No,No,No,No,Yes,Month-to-month,Yes,Credit card (automatic),62.74,1600.72,0
CUST-05865,Male,0,Yes,No,72,Yes,Yes,Fiber optic,Yes,Yes,No,No,No,No,Month-to-month,Yes,Electronic check,87.33,6123.16,0
CUST-05866,Male,0,No,No,9,Yes,Yes,Fiber optic,No,Yes,No,No,No,Yes,Month-to-month,Yes,Credit card (automatic),61.19,568.96,1
CUST-05867,Female,0,No,No,1,Yes,Yes,Fiber optic,Yes,No,Yes,No,Yes,No,Two year,Yes,Electronic check,75.97,73.69,0
CUST-05868,Female,0,Yes,No,25,Yes,Yes,Fiber optic,No,No,No,No,Yes,No,Two year,Yes,Electronic check,53.0,1357.54,0
CUST-05869,Female,0,No,No,23,Yes,No,DSL,No,Yes,No,No,Yes,No,Two year,Yes,Bank transfer (automatic),59.16,1424.91,0
CUST-05870,Male,0,No,Yes,11,Yes,Yes,No,No internet service,No internet service,No internet service,No internet service,No internet service,No internet service,One year,Yes,Electronic check,22.62,246.02,1
CUST-05871,Female,0,No,No,72,No,No phone service,DSL,No,No,No,No,No,Yes,Two year,Yes,Credit card (automatic),53.53,3667.79,0
CUST-05872,Male,0,No,No,2,Yes,Yes,DSL,No,No,Yes,No,No,No,One year,Yes,Bank transfer (automatic),49.87,102.95,0
CUST-05873,Female,0,No,No,26,Yes,Yes,Fiber optic,Yes,No,No,No,No,No,Month-to-month,No,Electronic check,99.06,2663.0,1
CUST-05874,Male,0,Yes,No,9,Yes,Yes,No,No internet service,No internet service,No internet service,No internet service,No internet service,No internet service,Two year,No,Electronic check,24.12,210.9,0
CUST-05875,Male,0,Yes,No,1,Yes,No,DSL,No,No,No,No,No,No,Two year,No,Electronic check,38.29,38.4,0
CUST-05876,Male,0,Yes,No,72,Yes,No,Fiber optic,Yes,Yes,No,No,No,No,One year,Yes,Bank transfer (automatic),93.1,6644.25,0
CUST-05877,Female,0,No,No,21,Yes,No,DSL,No,Yes,No,No,No,No,Two year,No,Credit card (automatic),66.45,1327.01,0
CUST-05878,Female,0,No,No,62,Yes,No,DSL,No,No,No,Yes,Yes,Yes,Two year,Yes,Bank transfer (automatic),38.39,2438.93,0
CUST-05879,Female,0,Yes,No,58,Yes,No,No,No internet service,No internet service,No internet service,No internet service,No internet service,No internet service,Month-to-month,Yes,Bank transfer (automatic),19.84,1130.21,0
CUST-05880,Male,1,Yes,Yes,53,Yes,No,No,No internet service,No internet service,No internet service,No internet service,No internet service,No internet service,Month-to-month,Yes,Electronic check,18.72,1036.3,0
CUST-05881,Male,0,Yes,No,19,Yes,Yes,DSL,Yes,No,No,Yes,No,No,Month-to-month,No,Credit card (automatic),68.37,1341.05,0
CUST-05882,Female,0,Yes,No,72,Yes,No,No,No internet service,No internet service,No internet service,No internet service,No internet service,No internet service,Month-to-month,Yes,Credit card (automatic),27.68,2054.03,0
CUST-05883,Female,0,Yes,No,14,Yes,Yes,Fiber optic,No,Yes,Yes,No,No,No,Two year,Yes,Electronic check,72.53,1040.73,0
CUST-05884,Female,0,Yes,Yes,16,Yes,Yes,DSL,Yes,No,Yes,Yes,Yes,Yes,Two year,No,Mailed check,39.97,641.3,0
CUST-05885,Male,0,No,No,9,Yes,Yes,Fiber optic,No,No,Yes,No,Yes,No,One year,Yes,Electronic check,83.41,728.12,0
CUST-05886,Male,0,Yes,Yes,19,Yes,No,No,No internet service,No internet service,No internet service,No internet service,No internet service,No internet service,One year,Yes,Credit card (automatic),20.01,381.38,0
CUST-05887,Male,0,No,Yes,72,Yes,No,Fiber optic,Yes,No,No,No,No,Yes,Month-to-month,No,Electronic check,111.72,7743.36,0
CUST-05888,Male,0,No,No,27,Yes,Yes,No,No internet service,No internet service,No internet service,No internet service,No internet service,No internet service,Two year,No,Mailed check,29.22,824.91,0
CUST-05889,Male,0,No,No,56,Yes,No,Fiber optic,No,Yes,No,No,No,Yes,Two year,No,Bank transfer (automatic),74.5,4021.25,0
CUST-05890,Female,0,Yes,Yes,9,Yes,No,DSL,Yes,Yes,No,Yes,No,No,Month-to-month,Yes,Electronic check,47.07,403.57,0
CUST-05891,Male,0,No,No,72,Yes,Yes,Fiber optic,No,No,Yes,No,No,No,Month-to-month,Yes,Electronic check,71.2,4877.55,0
CUST-05892,Male,0,No,No,1,No,No phone service,Fiber optic,No,No,No,No,Yes,No,Month-to-month,No,Credit card (automatic),51.9,53.56,0
CUST-05893,Male,1,Yes,No,72,Yes,Yes,Fiber optic,No,No,No,No,No,Yes,One year,Yes,Electronic check,99.0,7065.04,0
CUST-05894,Male,0,Yes,No,72,Yes,No,No,No internet service,No internet service,No internet service,No internet service,No internet service,No internet service,Month-to-month,Yes,Bank transfer (automatic),21.63,1505.57,0
CUST-05895,Male,0,Yes,No,2,Yes,Yes,Fiber optic,No,No,No,No,Yes,Yes,Month-to-month,Yes,Bank transfer (automatic),74.54,153.12,1
CUST-05896,Female,0,No,No,29,Yes,Yes,Fiber optic,No,No,Yes,No,Yes,Yes,Month-to-month,Yes,Mailed check,85.76,2492.97,0
CUST-05897,Male,0,No,No,49,Yes,No,No,No internet service,No internet service,No internet service,No internet service,No internet service,No internet service,One year,Yes,Electronic check,24.26,1198.3,0
CUST-05898,Male,0,Yes,No,16,Yes,Yes,DSL,Yes,Yes,Yes,Yes,Yes,Yes,Two year,No,Electronic check,52.58,846.06,0
CUST-05899,Male,0,Yes,No,3,Yes,Yes,Fiber optic,No,No,No,No,Yes,No,Two year,No,Mailed check,61.91,193.09,0
CUST-05900,Female,0,No,No,56,Yes,No,DSL,No,No,No,No,No,No,One year,Yes,Electronic check,71.36,3935.44,0
CUST-05901,Female,0,No,No,20,Yes,No,DSL,No,No,No,Yes,No,Yes,Month-to-month,No,Bank transfer (automatic),53.39,1115.76,0
CUST-05902,Female,1,No,No,9,Yes,No,Fiber optic,No,No,No,Yes,No,No,Month-to-month,No,Mailed check,83.41,723.16,1
CUST-05903,Male,0,No,No,2,Yes,No,No,No internet service,No internet service,No internet service,No internet service,No internet service,No internet service,Month-to-month,Yes,Bank transfer (automatic),24.09,48.63,0
CUST-05904,Female,1,No,No,32,Yes,No,Fiber optic,No,No,Yes,No,Yes,No,Month-to-month,No,Mailed check,63.69,2083.06,1
CUST-05905,Male,0,No,Yes,1,Yes,Yes,Fiber optic,Yes,No,Yes,No,No,No,Month-to-month,No,Bank transfer (automatic),61.64,62.5,0
CUST-05906,Male,0,Yes,No,50,Yes,No,No,No internet service,No internet service,No internet service,No internet service,No internet service,No internet service,Month-to-month,Yes,Credit card (automatic),23.21,1210.45,0
CUST-05907,Female,0,Yes,No,47,Yes,Yes,No,No internet service,No internet service,No internet service,No internet service,No internet service,No internet service,Month-to-month,No,Credit card (automatic),23.23,1060.32,0
CUST-05908,Male,0,No,No,12,Yes,No,Fiber optic,No,No,Yes,No,Yes,No,One year,Yes,Electronic check,97.31,1197.29,0
CUST-05909,Male,1,Yes,Yes,20,Yes,No,DSL,No,No,No,No,Yes,Yes,Month-to-month,Yes,Bank transfer (automatic),48.76,970.45,0
CUST-05910,Male,0,Yes,No,35,Yes,Yes,Fiber optic,No,No,Yes,No,No,No,One year,Yes,Mailed check,60.74,2078.38,1
CUST-05911,Female,0,No,No,72,Yes,Yes,No,No internet service,No internet service,No internet service,No internet service,No internet service,No internet service,One year,Yes,Bank transfer (automatic),20.92,1438.27,0
CUST-05912,Male,1,No,No,23,Yes,No,DSL,No,No,No,No,No,No,Month-to-month,No,Electronic check,54.47,1209.6,1
CUST-05913,Male,0,No,No,72,Yes,Yes,Fiber optic,Yes,No,No,Yes,No,No,Two year,Yes,Electronic check,83.82,5888.82,0
CUST-05914,Female,0,No,No,12,No,No phone service,Fiber optic,No,No,No,No,No,No,Two year,No,Mailed check,63.37,769.49,0
CUST-05915,Male,0,No,No,23,Yes,Yes,No,No internet service,No internet service,No internet service,No internet service,No internet service,No internet service,Month-to-month,No,Electronic check,29.45,708.31,0
CUST-05916,Male,0,Yes,No,3,Yes,No,Fiber optic,No,Yes,No,Yes,No,Yes,One year,No,Bank transfer (automatic),58.82,172.82,0
CUST-05917,Female,0,No,No,26,Yes,No,Fiber optic,No,No,Yes,No,No,No,Month-to-month,No,Bank transfer (automatic),50.07,1247.93,0
CUST-05918,Male,0,Yes,No,24,Yes,No,DSL,No,No,No,Yes,No,No,Month-to-month,No,Electronic check,70.33,1664.18,0
CUST-05919,Male,0,Yes,No,60,Yes,No,Fiber optic,Yes,No,Yes,Yes,No,No,Month-to-month,Yes,Mailed check,44.8,2821.08,0
CUST-05920,Male,0,Yes,No,72,Yes,No,Fiber optic,No,No,No,No,No,Yes,Month-to-month,No,Bank transfer (automatic),56.14,4156.63,0
CUST-05921,Male,0,No,Yes,72,Yes,No,DSL,Yes,No,No,No,No,Yes,Two year,Yes,Credit card (automatic),66.0,4589.6,0
CUST-05922,Male,1,Yes,No,8,Yes,Yes,Fiber optic,Yes,No,No,Yes,No,No,Month-to-month,Yes,Credit card (automatic),75.06,581.49,1
CUST-05923,Female,0,No,No,13,Yes,No,Fiber optic,No,Yes,Yes,No,No,Yes,One year,No,Electronic check,71.54,938.89,0
CUST-05924,Female,0,Yes,Yes,10,Yes,No,DSL,No,No,Yes,Yes,No,Yes,One year,No,Mailed check,51.05,494.91,0
CUST-05925,Female,0,Yes,No,7,Yes,No,DSL,No,No,No,No,No,No,Two year,Yes,Credit card (automatic),60.64,445.54,0
CUST-05926,Female,0,No,Yes,5,Yes,No,DSL,No,No,Yes,Yes,No,No,One year,No,Credit card (automatic),54.16,279.19,0
CUST-05927,Male,0,No,No,22,Yes,No,Fiber optic,Yes,Yes,Yes,No,Yes,Yes,Month-to-month,Yes,Mailed check,99.43,2082.5,0
CUST-05928,Male,0,Yes,No,65,Yes,No,No,No internet service,No internet service,No internet service,No internet service,No internet service,No internet service,One year,Yes,Electronic check,27.26,1734.84,0
CUST-05929,Male,1,No,No,28,Yes,No,No,No internet service,No internet service,No internet service,No internet service,No internet service,No internet service,Month-to-month,Yes,Mailed check,18.7,511.66,0
CUST-05930,Male,0,No,No,65,Yes,Yes,No,No internet service,No internet service,No internet service,No internet service,No internet service,No internet service,Two year,Yes,Mailed check,21.2,1422.36,0
CUST-05931,Male,0,No,No,72,No,No phone service,Fiber optic,No,No,Yes,No,No,No,One year,Yes,Mailed check,70.81,5049.9,0
CUST-05932,Female,0,No,No,15,Yes,Yes,Fiber optic,Yes,No,No,No,No,No,Month-to-month,Yes,Electronic check,68.57,1009.18,0
CUST-05933,Female,0,Yes,No,57,Yes,No,No,No internet service,No internet service,No internet service,No internet service,No internet service,No internet service,One year,Yes,Electronic check,18.0,1044.37,0
CUST-05934,Male,0,No,No,1,Yes,No,DSL,No,Yes,No,No,Yes,No,Month-to-month,No,Bank transfer (automatic),60.78,62.8,1
CUST-05935,Male,0,Yes,No,20,Yes,No,DSL,Yes,No,No,No,No,No,Month-to-month,Yes,Bank transfer (automatic),67.88,1420.19,0
CUST-05936,Male,0,Yes,No,14,No,No phone service,Fiber optic,Yes,Yes,No,Yes,Yes,No,One year,Yes,Mailed check,65.12,944.99,0
CUST-05937,Female,1,No,No,7,Yes,No,DSL,No,No,No,No,No,Yes,Month-to-month,Yes,Mailed check,82.86,592.2,0
CUST-05938,Male,0,Yes,No,18,Yes,Yes,Fiber optic,No,No,Yes,Yes,No,No,One year,No,Credit card (automatic),72.29,1284.55,0
CUST-05939,Male,0,Yes,No,18,Yes,No,Fiber optic,No,No,No,No,No,Yes,Month-to-month,No,Electronic check,70.98,1280.44,1
CUST-05940,Male,0,No,No,52,Yes,Yes,Fiber optic,Yes,Yes,No,No,No,Yes,Two year,No,Mailed check,112.2,5865.77,0
CUST-05941,Female,0,No,Yes,65,Yes,No,Fiber optic,No,No,No,Yes,No,Yes,Two year,Yes,Bank transfer (automatic),100.87,6579.69,0
CUST-05942,Male,0,No,No,34,Yes,Yes,Fiber optic,Yes,Yes,No,Yes,No,No,Two year,Yes,Credit card (automatic),72.83,2592.82,0
CUST-05943,Female,0,No,No,32,Yes,Yes,Fiber optic,No,No,No,No,Yes,No,One year,Yes,Bank transfer (automatic),78.02,2565.21,1
CUST-05944,Female,0,Yes,No,3,Yes,Yes,Fiber optic,No,No,No,Yes,Yes,No,Two year,Yes,Electronic check,72.71,208.59,0
CUST-05945,Female,0,No,No,27,Yes,Yes,Fiber optic,No,No,No,Yes,No,Yes,Month-to-month,Yes,Electronic check,55.57,1515.57,1
CUST-05946,Female,0,No,No,10,Yes,No,Fiber optic,No,No,No,No,No,No,Month-to-month,Yes,Electronic check,87.03,889.47,1
CUST-05947,Female,0,Yes,No,11,Yes,Yes,DSL,Yes,No,No,No,Yes,Yes,Month-to-month,Yes,Mailed check,62.59,678.27,0
CUST-05948,Female,0,Yes,Yes,3,Yes,Yes,Fiber optic,Yes,Yes,Yes,No,Yes,Yes,Month-to-month,No,Electronic check,93.68,270.88,1
CUST-05949,Male,0,Yes,Yes,32,Yes,No,No,No internet service,No internet service,No internet service,No internet service,No internet service,No internet service,Two year,No,Electronic check,23.34,731.12,0
CUST-05950,Male,0,No,No,28,Yes,No,DSL,No,Yes,No,No,Yes,No,Month-to-month,Yes,Electronic check,57.67,1562.52,1
CUST-05951,Male,0,Yes,Yes,7,Yes,No,Fiber optic,No,Yes,No,No,No,No,One year,Yes,Bank transfer (automatic),80.3,566.77,0
CUST-05952,Female,0,No,Yes,9,Yes,Yes,Fiber optic,No,Yes,No,No,Yes,No,Month-to-month,No,Bank transfer (automatic),82.76,739.22,1
CUST-05953,Male,0,Yes,No,47,Yes,Yes,Fiber optic,No,No,No,No,No,No,Month-to-month,Yes,Credit card (automatic),87.51,4317.14,0
CUST-05954,Female,0,Yes,No,50,Yes,Yes,DSL,No,Yes,No,Yes,No,No,Month-to-month,No,Bank transfer (automatic),45.57,2383.54,0
CUST-05955,Female,0,Yes,No,21,No,No phone service,Fiber optic,No,No,Yes,No,Yes,Yes,Month-to-month,Yes,Mailed check,89.62,1943.46,1
CUST-05956,Female,0,Yes,No,5,Yes,Yes,No,No internet service,No internet service,No internet service,No internet service,No internet service,No internet service,Month-to-month,Yes,Mailed check,25.11,127.1,0
CUST-05957,Male,0,Yes,No,1,Yes,No,Fiber optic,No,Yes,Yes,Yes,No,Yes,Two year,Yes,Bank transfer (automatic),73.41,70.88,0
CUST-05958,Female,0,Yes,No,10,Yes,No,Fiber optic,No,No,No,No,No,Yes,Month-to-month,No,Bank transfer (automatic),68.44,673.23,0
CUST-05959,Female,0,Yes,Yes,42,Yes,No,Fiber optic,Yes,No,No,No,No,Yes,Month-to-month,No,Bank transfer (automatic),66.98,2789.86,0
CUST-05960,Male,0,No,No,29,Yes,No,No,No internet service,No internet service,No internet service,No internet service,No internet service,No internet service,Two year,Yes,Credit card (automatic),18.32,544.09,0
CUST-05961,Male,0,No,No,40,Yes,Yes,DSL,No,No,No,No,Yes,No,Month-to-month,No,Bank transfer (automatic),49.48,2023.81,0
CUST-05962,Female,0,No,No,20,No,No phone service,No,No internet service,No internet service,No internet service,No internet service,No internet service,No internet service,Two year,Yes,Bank transfer (automatic),24.72,507.4,0
CUST-05963,Female,0,No,Yes,44,Yes,Yes,Fiber optic,No,No,No,No,No,Yes,Two year,Yes,Credit card (automatic),74.57,3424.48,0
CUST-05964,Male,0,No,No,20,Yes,No,Fiber optic,No,No,Yes,No,Yes,No,Two year,No,Mailed check,92.36,1830.89,1
CUST-05965,Male,0,No,Yes,2,No,No phone service,DSL,No,Yes,No,No,No,Yes,Two year,Yes,Electronic check,46.44,89.44,0
CUST-05966,Male,0,Yes,No,2,Yes,No,Fiber optic,Yes,No,No,Yes,No,No,Month-to-month,No,Credit card (automatic),110.93,230.01,0
CUST-05967,Female,0,No,No,56,Yes,No,DSL,Yes,Yes,No,No,No,Yes,One year,No,Mailed check,75.45,4434.14,0
CUST-05968,Male,0,No,No,31,Yes,No,Fiber optic,No,Yes,No,No,No,Yes,Month-to-month,Yes,Bank transfer (automatic),84.69,2676.69,1
CUST-05969,Male,0,No,No,10,Yes,No,No,No internet service,No internet service,No internet service,No internet service,No internet service,No internet service,Month-to-month,No,Mailed check,18.0,175.82,1
CUST-05970,Male,0,No,No,45,No,No phone service,Fiber optic,No,Yes,No,Yes,No,Yes,Month-to-month,Yes,Mailed check,57.77,2582.88,0
CUST-05971,Female,0,Yes,Yes,4,Yes,No,DSL,No,No,No,No,No,No,Month-to-month,Yes,Bank transfer (automatic),54.32,215.17,1
CUST-05972,Male,0,No,No,33,Yes,No,DSL,No,No,No,No,No,Yes,One year,Yes,Bank transfer (automatic),74.66,2493.62,0
CUST-05973,Male,0,Yes,No,72,Yes,Yes,Fiber optic,No,No,No,No,No,No,Month-to-month,No,Electronic check,90.82,6694.85,0
CUST-05974,Male,0,Yes,No,5,Yes,No,Fiber optic,Yes,No,No,No,Yes,No,Month-to-month,Yes,Electronic check,53.73,264.6,0
CUST-05975,Male,0,Yes,Yes,4,Yes,Yes,Fiber optic,No,Yes,No,No,No,No,Month-to-month,No,Electronic check,106.34,442.41,1
CUST-05976,Male,0,Yes,No,20,Yes,No,No,No internet service,No internet service,No internet service,No internet service,No internet service,No internet service,One year,No,Electronic check,19.75,395.96,0
CUST-05977,Female,0,Yes,Yes,32,Yes,Yes,No,No internet service,No internet service,No internet service,No internet service,No internet service,No internet service,Two year,Yes,Credit card (automatic),19.96,658.72,0
CUST-05978,Female,0,Yes,No,1,Yes,No,DSL,No,No,No,Yes,No,Yes,Month-to-month,Yes,Electronic check,78.12,81.07,1
CUST-05979,Female,0,No,No,22,Yes,No,Fiber optic,No,Yes,No,No,No,No,Two year,No,Bank transfer (automatic),70.31,1602.37,0
CUST-05980,Male,1,Yes,No,2,No,No phone service,Fiber optic,No,No,No,No,No,No,Month-to-month,No,Electronic check,73.65,148.87,1
CUST-05981,Female,1,No,No,8,Yes,No,DSL,No,No,No,No,No,Yes,Month-to-month,Yes,Bank transfer (automatic),51.56,401.19,1
CUST-05982,Female,0,No,No,39,Yes,No,Fiber optic,No,No,Yes,No,No,Yes,Month-to-month,Yes,Credit card (automatic),81.03,3203.18,1
CUST-05983,Female,1,No,No,42,Yes,No,Fiber optic,No,No,No,No,No,No,One year,No,Electronic check,72.6,3096.38,0
CUST-05984,Male,0,Yes,Yes,41,Yes,Yes,Fiber optic,No,No,Yes,No,No,Yes,Two year,Yes,Bank transfer (automatic),108.37,4395.42,0
CUST-05985,Male,0,No,No,2,Yes,No,No,No internet service,No internet service,No internet service,No internet service,No internet service,No internet service,Month-to-month,Yes,Electronic check,26.8,53.98,1
CUST-05986,Female,0,Yes,Yes,49,No,No phone service,Fiber optic,Yes,No,Yes,Yes,No,Yes,One year,No,Electronic check,70.34,3462.52,1
CUST-05987,Female,0,Yes,No,18,Yes,Yes,DSL,No,No,Yes,No,Yes,No,Two year,No,Electronic check,47.55,813.43,0
CUST-05988,Male,0,No,No,20,No,No phone service,Fiber optic,Yes,Yes,No,No,No,Yes,One year,Yes,Mailed check,77.33,1565.86,0
CUST-05989,Male,1,No,No,17,Yes,No,No,No internet service,No internet service,No internet service,No internet service,No internet service,No internet service,Month-to-month,No,Mailed check,20.76,338.3,0
CUST-05990,Female,0,No,Yes,62,Yes,No,DSL,Yes,No,No,No,Yes,Yes,Month-to-month,Yes,Bank transfer (automatic),46.4,2837.57,0
CUST-05991,Male,0,Yes,Yes,36,Yes,No,DSL,No,No,Yes,Yes,Yes,No,Month-to-month,No,Mailed check,59.86,2146.14,0
CUST-05992,Female,0,Yes,Yes,22,Yes,Yes,Fiber optic,No,No,No,No,No,No,Month-to-month,Yes,Credit card (automatic),64.58,1455.17,0
CUST-05993,Male,0,Yes,No,57,Yes,No,Fiber optic,Yes,Yes,Yes,No,Yes,No,One year,No,Electronic check,83.29,4598.16,0
CUST-05994,Female,0,No,No,52,Yes,No,No,No internet service,No internet service,No internet service,No internet service,No internet service,No internet service,Month-to-month,Yes,Credit card (automatic),28.14,1527.94,0
CUST-05995,Female,0,Yes,Yes,1,Yes,No,Fiber optic,No,No,No,Yes,No,Yes,One year,No,Mailed check,63.7,60.92,1
CUST-05996,Male,0,No,Yes,20,Yes,No,Fiber optic,Yes,No,No,No,No,Yes,Month-to-month,No,Credit card (automatic),55.82,1066.92,1
CUST-05997,Female,0,Yes,No,1,Yes,Yes,No,No internet service,No internet service,No internet service,No internet service,No internet service,No internet service,Month-to-month,No,Mailed check,18.89,18.22,0
CUST-05998,Female,0,Yes,No,11,Yes,No,Fiber optic,No,No,Yes,Yes,Yes,No,One year,Yes,Mailed check,72.1,766.12,0
CUST-05999,Female,0,Yes,No,52,Yes,No,Fiber optic,No,No,Yes,No,Yes,No,One year,No,Mailed check,80.52,4223.18,0
CUST-06000,Male,1,Yes,Yes,72,Yes,No,Fiber optic,No,No,Yes,No,Yes,No,Month-to-month,Yes,Electronic check,83.73,6201.74,0
CUST-06001,Male,0,No,No,8,Yes,No,Fiber optic,Yes,No,Yes,No,No,No,Two year,Yes,Electronic check,89.87,734.28,0
CUST-06002,Male,0,No,No,1,Yes,No,Fiber optic,No,No,No,Yes,No,No,Month-to-month,Yes,Mailed check,80.48,77.94,1
CUST-06003,Female,0,Yes,Yes,16,Yes,No,Fiber optic,No,No,No,No,No,No,One year,Yes,Mailed check,86.51,1437.56,0
CUST-06004,Male,0,Yes,Yes,13,Yes,Yes,No,No internet service,No internet service,No internet service,No internet service,No internet service,No internet service,Month-to-month,Yes,Mailed check,20.8,261.38,1
CUST-06005,Female,1,No,No,36,Yes,Yes,DSL,No,No,Yes,No,No,Yes,Month-to-month,No,Electronic check,21.97,798.64,1
CUST-06006,Female,0,No,Yes,21,Yes,No,DSL,Yes,No,No,No,No,No,Two year,No,Mailed check,59.6,1254.26,0
CUST-06007,Male,0,No,No,16,Yes,No,DSL,No,Yes,Yes,Yes,No,Yes,Two year,Yes,Electronic check,72.73,1176.31,0
CUST-06008,Male,0,Yes,Yes,8,Yes,No,Fiber optic,No,No,Yes,No,No,No,Month-to-month,Yes,Mailed check,49.83,388.21,1
CUST-06009,Female,1,Yes,Yes,56,No,No phone service,DSL,No,Yes,No,No,Yes,Yes,Two year,Yes,Electronic check,52.0,2931.49,0
CUST-06010,Female,0,Yes,Yes,9,Yes,Yes,DSL,No,No,No,Yes,No,No,Month-to-month,No,Credit card (automatic),44.0,390.94,0
CUST-06011,Male,0,Yes,No,1,Yes,No,No,No internet service,No internet service,No internet service,No internet service,No internet service,No internet service,Two year,Yes,Mailed check,21.41,21.8,0
CUST-06012,Male,0,No,No,26,Yes,No,Fiber optic,No,No,No,No,No,Yes,One year,Yes,Credit card (automatic),86.13,2224.05,0
CUST-06013,Male,0,Yes,No,12,Yes,No,DSL,No,Yes,No,Yes,No,No,Month-to-month,Yes,Electronic check,84.27,964.26,1
CUST-06014,Female,0,No,No,39,Yes,Yes,Fiber optic,No,No,Yes,Yes,No,No,Two year,Yes,Electronic check,57.16,2207.28,0
CUST-06015,Female,0,Yes,No,2,Yes,No,No,No internet service,No internet service,No internet service,No internet service,No internet service,No internet service,Month-to-month,Yes,Electronic check,26.61,50.9,0
CUST-06016,Female,0,No,Yes,72,Yes,No,No,No internet service,No internet service,No internet service,No internet service,No internet service,No internet service,Month-to-month,Yes,Electronic check,24.06,1773.5,0
CUST-06017,Female,0,Yes,Yes,6,Yes,No,Fiber optic,Yes,No,No,Yes,No,No,Month-to-month,No,Credit card (automatic),95.24,556.58,0
CUST-06018,Female,0,Yes,No,14,Yes,Yes,DSL,No,Yes,No,Yes,No,No,Two year,No,Bank transfer (automatic),62.96,853.5,0
CUST-06019,Male,0,No,No,20,Yes,Yes,Fiber optic,No,No,No,No,Yes,Yes,One year,No,Mailed check,70.99,1466.4,0
CUST-06020,Male,0,Yes,No,70,Yes,Yes,Fiber optic,No,Yes,Yes,No,Yes,No,Month-to-month,Yes,Electronic check,91.85,6468.12,1
CUST-06021,Female,0,Yes,No,41,Yes,Yes,Fiber optic,No,Yes,No,Yes,Yes,No,Month-to-month,Yes,Electronic check,88.58,3777.06,1
CUST-06022,Female,0,Yes,Yes,5,Yes,No,Fiber optic,No,No,No,Yes,Yes,No,Month-to-month,Yes,Bank transfer (automatic),50.07,246.26,1
CUST-06023,Male,0,No,No,18,No,No phone service,Fiber optic,Yes,Yes,No,No,Yes,No,Month-to-month,Yes,Bank transfer (automatic),81.38,1426.69,1
CUST-06024,Male,0,No,Yes,25,Yes,Yes,DSL,No,No,No,No,Yes,No,Month-to-month,Yes,Bank transfer (automatic),51.48,1257.09,0
CUST-06025,Male,0,No,No,38,Yes,No,DSL,Yes,Yes,No,No,Yes,No,Month-to-month,Yes,Mailed check,65.07,2595.89,0
CUST-06026,Male,0,No,No,27,Yes,Yes,No,No internet service,No internet service,No internet service,No internet service,No internet service,No internet service,Month-to-month,No,Credit card (automatic),23.14,644.85,0
CUST-06027,Female,0,No,No,19,Yes,No,No,No internet service,No internet service,No internet service,No internet service,No internet service,No internet service,Month-to-month,Yes,Electronic check,18.26,355.19,1
CUST-06028,Male,0,No,No,46,Yes,No,No,No internet service,No internet service,No internet service,No internet service,No internet service,No internet service,One year,Yes,Credit card (automatic),23.0,1023.28,0
CUST-06029,Female,0,No,No,15,Yes,No,Fiber optic,No,No,No,No,No,Yes,Month-to-month,Yes,Electronic check,100.98,1445.2,1
CUST-06030,Male,0,No,No,72,Yes,No,No,No internet service,No internet service,No internet service,No internet service,No internet service,No internet service,Two year,Yes,Mailed check,20.01,1419.54,0
CUST-06031,Male,0,Yes,No,72,Yes,No,No,No internet service,No internet service,No internet service,No internet service,No internet service,No internet service,Month-to-month,No,Bank transfer (automatic),19.36,1456.49,0
CUST-06032,Male,1,No,No,39,Yes,No,Fiber optic,Yes,No,No,Yes,No,No,Month-to-month,Yes,Electronic check,102.98,3947.65,0
CUST-06033,Female,0,No,Yes,68,No,No phone service,DSL,No,No,No,No,Yes,No,One year,No,Bank transfer (automatic),70.06,4859.14,0
CUST-06034,Female,0,Yes,No,15,Yes,No,Fiber optic,No,Yes,No,No,No,No,Month-to-month,Yes,Electronic check,58.55,871.04,1
CUST-06035,Male,0,Yes,No,27,Yes,Yes,Fiber optic,No,Yes,Yes,No,No,No,Two year,Yes,Credit card (automatic),96.3,2483.98,0
CUST-06036,Female,0,Yes,No,10,Yes,Yes,No,No internet service,No internet service,No internet service,No internet service,No internet service,No internet service,Month-to-month,Yes,Electronic check,24.86,242.39,1
CUST-06037,Female,0,Yes,Yes,69,Yes,No,DSL,Yes,No,Yes,No,No,No,Month-to-month,Yes,Credit card (automatic),72.04,5172.64,0
CUST-06038,Male,1,Yes,No,20,Yes,Yes,Fiber optic,No,No,Yes,No,Yes,No,Two year,No,Credit card (automatic),97.64,2044.33,1
CUST-06039,Male,0,Yes,No,24,No,No phone service,DSL,Yes,Yes,Yes,Yes,No,No,Two year,No,Electronic check,49.39,1134.66,0
CUST-06040,Female,0,Yes,Yes,63,No,No phone service,DSL,No,No,Yes,No,Yes,Yes,One year,Yes,Mailed check,70.22,4384.4,0
CUST-06041,Female,0,No,No,51,Yes,No,Fiber optic,No,Yes,No,No,No,No,Month-to-month,No,Electronic check,66.25,3314.94,0
CUST-06042,Female,0,Yes,Yes,12,Yes,No,DSL,Yes,No,No,No,Yes,No,Month-to-month,Yes,Bank transfer (automatic),73.26,845.99,0
CUST-06043,Male,0,Yes,No,2,Yes,No,No,No internet service,No internet service,No internet service,No internet service,No internet service,No internet service,One year,No,Credit card (automatic),18.0,34.49,0
CUST-06044,Male,0,Yes,No,5,Yes,No,DSL,No,No,Yes,No,Yes,Yes,Month-to-month,No,Electronic check,51.69,266.18,1
CUST-06045,Female,0,No,No,13,Yes,No,Fiber optic,Yes,Yes,Yes,No,Yes,Yes,Month-to-month,Yes,Electronic check,74.47,1014.15,1
CUST-06046,Male,1,Yes,No,11,Yes,No,No,No internet service,No internet service,No internet service,No internet service,No internet service,No internet service,One year,No,Bank transfer (automatic),27.77,302.84,0
CUST-06047,Male,0,Yes,No,1,Yes,No,DSL,No,Yes,No,No,No,No,One year,No,Mailed check,61.66,60.46,0
CUST-06048,Female,0,No,No,18,Yes,Yes,Fiber optic,No,Yes,Yes,No,Yes,No,One year,No,Electronic check,58.52,1071.03,0
CUST-06049,Female,1,Yes,No,3,Yes,No,No,No internet service,No internet service,No internet service,No internet service,No internet service,No internet service,Two year,No,Bank transfer (automatic),20.38,60.6,1
CUST-06050,Male,0,Yes,No,7,Yes,No,Fiber optic,No,No,No,No,No,No,Two year,Yes,Electronic check,61.67,438.38,1
CUST-06051,Male,0,Yes,No,49,Yes,No,DSL,No,No,No,Yes,No,Yes,Month-to-month,No,Electronic check,71.99,3634.97,0
CUST-06052,Female,0,No,Yes,21,No,No phone service,No,No internet service,No internet service,No internet service,No internet service,No internet service,No internet service,Month-to-month,No,Credit card (automatic),18.87,391.66,0
CUST-06053,Male,0,No,No,14,No,No phone service,DSL,Yes,No,No,Yes,No,No,Two year,Yes,Mailed check,73.95,983.56,0
CUST-06054,Male,0,No,No,6,Yes,No,DSL,No,No,No,No,No,Yes,Month-to-month,No,Bank transfer (automatic),43.49,262.93,1
CUST-06055,Female,0,Yes,No,64,Yes,No,No,No internet service,No internet service,No internet service,No internet service,No internet service,No internet service,Month-to-month,No,Electronic check,21.35,1402.04,0
CUST-06056,Female,0,No,No,72,Yes,No,DSL,No,Yes,No,No,No,No,One year,No,Mailed check,46.42,3357.31,0
CUST-06057,Male,0,Yes,Yes,23,Yes,No,DSL,No,Yes,No,Yes,Yes,No,One year,No,Mailed check,62.63,1430.67,0
CUST-06058,Male,1,Yes,No,72,Yes,Yes,Fiber optic,No,No,Yes,No,No,Yes,One year,Yes,Electronic check,87.67,6581.87,0
CUST-06059,Male,0,Yes,No,20,Yes,Yes,DSL,No,Yes,Yes,Yes,No,Yes,Month-to-month,No,Mailed check,63.09,1317.35,1
CUST-06060,Female,0,No,No,3,Yes,No,No,No internet service,No internet service,No internet service,No internet service,No internet service,No internet service,Two year,No,Bank transfer (automatic),24.54,75.24,0
CUST-06061,Male,0,Yes,No,1,Yes,No,DSL,No,No,No,No,Yes,No,Two year,Yes,Electronic check,43.6,44.03,0
CUST-06062,Male,0,No,No,4,Yes,No,Fiber optic,Yes,No,No,No,No,Yes,One year,Yes,Mailed check,46.08,178.54,0
CUST-06063,Female,0,No,No,31,Yes,No,Fiber optic,No,Yes,No,No,No,Yes,Month-to-month,No,Electronic check,87.91,2657.05,1
CUST-06064,Female,0,Yes,No,12,Yes,No,Fiber optic,No,Yes,Yes,No,No,No,Month-to-month,Yes,Mailed check,75.08,939.69,1
CUST-06065,Male,0,Yes,No,33,Yes,Yes,Fiber optic,No,No,No,No,No,No,Month-to-month,No,Mailed check,74.4,2532.74,1
CUST-06066,Female,0,Yes,Yes,22,Yes,Yes,DSL,No,No,No,No,No,Yes,Two year,No,Bank transfer (automatic),98.9,2268.84,0
CUST-06067,Female,0,Yes,No,12,Yes,No,DSL,No,No,Yes,Yes,No,No,Two year,Yes,Bank transfer (automatic),81.66,1001.9,0
CUST-06068,Male,0,Yes,No,7,Yes,Yes,Fiber optic,No,Yes,No,No,No,No,Two year,Yes,Mailed check,59.75,431.09,0
CUST-06069,Female,0,No,No,2,Yes,Yes,Fiber optic,No,Yes,Yes,No,No,No,Month-to-month,No,Electronic check,95.9,197.29,1
CUST-06070,Female,0,Yes,Yes,48,Yes,Yes,Fiber optic,Yes,Yes,Yes,No,No,No,Two year,Yes,Credit card (automatic),79.31,3981.76,0
CUST-06071,Male,0,No,Yes,54,Yes,Yes,Fiber optic,No,No,No,No,No,Yes,Two year,Yes,Electronic check,64.74,3558.85,0
CUST-06072,Female,0,Yes,No,24,Yes,Yes,Fiber optic,No,No,No,No,No,No,Two year,Yes,Bank transfer (automatic),51.13,1215.39,0
CUST-06073,Male,0,No,No,5,Yes,No,DSL,Yes,No,Yes,No,Yes,No,Two year,No,Mailed check,50.48,241.27,0
CUST-06074,Male,1,No,No,9,Yes,Yes,DSL,Yes,Yes,No,Yes,No,No,Two year,No,Electronic check,55.01,500.59,0
CUST-06075,Female,0,No,Yes,72,Yes,No,Fiber optic,No,No,Yes,No,Yes,Yes,Month-to-month,Yes,Credit card (automatic),100.12,7466.74,0
CUST-06076,Female,0,No,No,8,No,No phone service,DSL,No,No,Yes,No,No,No,Two year,No,Bank transfer (automatic),59.91,464.68,0
CUST-06077,Female,0,Yes,No,1,No,No phone service,DSL,Yes,No,Yes,No,No,Yes,Month-to-month,Yes,Mailed check,49.74,50.15,1
CUST-06078,Male,1,Yes,No,25,Yes,Yes,Fiber optic,Yes,Yes,No,Yes,No,No,Month-to-month,No,Mailed check,89.11,2134.78,1
CUST-06079,Female,0,No,No,9,Yes,No,No,No internet service,No internet service,No internet service,No internet service,No internet service,No internet service,Two year,Yes,Electronic check,22.77,207.11,1
CUST-06080,Male,0,No,No,72,Yes,Yes,DSL,No,No,Yes,No,Yes,No,Month-to-month,Yes,Bank transfer (automatic),36.38,2748.27,0
CUST-06081,Female,0,No,No,27,Yes,Yes,Fiber optic,No,No,No,No,No,Yes,Month-to-month,Yes,Electronic check,81.48,2152.43,1
CUST-06082,Female,0,Yes,No,72,Yes,No,DSL,Yes,No,Yes,No,No,No,One year,Yes,Electronic check,55.68,3889.24,0
CUST-06083,Female,0,Yes,No,49,No,No phone service,DSL,No,Yes,No,No,No,Yes,Two year,Yes,Electronic check,38.91,1953.32,0
CUST-06084,Male,0,Yes,Yes,41,Yes,Yes,Fiber optic,No,No,Yes,No,No,No,Two year,Yes,Electronic check,59.75,2462.37,0
CUST-06085,Female,0,No,No,56,Yes,No,Fiber optic,No,Yes,No,No,Yes,No,Two year,Yes,Credit card (automatic),67.95,3802.55,0
CUST-06086,Female,0,No,No,29,No,No phone service,Fiber optic,No,No,No,No,No,Yes,Two year,Yes,Credit card (automatic),96.55,2866.91,0
CUST-06087,Male,0,No,No,1,Yes,Yes,DSL,No,No,No,Yes,No,No,Two year,Yes,Bank transfer (automatic),67.62,68.25,0
CUST-06088,Male,1,No,Yes,15,Yes,Yes,DSL,No,Yes,Yes,No,Yes,No,Month-to-month,Yes,Credit card (automatic),67.8,1060.56,1
CUST-06089,Female,0,No,No,7,Yes,No,No,No internet service,No internet service,No internet service,No internet service,No internet service,No internet service,Month-to-month,No,Bank transfer (automatic),19.49,134.89,0
CUST-06090,Female,0,No,No,18,Yes,No,Fiber optic,No,No,No,Yes,No,Yes,Month-to-month,Yes,Bank transfer (automatic),47.44,836.83,1
CUST-06091,Female,0,Yes,No,20,Yes,No,Fiber optic,No,No,Yes,Yes,Yes,No,Month-to-month,Yes,Credit card (automatic),74.71,1525.64,0
CUST-06092,Male,1,No,Yes,4,Yes,Yes,DSL,Yes,No,No,No,No,No,Two year,Yes,Electronic check,69.52,287.29,0
CUST-06093,Male,1,Yes,No,1,Yes,No,No,No internet service,No internet service,No internet service,No internet service,No internet service,No internet service,Month-to-month,Yes,Electronic check,18.0,17.42,1
CUST-06094,Male,0,No,No,4,Yes,Yes,DSL,No,No,No,No,No,No,Two year,Yes,Electronic check,50.29,208.4,0
CUST-06095,Male,0,Yes,Yes,62,Yes,No,DSL,No,No,No,No,No,No,One year,Yes,Mailed check,68.21,4250.72,0
CUST-06096,Female,0,No,No,45,Yes,Yes,Fiber optic,No,Yes,No,Yes,No,No,One year,Yes,Credit card (automatic),72.01,3273.42,0
CUST-06097,Male,1,No,No,51,Yes,No,Fiber optic,Yes,No,Yes,No,No,No,Month-to-month,No,Credit card (automatic),97.14,4939.96,1
CUST-06098,Male,0,No,Yes,10,No,No phone service,DSL,No,No,No,No,No,No,Two year,No,Bank transfer (automatic),54.72,532.66,0
CUST-06099,Male,0,No,No,8,Yes,No,Fiber optic,No,No,Yes,No,No,Yes,One year,Yes,Mailed check,81.85,679.32,1
CUST-06100,Female,0,No,No,1,Yes,Yes,DSL,No,Yes,Yes,No,No,No,Month-to-month,Yes,Credit card (automatic),47.31,49.43,1
CUST-06101,Female,1,No,Yes,20,Yes,No,DSL,Yes,Yes,Yes,No,No,Yes,Two year,Yes,Electronic check,77.34,1567.7,0
CUST-06102,Male,0,Yes,No,15,Yes,No,Fiber optic,No,Yes,No,No,No,No,Month-to-month,Yes,Bank transfer (automatic),59.47,867.87,1
CUST-06103,Male,0,No,No,57,Yes,No,DSL,No,Yes,Yes,No,No,Yes,Month-to-month,Yes,Bank transfer (automatic),49.51,2918.98,0
CUST-06104,Female,0,Yes,No,36,Yes,No,DSL,Yes,Yes,No,No,No,Yes,One year,No,Electronic check,61.16,2153.13,0
CUST-06105,Female,0,No,No,4,Yes,Yes,Fiber optic,No,No,No,No,No,No,Month-to-month,Yes,Credit card (automatic),80.03,308.49,0
CUST-06106,Female,0,No,Yes,72,Yes,Yes,Fiber optic,No,No,No,Yes,No,No,Two year,Yes,Bank transfer (automatic),72.47,5205.66,0
CUST-06107,Female,1,No,No,47,Yes,No,No,No internet service,No internet service,No internet service,No internet service,No internet service,No internet service,One year,No,Mailed check,20.83,1001.94,0
CUST-06108,Female,1,No,No,40,Yes,No,DSL,No,No,No,Yes,No,Yes,Two year,No,Electronic check,36.52,1429.55,0
CUST-06109,Female,1,No,No,7,Yes,No,Fiber optic,No,No,No,No,No,No,Month-to-month,Yes,Bank transfer (automatic),94.91,635.13,0
CUST-06110,Female,0,No,No,72,Yes,Yes,No,No internet service,No internet service,No internet service,No internet service,No internet service,No internet service,Two year,Yes,Mailed check,21.28,1598.76,0
CUST-06111,Female,0,No,No,20,Yes,Yes,Fiber optic,No,No,No,No,Yes,No,Month-to-month,No,Bank transfer (automatic),92.01,1766.13,1
CUST-06112,Male,1,No,No,11,Yes,Yes,Fiber optic,No,No,Yes,No,No,No,Month-to-month,No,Electronic check,38.16,406.5,0
CUST-06113,Male,0,No,Yes,34,Yes,No,DSL,No,No,No,Yes,No,No,Month-to-month,Yes,Bank transfer (automatic),53.71,1882.33,0
CUST-06114,Male,0,Yes,Yes,7,Yes,Yes,Fiber optic,Yes,No,Yes,No,Yes,No,Month-to-month,No,Mailed check,75.9,538.78,0
CUST-06115,Male,1,No,No,72,No,No phone service,No,No internet service,No internet service,No internet service,No internet service,No internet service,No internet service,Two year,No,Mailed check,21.54,1516.46,0
CUST-06116,Male,0,No,No,61,Yes,Yes,No,No internet service,No internet service,No internet service,No internet service,No internet service,No internet service,Month-to-month,No,Mailed check,23.58,1485.36,0
CUST-06117,Male,0,No,No,20,Yes,No,No,No internet service,No internet service,No internet service,No internet service,No internet service,No internet service,One year,Yes,Electronic check,24.24,480.59,0
CUST-06118,Female,0,No,No,6,Yes,No,DSL,No,No,No,No,Yes,No,One year,Yes,Credit card (automatic),33.04,188.52,0
CUST-06119,Female,0,Yes,No,21,Yes,Yes,DSL,No,Yes,Yes,No,No,Yes,Two year,Yes,Bank transfer (automatic),84.23,1731.25,0
CUST-06120,Male,0,Yes,Yes,5,Yes,No,No,No internet service,No internet service,No internet service,No internet service,No internet service,No internet service,Two year,Yes,Electronic check,22.39,111.6,0
CUST-06121,Male,0,No,No,10,Yes,Yes,Fiber optic,No,Yes,Yes,No,No,No,One year,No,Electronic check,74.04,747.17,1
CUST-06122,Female,0,No,No,21,Yes,Yes,Fiber optic,No,No,Yes,No,Yes,Yes,Month-to-month,No,Electronic check,116.17,2504.83,1
CUST-06123,Female,0,No,No,1,No,No phone service,DSL,Yes,No,Yes,No,No,No,Month-to-month,Yes,Electronic check,42.89,41.41,0
CUST-06124,Female,0,Yes,No,46,Yes,No,DSL,Yes,No,No,Yes,No,No,Month-to-month,Yes,Mailed check,49.04,2317.71,0
CUST-06125,Male,0,No,No,7,Yes,No,DSL,No,No,No,No,Yes,No,Two year,Yes,Mailed check,47.7,333.41,0
CUST-06126,Female,1,No,No,64,Yes,Yes,Fiber optic,No,Yes,No,Yes,Yes,No,One year,No,Electronic check,31.23,1905.81,0
CUST-06127,Male,0,Yes,No,1,Yes,Yes,No,No internet service,No internet service,No internet service,No internet service,No internet service,No internet service,Month-to-month,No,Credit card (automatic),21.24,21.17,0
CUST-06128,Male,0,Yes,Yes,24,Yes,No,DSL,Yes,No,No,No,Yes,Yes,One year,Yes,Credit card (automatic),51.98,1217.37,0
CUST-06129,Female,0,Yes,No,47,Yes,No,Fiber optic,No,Yes,No,No,Yes,Yes,Month-to-month,No,Bank transfer (automatic),81.31,3721.44,0
CUST-06130,Female,1,Yes,No,8,Yes,No,No,No internet service,No internet service,No internet service,No internet service,No internet service,No internet service,Two year,No,Electronic check,21.2,166.83,0
CUST-06131,Male,0,Yes,No,39,Yes,Yes,Fiber optic,No,Yes,No,Yes,No,No,Two year,No,Credit card (automatic),82.3,3233.36,0
CUST-06132,Female,0,Yes,No,40,Yes,No,Fiber optic,Yes,Yes,Yes,No,No,No,Month-to-month,Yes,Electronic check,98.38,3971.27,0
CUST-06133,Female,1,No,No,32,Yes,Yes,DSL,No,No,Yes,Yes,No,No,Two year,No,Electronic check,56.61,1888.89,0
CUST-06134,Male,0,Yes,No,14,Yes,No,DSL,No,No,No,Yes,Yes,No,Two year,No,Mailed check,26.95,392.86,0
CUST-06135,Female,1,Yes,No,49,Yes,Yes,Fiber optic,No,Yes,Yes,No,No,No,Month-to-month,Yes,Electronic check,94.91,4684.47,0
CUST-06136,Male,1,Yes,No,31,Yes,Yes,DSL,No,No,Yes,Yes,Yes,No,Month-to-month,Yes,Electronic check,41.86,1246.42,0
CUST-06137,Male,1,Yes,No,28,Yes,No,DSL,No,Yes,No,No,No,No,Month-to-month,No,Mailed check,84.51,2272.66,1
CUST-06138,Female,0,No,No,54,Yes,Yes,DSL,Yes,No,No,Yes,Yes,Yes,Month-to-month,Yes,Credit card (automatic),80.95,4184.14,0
CUST-06139,Male,0,Yes,Yes,8,Yes,Yes,DSL,No,No,No,No,Yes,Yes,Month-to-month,Yes,Credit card (automatic),53.24,425.8,0
CUST-06140,Male,1,No,No,8,Yes,No,No,No internet service,No internet service,No internet service,No internet service,No internet service,No internet service,Month-to-month,Yes,Bank transfer (automatic),26.54,211.65,0
CUST-06141,Female,0,No,No,15,Yes,Yes,DSL,No,No,No,Yes,No,No,Month-to-month,Yes,Mailed check,50.09,735.24,0
CUST-06142,Female,0,Yes,No,2,Yes,Yes,No,No internet service,No internet service,No internet service,No internet service,No internet service,No internet service,Month-to-month,Yes,Electronic check,21.75,44.88,0
CUST-06143,Female,0,No,No,13,Yes,No,No,No internet service,No internet service,No internet service,No internet service,No internet service,No internet service,One year,Yes,Electronic check,18.98,238.81,0
CUST-06144,Male,0,No,No,16,Yes,Yes,DSL,No,No,No,No,Yes,No,Month-to-month,No,Mailed check,67.94,1126.18,0
CUST-06145,Male,0,Yes,Yes,21,Yes,Yes,Fiber optic,No,No,No,No,Yes,No,Month-to-month,No,Mailed check,91.79,1832.35,1
CUST-06146,Female,0,No,Yes,9,Yes,Yes,DSL,No,Yes,No,No,No,No,Month-to-month,Yes,Mailed check,57.6,526.3,0
CUST-06147,Male,0,No,No,72,Yes,Yes,Fiber optic,No,Yes,No,No,No,Yes,Month-to-month,No,Electronic check,92.52,6893.05,1
CUST-06148,Female,0,No,No,10,No,No phone service,Fiber optic,No,Yes,Yes,Yes,Yes,No,One year,No,Bank transfer (automatic),82.95,857.9,1
CUST-06149,Female,0,Yes,No,61,Yes,Yes,Fiber optic,No,No,No,No,Yes,Yes,Month-to-month,No,Bank transfer (automatic),80.32,4894.51,0
CUST-06150,Male,0,No,Yes,18,Yes,No,Fiber optic,No,No,No,Yes,No,No,Two year,No,Credit card (automatic),54.28,959.2,0
CUST-06151,Female,0,Yes,No,40,Yes,No,Fiber optic,Yes,Yes,No,Yes,No,Yes,Month-to-month,No,Bank transfer (automatic),50.27,1997.16,0
CUST-06152,Male,0,Yes,No,3,Yes,No,Fiber optic,No,No,No,No,No,No,One year,No,Electronic check,78.97,238.79,1
CUST-06153,Male,0,Yes,No,25,Yes,No,Fiber optic,No,No,Yes,No,Yes,Yes,Two year,Yes,Mailed check,70.85,1858.62,0
CUST-06154,Female,0,No,No,72,Yes,Yes,Fiber optic,Yes,No,No,Yes,Yes,No,Month-to-month,Yes,Electronic check,92.72,6987.3,0
CUST-06155,Male,0,No,No,35,Yes,No,DSL,No,Yes,No,Yes,No,Yes,One year,Yes,Electronic check,52.35,1894.74,0
CUST-06156,Female,0,Yes,No,54,No,No phone service,No,No internet service,No internet service,No internet service,No internet service,No internet service,No internet service,Month-to-month,Yes,Electronic check,18.71,1032.9,0
CUST-06157,Male,0,Yes,No,9,Yes,No,Fiber optic,No,Yes,No,No,Yes,Yes,Month-to-month,Yes,Electronic check,34.33,294.01,1
CUST-06158,Male,0,No,No,51,No,No phone service,DSL,Yes,No,No,No,Yes,No,One year,No,Mailed check,51.31,2575.62,0
CUST-06159,Male,0,No,Yes,13,Yes,No,Fiber optic,No,No,No,No,Yes,No,Month-to-month,No,Credit card (automatic),86.91,1090.71,1
CUST-06160,Female,0,Yes,Yes,21,Yes,Yes,Fiber optic,No,Yes,Yes,No,No,Yes,One year,Yes,Mailed check,76.87,1693.3,0
CUST-06161,Male,1,No,Yes,6,Yes,Yes,Fiber optic,Yes,Yes,No,No,Yes,No,Month-to-month,Yes,Bank transfer (automatic),71.6,431.12,1
CUST-06162,Female,0,Yes,Yes,21,Yes,Yes,No,No internet service,No internet service,No internet service,No internet service,No internet service,No internet service,Two year,Yes,Mailed check,22.13,459.99,0
CUST-06163,Male,1,No,No,23,Yes,No,DSL,No,No,No,Yes,No,No,Two year,No,Mailed check,78.29,1741.21,0
CUST-06164,Male,0,No,No,31,Yes,No,No,No internet service,No internet service,No internet service,No internet service,No internet service,No internet service,Two year,No,Electronic check,18.0,575.88,0
CUST-06165,Female,0,Yes,Yes,64,Yes,No,DSL,Yes,No,Yes,No,No,No,Month-to-month,Yes,Electronic check,74.59,5006.76,0
CUST-06166,Female,0,No,No,11,Yes,No,DSL,No,No,No,No,Yes,No,Month-to-month,Yes,Credit card (automatic),54.28,602.15,1
CUST-06167,Female,0,No,No,72,Yes,Yes,Fiber optic,Yes,Yes,No,No,No,No,Two year,No,Mailed check,84.84,5932.92,0
CUST-06168,Female,0,Yes,No,60,Yes,No,DSL,No,No,Yes,No,No,No,One year,Yes,Electronic check,39.58,2362.14,0
CUST-06169,Female,0,Yes,No,16,Yes,No,No,No internet service,No internet service,No internet service,No internet service,No internet service,No internet service,Month-to-month,Yes,Bank transfer (automatic),21.62,362.71,0
CUST-06170,Male,0,Yes,No,8,Yes,Yes,Fiber optic,No,No,No,No,No,Yes,Month-to-month,Yes,Mailed check,63.71,524.8,1
CUST-06171,Male,0,Yes,Yes,2,No,No phone service,No,No internet service,No internet service,No internet service,No internet service,No internet service,No internet service,Month-to-month,Yes,Credit card (automatic),22.89,45.73,0
CUST-06172,Female,0,No,No,8,Yes,Yes,Fiber optic,No,Yes,No,No,No,No,Month-to-month,No,Electronic check,74.33,603.86,1
CUST-06173,Male,0,Yes,No,69,Yes,Yes,No,No internet service,No internet service,No internet service,No internet service,No internet service,No internet service,Month-to-month,Yes,Mailed check,22.76,1535.59,0
CUST-06174,Male,1,No,No,11,Yes,Yes,Fiber optic,Yes,No,No,No,No,No,Month-to-month,No,Credit card (automatic),99.0,1086.38,0
CUST-06175,Male,0,Yes,No,4,Yes,No,Fiber optic,No,No,No,Yes,No,Yes,Month-to-month,Yes,Credit card (automatic),70.83,286.22,1
CUST-06176,Female,0,No,No,1,Yes,Yes,No,No internet service,No internet service,No internet service,No internet service,No internet service,No internet service,Two year,Yes,Mailed check,18.0,18.63,0
CUST-06177,Male,0,Yes,No,11,Yes,No,DSL,Yes,No,No,Yes,No,No,One year,Yes,Bank transfer (automatic),83.33,901.96,0
CUST-06178,Male,0,Yes,No,7,Yes,Yes,Fiber optic,No,No,No,No,Yes,No,Month-to-month,No,Credit card (automatic),88.09,633.8,1
CUST-06179,Male,0,Yes,No,3,Yes,No,Fiber optic,No,No,No,No,Yes,Yes,Month-to-month,No,Bank transfer (automatic),38.88,116.16,1
CUST-06180,Female,0,No,No,72,Yes,Yes,Fiber optic,No,No,No,No,Yes,No,One year,No,Credit card (automatic),64.36,4558.73,0
CUST-06181,Male,0,Yes,No,9,Yes,No,DSL,No,Yes,No,No,Yes,No,Month-to-month,Yes,Bank transfer (automatic),61.93,546.39,1
CUST-06182,Male,1,Yes,No,1,Yes,Yes,Fiber optic,No,No,No,Yes,No,Yes,Month-to-month,No,Credit card (automatic),105.99,109.14,1
CUST-06183,Female,0,No,No,72,Yes,No,No,No internet service,No internet service,No internet service,No internet service,No internet service,No internet service,One year,Yes,Credit card (automatic),21.25,1468.22,0
CUST-06184,Female,1,No,No,27,Yes,No,Fiber optic,No,No,No,Yes,No,No,Month-to-month,Yes,Bank transfer (automatic),38.55,1060.94,0
CUST-06185,Male,1,No,No,2,Yes,Yes,Fiber optic,No,Yes,No,No,No,No,Month-to-month,Yes,Electronic check,85.54,174.46,1
CUST-06186,Male,1,Yes,No,1,Yes,No,Fiber optic,No,Yes,No,No,No,No,Two year,Yes,Electronic check,45.05,43.34,0
CUST-06187,Female,0,Yes,No,3,Yes,No,DSL,No,No,No,No,Yes,No,Month-to-month,Yes,Credit card (automatic),60.61,174.91,0
CUST-06188,Female,0,No,No,28,Yes,Yes,DSL,Yes,Yes,No,No,No,Yes,Month-to-month,Yes,Electronic check,39.54,1081.11,0
CUST-06189,Female,0,No,No,2,Yes,No,No,No internet service,No internet service,No internet service,No internet service,No internet service,No internet service,Month-to-month,Yes,Credit card (automatic),26.42,51.72,0
CUST-06190,Female,0,Yes,No,26,Yes,Yes,DSL,No,No,Yes,Yes,No,No,Month-to-month,No,Electronic check,61.58,1572.75,0
CUST-06191,Female,0,Yes,No,33,Yes,No,Fiber optic,No,Yes,No,No,Yes,No,Two year,No,Credit card (automatic),90.16,3065.51,0
CUST-06192,Female,0,No,No,5,Yes,Yes,No,No internet service,No internet service,No internet service,No internet service,No internet service,No internet service,Two year,Yes,Credit card (automatic),21.68,111.38,0
CUST-06193,Female,0,Yes,No,21,No,No phone service,Fiber optic,No,No,No,Yes,Yes,No,One year,No,Credit card (automatic),91.67,1868.64,0
CUST-06194,Male,0,No,No,72,No,No phone service,No,No internet service,No internet service,No internet service,No internet service,No internet service,No internet service,Two year,Yes,Electronic check,23.36,1669.44,0
CUST-06195,Female,0,Yes,No,57,Yes,No,DSL,No,No,No,No,No,Yes,Month-to-month,Yes,Credit card (automatic),70.17,4155.92,0
CUST-06196,Female,0,No,No,41,Yes,No,DSL,No,Yes,No,No,No,Yes,Month-to-month,Yes,Bank transfer (automatic),43.74,1779.53,0
CUST-06197,Male,0,No,No,23,Yes,No,Fiber optic,No,Yes,No,No,No,No,Month-to-month,Yes,Electronic check,81.16,1858.16,1
CUST-06198,Female,0,Yes,No,16,Yes,Yes,Fiber optic,Yes,Yes,No,Yes,No,No,One year,Yes,Credit card (automatic),74.18,1178.81,0
CUST-06199,Female,0,Yes,Yes,19,Yes,Yes,Fiber optic,No,Yes,No,No,No,No,Month-to-month,No,Electronic check,45.29,826.37,1
CUST-06200,Male,0,No,No,46,Yes,No,Fiber optic,No,No,No,No,No,No,Two year,Yes,Electronic check,83.97,3782.32,1
CUST-06201,Female,0,Yes,Yes,25,Yes,No,Fiber optic,No,No,Yes,Yes,No,No,Month-to-month,No,Bank transfer (automatic),83.94,2022.6,0
CUST-06202,Male,0,No,No,46,Yes,Yes,No,No internet service,No internet service,No internet service,No internet service,No internet service,No internet service,Month-to-month,Yes,Bank transfer (automatic),21.18,1019.91,0
CUST-06203,Male,0,No,No,72,Yes,Yes,Fiber optic,No,Yes,No,Yes,Yes,No,Two year,No,Credit card (automatic),92.22,6450.68,0
CUST-06204,Male,0,No,No,32,No,No phone service,No,No internet service,No internet service,No internet service,No internet service,No internet service,No internet service,Month-to-month,Yes,Electronic check,20.27,670.68,0
CUST-06205,Male,0,Yes,Yes,29,Yes,No,DSL,No,No,No,No,No,No,Two year,Yes,Electronic check,39.49,1174.34,0
CUST-06206,Female,0,Yes,No,16,Yes,Yes,No,No internet service,No internet service,No internet service,No internet service,No internet service,No internet service,Month-to-month,Yes,Credit card (automatic),23.09,382.05,0
CUST-06207,Male,0,No,No,7,Yes,Yes,Fiber optic,Yes,No,Yes,Yes,No,Yes,Month-to-month,Yes,Electronic check,76.48,514.07,1
CUST-06208,Male,0,Yes,No,14,Yes,Yes,No,No internet service,No internet service,No internet service,No internet service,No internet service,No internet service,Two year,Yes,Electronic check,22.97,323.03,1
CUST-06209,Female,0,No,No,23,Yes,No,Fiber optic,Yes,No,No,No,Yes,Yes,Two year,Yes,Credit card (automatic),73.76,1780.09,0
CUST-06210,Male,1,No,No,1,Yes,Yes,DSL,No,No,No,No,No,No,Month-to-month,Yes,Mailed check,59.4,62.0,1
CUST-06211,Male,0,Yes,Yes,20,Yes,No,Fiber optic,No,No,No,Yes,No,No,Month-to-month,Yes,Electronic check,103.89,2018.09,1
CUST-06212,Male,0,Yes,No,63,No,No phone service,DSL,No,No,Yes,No,Yes,Yes,Month-to-month,Yes,Credit card (automatic),44.7,2952.1,0
CUST-06213,Male,0,Yes,No,72,Yes,No,DSL,No,No,No,No,No,No,Month-to-month,No,Credit card (automatic),64.63,4857.17,0
CUST-06214,Female,0,No,No,61,Yes,No,No,No internet service,No internet service,No internet service,No internet service,No internet service,No internet service,One year,No,Credit card (automatic),18.0,1120.95,0
CUST-06215,Male,0,Yes,Yes,6,Yes,Yes,No,No internet service,No internet service,No internet service,No internet service,No internet service,No internet service,Month-to-month,Yes,Electronic check,19.87,122.85,1
CUST-06216,Female,0,Yes,No,5,Yes,No,No,No internet service,No internet service,No internet service,No internet service,No internet service,No internet service,Month-to-month,No,Electronic check,22.84,118.07,0
CUST-06217,Female,0,No,No,15,Yes,Yes,DSL,No,No,No,Yes,No,Yes,Two year,Yes,Mailed check,82.62,1245.76,1
CUST-06218,Male,0,Yes,No,8,Yes,No,Fiber optic,No,No,No,No,Yes,Yes,Two year,No,Mailed check,61.44,503.43,0
CUST-06219,Male,0,Yes,No,36,No,No phone service,No,No internet service,No internet service,No internet service,No internet service,No internet service,No internet service,Month-to-month,Yes,Mailed check,18.81,662.7,1
CUST-06220,Male,0,Yes,Yes,2,Yes,No,DSL,Yes,No,No,No,Yes,Yes,Month-to-month,Yes,Credit card (automatic),37.9,79.36,0
CUST-06221,Male,0,No,No,18,No,No phone service,Fiber optic,No,Yes,No,Yes,Yes,No,Month-to-month,No,Electronic check,67.06,1192.68,1
CUST-06222,Female,0,Yes,No,10,No,No phone service,DSL,Yes,Yes,No,No,Yes,Yes,Two year,No,Bank transfer (automatic),71.7,744.43,0
CUST-06223,Female,0,No,No,28,Yes,Yes,Fiber optic,No,No,No,No,Yes,No,Month-to-month,No,Credit card (automatic),86.94,2316.84,1
CUST-06224,Female,0,No,No,51,Yes,No,Fiber optic,Yes,Yes,Yes,No,No,No,Month-to-month,Yes,Mailed check,89.27,4470.38,0
CUST-06225,Male,0,No,Yes,72,Yes,No,DSL,Yes,Yes,Yes,Yes,Yes,No,Month-to-month,Yes,Mailed check,78.6,5612.95,0
CUST-06226,Female,0,No,No,72,Yes,No,Fiber optic,No,No,No,No,Yes,No,Month-to-month,Yes,Bank transfer (automatic),111.51,7807.43,0
CUST-06227,Male,1,Yes,Yes,13,No,No phone service,Fiber optic,Yes,No,No,Yes,Yes,Yes,Month-to-month,No,Electronic check,84.29,1065.05,1
CUST-06228,Male,1,Yes,Yes,61,No,No phone service,Fiber optic,No,No,Yes,No,Yes,No,Month-to-month,Yes,Bank transfer (automatic),30.29,1836.0,1
CUST-06229,Male,0,Yes,Yes,28,Yes,No,Fiber optic,Yes,No,Yes,No,No,No,One year,No,Electronic check,95.51,2573.18,0
CUST-06230,Male,0,No,No,37,Yes,No,DSL,No,No,No,No,No,Yes,Month-to-month,No,Electronic check,48.98,1790.82,0
CUST-06231,Male,0,Yes,Yes,60,Yes,No,DSL,No,No,No,No,No,Yes,Two year,Yes,Credit card (automatic),36.04,2259.42,0
CUST-06232,Female,0,Yes,No,4,Yes,No,No,No internet service,No internet service,No internet service,No internet service,No internet service,No internet service,Month-to-month,No,Electronic check,18.0,73.56,1
CUST-06233,Female,1,Yes,No,72,Yes,No,No,No internet service,No internet service,No internet service,No internet service,No internet service,No internet service,Month-to-month,Yes,Bank transfer (automatic),19.86,1491.68,0
CUST-06234,Male,0,Yes,No,25,Yes,No,Fiber optic,Yes,Yes,No,No,Yes,Yes,One year,Yes,Credit card (automatic),85.56,2242.54,0
CUST-06235,Female,0,No,Yes,13,No,No phone service,Fiber optic,Yes,Yes,No,No,No,Yes,Month-to-month,No,Electronic check,51.33,690.42,1
CUST-06236,Male,0,No,No,13,Yes,Yes,DSL,No,Yes,No,No,No,No,Month-to-month,Yes,Bank transfer (automatic),54.93,745.2,1
CUST-06237,Male,0,Yes,Yes,44,Yes,Yes,Fiber optic,No,Yes,Yes,No,Yes,No,Month-to-month,Yes,Bank transfer (automatic),57.16,2592.88,0
CUST-06238,Male,1,No,Yes,36,Yes,No,Fiber optic,No,No,No,No,No,Yes,Month-to-month,Yes,Bank transfer (automatic),37.61,1363.85,0
CUST-06239,Female,0,No,No,41,Yes,Yes,No,No internet service,No internet service,No internet service,No internet service,No internet service,No internet service,Month-to-month,No,Electronic check,21.71,870.68,0
CUST-06240,Male,0,No,No,9,Yes,No,No,No internet service,No internet service,No internet service,No internet service,No internet service,No internet service,One year,Yes,Electronic check,23.58,214.39,0
CUST-06241,Male,0,No,No,5,Yes,Yes,DSL,Yes,No,Yes,No,No,No,Two year,Yes,Electronic check,36.85,184.89,0
CUST-06242,Female,0,Yes,Yes,40,Yes,No,No,No internet service,No internet service,No internet service,No internet service,No internet service,No internet service,One year,Yes,Electronic check,27.74,1059.15,0
CUST-06243,Female,0,Yes,Yes,11,Yes,No,DSL,No,No,Yes,No,Yes,No,One year,No,Mailed check,57.2,649.35,0
CUST-06244,Female,0,No,No,8,Yes,No,No,No internet service,No internet service,No internet service,No internet service,No internet service,No internet service,Two year,No,Credit card (automatic),19.89,162.14,0
CUST-06245,Male,0,No,Yes,7,Yes,No,DSL,Yes,Yes,No,Yes,No,No,Two year,Yes,Bank transfer (automatic),93.64,629.79,0
CUST-06246,Male,0,No,No,5,Yes,Yes,Fiber optic,No,No,No,No,No,No,Month-to-month,Yes,Electronic check,37.72,179.45,1
CUST-06247,Female,0,No,No,17,Yes,No,DSL,Yes,No,Yes,Yes,No,Yes,One year,Yes,Credit card (automatic),35.85,584.39,0
CUST-06248,Male,0,No,No,9,Yes,Yes,DSL,No,No,No,No,No,No,Month-to-month,Yes,Bank transfer (automatic),76.13,717.5,0
CUST-06249,Female,0,No,No,71,Yes,Yes,DSL,No,Yes,No,No,Yes,Yes,One year,Yes,Mailed check,32.62,2418.21,0
CUST-06250,Female,0,No,No,37,Yes,Yes,Fiber optic,No,Yes,Yes,Yes,No,Yes,Month-to-month,Yes,Mailed check,77.81,2822.3,1
CUST-06251,Male,0,Yes,Yes,43,Yes,Yes,Fiber optic,Yes,Yes,Yes,Yes,Yes,No,Month-to-month,Yes,Credit card (automatic),51.51,2303.25,0
CUST-06252,Male,0,No,No,16,No,No phone service,Fiber optic,No,Yes,Yes,No,No,No,Month-to-month,No,Mailed check,111.47,1769.91,1
CUST-06253,Female,0,No,No,29,Yes,No,Fiber optic,No,No,No,No,Yes,Yes,One year,No,Mailed check,98.16,2920.15,0
CUST-06254,Female,0,No,Yes,22,Yes,Yes,Fiber optic,No,Yes,No,No,No,Yes,One year,Yes,Bank transfer (automatic),87.95,1844.57,0
CUST-06255,Female,0,Yes,No,5,Yes,No,Fiber optic,No,No,Yes,No,Yes,Yes,One year,Yes,Bank transfer (automatic),55.59,264.8,0
CUST-06256,Female,0,Yes,No,1,Yes,No,Fiber optic,Yes,Yes,Yes,Yes,No,No,Month-to-month,No,Electronic check,77.46,75.87,1
CUST-06257,Male,0,No,No,36,Yes,No,Fiber optic,No,No,No,No,No,No,Two year,No,Credit card (automatic),71.49,2516.06,0
CUST-06258,Female,0,No,No,4,Yes,No,DSL,No,Yes,No,No,No,No,Month-to-month,Yes,Electronic check,47.4,186.43,1
CUST-06259,Female,1,No,No,1,Yes,No,Fiber optic,No,No,No,No,No,Yes,Two year,No,Bank transfer (automatic),70.71,69.4,1
CUST-06260,Female,0,Yes,No,18,Yes,Yes,DSL,No,Yes,No,No,No,No,Two year,No,Mailed check,57.93,1062.16,0
CUST-06261,Male,0,Yes,No,42,No,No phone service,Fiber optic,Yes,Yes,No,Yes,No,No,Month-to-month,Yes,Electronic check,35.45,1551.05,1
CUST-06262,Male,0,Yes,No,46,Yes,Yes,Fiber optic,No,No,Yes,No,No,No,Month-to-month,Yes,Credit card (automatic),89.99,3933.24,1
CUST-06263,Female,0,No,No,66,Yes,No,Fiber optic,Yes,No,No,Yes,Yes,No,Month-to-month,No,Electronic check,65.18,4202.84,0
CUST-06264,Male,0,Yes,Yes,7,Yes,No,DSL,No,Yes,No,No,No,No,Two year,Yes,Bank transfer (automatic),79.41,532.95,1
CUST-06265,Male,0,No,No,72,Yes,Yes,Fiber optic,No,No,Yes,No,No,No,Two year,Yes,Bank transfer (automatic),65.88,4823.88,0
CUST-06266,Male,0,Yes,Yes,46,Yes,Yes,No,No internet service,No internet service,No internet service,No internet service,No internet service,No internet service,Month-to-month,Yes,Mailed check,20.94,918.72,1
CUST-06267,Female,0,No,No,5,Yes,No,Fiber optic,No,Yes,No,No,No,Yes,Month-to-month,Yes,Electronic check,79.99,387.6,1
CUST-06268,Female,0,No,No,58,Yes,Yes,Fiber optic,No,No,No,No,No,No,Month-to-month,Yes,Electronic check,90.64,5212.66,1
CUST-06269,Male,0,No,No,22,Yes,No,Fiber optic,No,No,No,No,No,No,Month-to-month,No,Credit card (automatic),120.0,2516.35,1
CUST-06270,Female,0,Yes,Yes,2,Yes,No,Fiber optic,No,Yes,Yes,No,No,No,Two year,No,Bank transfer (automatic),82.0,167.06,0
CUST-06271,Female,0,No,No,4,Yes,No,Fiber optic,Yes,Yes,No,No,Yes,Yes,Two year,Yes,Bank transfer (automatic),72.75,299.05,0
CUST-06272,Male,0,Yes,No,18,Yes,No,Fiber optic,Yes,Yes,No,No,No,No,Month-to-month,Yes,Mailed check,100.98,1896.75,1
CUST-06273,Male,0,Yes,Yes,24,Yes,No,DSL,No,No,Yes,No,Yes,Yes,Month-to-month,Yes,Electronic check,79.01,1939.62,1
CUST-06274,Female,1,Yes,Yes,72,Yes,Yes,Fiber optic,No,Yes,No,No,No,Yes,Month-to-month,Yes,Credit card (automatic),101.4,7508.29,0
CUST-06275,Male,1,No,No,7,Yes,Yes,DSL,No,No,No,No,No,No,Month-to-month,Yes,Credit card (automatic),37.2,273.21,0
CUST-06276,Female,0,Yes,Yes,20,Yes,Yes,DSL,No,Yes,Yes,Yes,Yes,Yes,Two year,No,Credit card (automatic),65.77,1305.0,0
CUST-06277,Female,0,No,No,8,No,No phone service,Fiber optic,No,No,No,No,Yes,No,Two year,Yes,Credit card (automatic),73.99,600.27,0
CUST-06278,Male,0,Yes,No,26,Yes,Yes,No,No internet service,No internet service,No internet service,No internet service,No internet service,No internet service,Month-to-month,Yes,Bank transfer (automatic),18.57,498.64,0
CUST-06279,Female,0,Yes,Yes,72,Yes,No,Fiber optic,No,No,Yes,No,No,Yes,Month-to-month,Yes,Mailed check,57.41,4201.74,0
CUST-06280,Female,1,Yes,No,26,Yes,No,Fiber optic,No,Yes,No,Yes,No,Yes,Two year,Yes,Mailed check,72.62,1888.57,0
CUST-06281,Male,0,No,No,22,Yes,Yes,Fiber optic,No,Yes,No,No,No,Yes,One year,Yes,Credit card (automatic),63.98,1364.65,1
CUST-06282,Male,0,Yes,No,44,Yes,No,No,No internet service,No internet service,No internet service,No internet service,No internet service,No internet service,Month-to-month,Yes,Credit card (automatic),18.0,784.62,0
CUST-06283,Male,0,No,No,5,Yes,Yes,Fiber optic,No,Yes,No,Yes,No,Yes,Month-to-month,Yes,Mailed check,78.87,378.89,1
CUST-06284,Female,0,No,No,72,Yes,No,Fiber optic,No,No,No,No,No,Yes,Month-to-month,No,Bank transfer (automatic),96.98,7055.26,1
CUST-06285,Male,0,No,Yes,27,Yes,No,No,No internet service,No internet service,No internet service,No internet service,No internet service,No internet service,Month-to-month,Yes,Credit card (automatic),23.08,648.86,0
CUST-06286,Male,0,Yes,No,37,Yes,Yes,Fiber optic,Yes,No,Yes,Yes,No,No,Month-to-month,No,Bank transfer (automatic),102.57,3879.79,1
CUST-06287,Male,0,Yes,No,54,No,No phone service,No,No internet service,No internet service,No internet service,No internet service,No internet service,No internet service,One year,No,Credit card (automatic),24.7,1362.39,0
CUST-06288,Male,0,No,Yes,32,Yes,No,Fiber optic,No,No,No,No,No,No,One year,Yes,Bank transfer (automatic),46.1,1527.78,0
CUST-06289,Female,0,No,Yes,32,Yes,Yes,DSL,No,Yes,Yes,No,Yes,No,Two year,No,Bank transfer (automatic),49.15,1632.07,1
CUST-06290,Female,0,Yes,No,41,Yes,No,No,No internet service,No internet service,No internet service,No internet service,No internet service,No internet service,Month-to-month,No,Mailed check,20.41,851.54,1
CUST-06291,Male,0,No,No,1,Yes,Yes,Fiber optic,Yes,No,Yes,No,Yes,Yes,Month-to-month,Yes,Electronic check,91.84,87.77,1
CUST-06292,Female,0,Yes,No,15,Yes,No,No,No internet service,No internet service,No internet service,No internet service,No internet service,No internet service,One year,No,Electronic check,20.05,291.36,0
CUST-06293,Male,1,No,No,72,Yes,No,DSL,No,No,No,No,No,Yes,Month-to-month,No,Electronic check,36.25,2658.32,0
CUST-06294,Male,0,Yes,Yes,9,Yes,No,Fiber optic,No,No,Yes,No,Yes,No,Two year,Yes,Electronic check,87.72,796.83,0
CUST-06295,Female,0,Yes,No,25,Yes,Yes,Fiber optic,No,Yes,No,No,Yes,No,Month-to-month,No,Mailed check,86.4,2205.31,1
CUST-06296,Female,0,Yes,Yes,6,Yes,No,Fiber optic,Yes,No,No,No,No,Yes,Month-to-month,Yes,Mailed check,67.08,409.4,1
CUST-06297,Male,0,No,No,12,Yes,No,DSL,Yes,No,Yes,No,Yes,No,Month-to-month,No,Electronic check,77.03,944.32,1
CUST-06298,Male,0,No,No,40,Yes,Yes,Fiber optic,No,No,No,No,Yes,Yes,Two year,Yes,Electronic check,64.28,2531.78,0
CUST-06299,Female,0,Yes,Yes,32,Yes,No,Fiber optic,No,Yes,Yes,No,No,No,Month-to-month,Yes,Mailed check,74.48,2495.05,0
CUST-06300,Male,1,No,No,17,Yes,Yes,Fiber optic,Yes,No,No,No,No,Yes,Two year,Yes,Mailed check,89.09,1551.52,0
CUST-06301,Female,0,No,No,72,Yes,No,DSL,No,No,No,Yes,Yes,Yes,One year,No,Electronic check,59.13,4314.1,0
CUST-06302,Male,1,No,No,47,Yes,Yes,Fiber optic,No,No,No,No,Yes,No,Two year,Yes,Bank transfer (automatic),70.72,3162.28,0
CUST-06303,Male,1,Yes,No,9,Yes,No,Fiber optic,Yes,No,No,No,No,Yes,Two year,Yes,Electronic check,88.39,803.58,0
CUST-06304,Female,1,No,No,20,No,No phone service,No,No internet service,No internet service,No internet service,No internet service,No internet service,No internet service,Month-to-month,Yes,Mailed check,21.57,445.93,1
CUST-06305,Female,0,Yes,No,67,Yes,Yes,DSL,No,No,No,Yes,Yes,No,One year,No,Electronic check,59.56,4009.03,0
CUST-06306,Female,0,Yes,Yes,1,Yes,No,No,No internet service,No internet service,No internet service,No internet service,No internet service,No internet service,Month-to-month,Yes,Electronic check,27.18,27.69,1
CUST-06307,Female,0,No,No,27,Yes,No,No,No internet service,No internet service,No internet service,No internet service,No internet service,No internet service,Month-to-month,No,Electronic check,20.64,535.27,0
CUST-06308,Female,0,No,No,8,Yes,No,Fiber optic,No,Yes,Yes,No,No,No,Month-to-month,Yes,Mailed check,87.23,719.32,1
CUST-06309,Female,0,No,No,2,Yes,Yes,No,No internet service,No internet service,No internet service,No internet service,No internet service,No internet service,Two year,Yes,Bank transfer (automatic),18.9,36.0,0
CUST-06310,Female,0,No,No,72,Yes,No,Fiber optic,Yes,Yes,Yes,Yes,Yes,No,Two year,No,Electronic check,68.97,5044.86,0
CUST-06311,Male,0,No,No,54,Yes,No,DSL,No,Yes,No,No,No,No,One year,No,Bank transfer (automatic),54.12,2904.76,0
CUST-06312,Male,1,Yes,No,6,Yes,No,DSL,No,No,Yes,No,No,Yes,Month-to-month,No,Credit card (automatic),69.85,399.3,1
CUST-06313,Male,0,Yes,Yes,58,Yes,Yes,Fiber optic,No,No,No,No,No,Yes,Two year,No,Electronic check,60.46,3562.54,0
CUST-06314,Female,0,No,No,5,Yes,No,DSL,No,No,Yes,No,No,No,One year,Yes,Mailed check,67.23,334.01,0
CUST-06315,Female,0,No,No,20,Yes,Yes,Fiber optic,No,Yes,Yes,No,No,No,One year,Yes,Mailed check,71.39,1471.99,0
CUST-06316,Female,0,No,Yes,41,No,No phone service,DSL,No,Yes,No,No,Yes,No,Month-to-month,Yes,Electronic check,31.96,1312.15,0
CUST-06317,Male,0,No,No,24,Yes,No,DSL,No,No,Yes,Yes,No,Yes,Month-to-month,No,Mailed check,73.48,1820.11,0
CUST-06318,Female,1,No,No,60,Yes,No,DSL,No,No,Yes,Yes,No,No,One year,Yes,Mailed check,57.41,3493.71,0
CUST-06319,Female,0,No,No,30,Yes,Yes,No,No internet service,No internet service,No internet service,No internet service,No internet service,No internet service,Month-to-month,Yes,Bank transfer (automatic),21.91,647.54,0
CUST-06320,Male,0,Yes,No,18,Yes,No,DSL,No,No,Yes,No,Yes,No,One year,Yes,Credit card (automatic),41.8,715.34,0
CUST-06321,Female,0,Yes,No,72,Yes,No,No,No internet service,No internet service,No internet service,No internet service,No internet service,No internet service,Month-to-month,No,Bank transfer (automatic),20.83,1547.36,0
CUST-06322,Male,0,No,No,1,Yes,Yes,No,No internet service,No internet service,No internet service,No internet service,No internet service,No internet service,Two year,Yes,Mailed check,20.02,19.7,0
CUST-06323,Male,0,No,Yes,21,Yes,No,DSL,Yes,Yes,No,No,Yes,Yes,Two year,Yes,Mailed check,63.71,1294.55,0
CUST-06324,Female,0,No,No,34,Yes,No,DSL,Yes,Yes,No,No,No,Yes,Month-to-month,Yes,Credit card (automatic),50.11,1670.09,1
CUST-06325,Female,0,Yes,No,57,Yes,No,Fiber optic,No,No,No,Yes,No,Yes,Month-to-month,No,Bank transfer (automatic),66.02,3795.41,0
CUST-06326,Female,0,No,Yes,24,Yes,No,Fiber optic,Yes,Yes,No,No,No,Yes,One year,Yes,Mailed check,56.57,1356.79,0
CUST-06327,Male,0,No,No,69,Yes,No,Fiber optic,No,No,No,Yes,No,No,Month-to-month,No,Bank transfer (automatic),52.46,3617.73,0
CUST-06328,Male,0,No,No,17,Yes,Yes,Fiber optic,No,Yes,No,No,Yes,No,Month-to-month,No,Bank transfer (automatic),48.88,822.04,0
CUST-06329,Male,1,Yes,No,12,Yes,Yes,Fiber optic,No,No,No,No,Yes,No,Month-to-month,No,Mailed check,83.75,1049.18,1
CUST-06330,Female,0,No,No,72,Yes,No,Fiber optic,No,No,No,No,No,No,Two year,Yes,Credit card (automatic),74.26,5346.22,0
CUST-06331,Female,0,No,No,35,Yes,Yes,Fiber optic,Yes,No,No,No,Yes,No,Month-to-month,Yes,Credit card (automatic),72.18,2576.21,0
CUST-06332,Female,0,No,Yes,17,Yes,No,DSL,No,Yes,No,No,Yes,No,Month-to-month,No,Mailed check,46.44,800.69,0
CUST-06333,Female,1,No,No,67,Yes,Yes,Fiber optic,No,Yes,No,No,Yes,No,Month-to-month,Yes,Credit card (automatic),42.72,2770.04,0
CUST-06334,Male,1,No,No,36,Yes,Yes,Fiber optic,No,Yes,No,Yes,No,No,Two year,No,Credit card (automatic),82.76,2846.96,0
CUST-06335,Male,0,Yes,No,32,Yes,No,DSL,Yes,No,No,Yes,Yes,Yes,Month-to-month,No,Credit card (automatic),81.57,2694.44,0
CUST-06336,Male,0,Yes,No,41,Yes,Yes,Fiber optic,No,No,Yes,No,No,Yes,One year,No,Electronic check,73.87,2968.85,1
CUST-06337,Male,0,No,No,42,Yes,Yes,DSL,Yes,No,Yes,No,No,Yes,Month-to-month,Yes,Electronic check,72.22,3124.07,0
CUST-06338,Female,0,Yes,No,21,Yes,Yes,Fiber optic,No,No,Yes,No,Yes,No,Two year,Yes,Bank transfer (automatic),41.55,888.1,0
CUST-06339,Female,0,No,No,17,Yes,No,Fiber optic,Yes,No,No,No,Yes,No,One year,Yes,Bank transfer (automatic),80.86,1371.53,1
CUST-06340,Female,0,Yes,Yes,72,Yes,No,DSL,Yes,Yes,No,No,No,No,Month-to-month,No,Electronic check,58.09,4016.79,0
CUST-06341,Male,0,Yes,Yes,22,Yes,Yes,No,No internet service,No internet service,No internet service,No internet service,No internet service,No internet service,Two year,Yes,Mailed check,19.42,427.85,0
CUST-06342,Male,1,No,Yes,7,Yes,Yes,No,No internet service,No internet service,No internet service,No internet service,No internet service,No internet service,One year,Yes,Bank transfer (automatic),22.59,157.91,1
CUST-06343,Female,0,Yes,No,23,No,No phone service,Fiber optic,No,Yes,No,Yes,Yes,No,One year,Yes,Mailed check,87.26,1949.73,0
CUST-06344,Female,0,No,No,1,No,No phone service,Fiber optic,No,Yes,No,No,No,Yes,Month-to-month,No,Mailed check,68.82,70.3,0
CUST-06345,Male,0,No,Yes,41,Yes,Yes,DSL,No,No,No,No,Yes,No,One year,Yes,Electronic check,53.13,2119.06,0
CUST-06346,Female,0,Yes,No,4,No,No phone service,No,No internet service,No internet service,No internet service,No internet service,No internet service,No internet service,Month-to-month,No,Credit card (automatic),20.31,81.67,0
CUST-06347,Male,0,No,Yes,3,Yes,Yes,DSL,No,No,Yes,No,No,Yes,Two year,No,Mailed check,49.58,149.79,0
CUST-06348,Male,0,Yes,No,72,Yes,No,Fiber optic,No,Yes,Yes,No,No,No,Month-to-month,Yes,Electronic check,74.88,5660.91,1
CUST-06349,Male,0,No,No,47,Yes,No,Fiber optic,No,No,Yes,No,No,No,Two year,Yes,Mailed check,89.74,4391.59,0
CUST-06350,Female,0,Yes,No,17,Yes,No,DSL,No,No,Yes,No,No,No,Month-to-month,Yes,Electronic check,59.29,1017.87,1
CUST-06351,Female,0,Yes,No,8,No,No phone service,Fiber optic,Yes,No,No,No,No,No,Month-to-month,Yes,Mailed check,74.54,611.84,1
CUST-06352,Male,0,No,No,59,Yes,No,No,No internet service,No internet service,No internet service,No internet service,No internet service,No internet service,One year,Yes,Mailed check,18.0,1087.23,0
CUST-06353,Female,0,No,Yes,72,Yes,No,Fiber optic,No,No,No,No,No,Yes,Month-to-month,Yes,Electronic check,85.59,6023.17,0
CUST-06354,Male,0,Yes,No,22,Yes,Yes,Fiber optic,No,No,No,Yes,Yes,Yes,Month-to-month,Yes,Bank transfer (automatic),106.77,2455.64,0
CUST-06355,Male,0,No,No,27,Yes,No,Fiber optic,No,No,No,Yes,No,Yes,Two year,No,Mailed check,109.09,2958.37,0
CUST-06356,Male,0,No,No,8,Yes,Yes,DSL,No,No,Yes,Yes,No,No,Month-to-month,Yes,Electronic check,66.25,526.37,1
CUST-06357,Male,0,No,No,28,Yes,Yes,DSL,Yes,No,No,No,No,Yes,Month-to-month,Yes,Credit card (automatic),47.17,1370.36,0
CUST-06358,Female,0,Yes,No,16,Yes,Yes,No,No internet service,No internet service,No internet service,No internet service,No internet service,No internet service,Two year,Yes,Mailed check,20.57,342.39,0
CUST-06359,Male,0,No,No,59,Yes,Yes,No,No internet service,No internet service,No internet service,No internet service,No internet service,No internet service,Month-to-month,No,Credit card (automatic),18.1,1119.1,0
CUST-06360,Male,0,No,No,15,Yes,No,No,No internet service,No internet service,No internet service,No internet service,No internet service,No internet service,Month-to-month,No,Mailed check,18.0,266.47,1
CUST-06361,Female,1,No,No,33,Yes,No,DSL,Yes,No,Yes,No,Yes,No,Two year,Yes,Mailed check,48.49,1641.34,0
CUST-06362,Male,0,No,Yes,7,Yes,Yes,Fiber optic,No,No,No,No,No,Yes,Two year,No,Credit card (automatic),73.7,512.5,0
CUST-06363,Male,0,Yes,No,3,Yes,No,Fiber optic,No,Yes,No,Yes,No,No,One year,Yes,Mailed check,97.6,288.7,1
CUST-06364,Female,0,Yes,No,1,Yes,Yes,Fiber optic,No,Yes,No,No,Yes,Yes,Two year,No,Bank transfer (automatic),109.94,110.1,0
CUST-06365,Female,0,Yes,No,17,No,No phone service,No,No internet service,No internet service,No internet service,No internet service,No internet service,No internet service,Month-to-month,No,Electronic check,19.68,332.89,0
CUST-06366,Female,0,Yes,No,5,Yes,Yes,Fiber optic,No,No,No,Yes,Yes,Yes,Month-to-month,No,Electronic check,50.47,248.16,0
CUST-06367,Male,0,Yes,No,72,No,No phone service,DSL,No,No,Yes,No,Yes,No,One year,Yes,Mailed check,61.65,4442.63,0
CUST-06368,Female,0,No,No,51,Yes,No,DSL,Yes,No,No,No,No,No,One year,Yes,Bank transfer (automatic),71.08,3784.75,1
CUST-06369,Female,0,Yes,No,37,Yes,No,Fiber optic,Yes,No,No,No,No,Yes,One year,No,Bank transfer (automatic),104.71,4029.99,1
CUST-06370,Male,1,Yes,Yes,52,Yes,Yes,DSL,No,No,No,No,No,No,One year,No,Bank transfer (automatic),59.56,3020.22,0
CUST-06371,Male,0,Yes,Yes,9,Yes,No,No,No internet service,No internet service,No internet service,No internet service,No internet service,No internet service,Two year,Yes,Credit card (automatic),18.0,155.39,0
CUST-06372,Male,0,Yes,No,67,Yes,No,DSL,No,Yes,No,No,No,No,Month-to-month,Yes,Electronic check,41.6,2813.02,1
CUST-06373,Male,0,Yes,No,72,Yes,No,No,No internet service,No internet service,No internet service,No internet service,No internet service,No internet service,Two year,No,Bank transfer (automatic),23.79,1791.8,0
CUST-06374,Male,1,No,Yes,10,Yes,No,Fiber optic,No,Yes,No,No,No,Yes,One year,Yes,Mailed check,99.01,953.38,0
CUST-06375,Female,0,Yes,Yes,72,Yes,No,Fiber optic,No,No,No,No,Yes,Yes,Month-to-month,Yes,Electronic check,69.54,5189.36,0
CUST-06376,Female,0,No,No,12,Yes,No,Fiber optic,No,No,Yes,No,Yes,No,Month-to-month,Yes,Mailed check,65.97,757.55,0
CUST-06377,Female,1,Yes,No,1,Yes,Yes,Fiber optic,No,No,No,No,No,No,One year,No,Credit card (automatic),54.46,53.16,0
CUST-06378,Male,0,No,No,14,Yes,Yes,DSL,No,No,No,No,Yes,Yes,One year,No,Electronic check,52.99,715.93,0
CUST-06379,Male,0,Yes,No,72,No,No phone service,No,No internet service,No internet service,No internet service,No internet service,No internet service,No internet service,Two year,Yes,Bank transfer (automatic),25.59,1933.57,0
CUST-06380,Male,0,No,No,32,Yes,No,No,No internet service,No internet service,No internet service,No internet service,No internet service,No internet service,Two year,Yes,Mailed check,20.1,660.54,0
CUST-06381,Female,0,No,Yes,38,Yes,Yes,No,No internet service,No internet service,No internet service,No internet service,No internet service,No internet service,Month-to-month,Yes,Bank transfer (automatic),18.0,687.42,0
CUST-06382,Female,1,No,No,8,Yes,No,Fiber optic,No,No,No,No,No,Yes,Two year,No,Credit card (automatic),78.53,635.08,0
CUST-06383,Male,0,No,Yes,5,Yes,Yes,Fiber optic,Yes,Yes,No,No,Yes,No,One year,Yes,Mailed check,78.95,390.91,0
CUST-06384,Female,1,No,No,69,Yes,No,Fiber optic,No,No,No,Yes,No,No,Month-to-month,Yes,Electronic check,72.31,4776.32,1
CUST-06385,Male,1,No,No,17,Yes,No,DSL,No,Yes,No,No,No,Yes,One year,No,Electronic check,50.95,846.94,0
CUST-06386,Female,0,No,No,1,Yes,No,DSL,No,Yes,Yes,No,No,No,Month-to-month,Yes,Electronic check,53.01,51.52,0
CUST-06387,Female,0,No,No,11,Yes,No,DSL,No,No,No,No,No,No,One year,Yes,Mailed check,64.22,739.44,0
CUST-06388,Female,0,No,No,6,Yes,No,DSL,No,No,No,No,No,Yes,Two year,Yes,Bank transfer (automatic),62.63,371.96,0
CUST-06389,Male,0,No,No,29,Yes,Yes,DSL,No,Yes,Yes,Yes,No,No,Two year,Yes,Mailed check,52.68,1577.86,0
CUST-06390,Female,0,Yes,No,45,Yes,No,Fiber optic,Yes,No,No,Yes,Yes,Yes,One year,Yes,Mailed check,68.36,3177.57,0
CUST-06391,Female,0,No,No,22,Yes,No,Fiber optic,Yes,Yes,Yes,Yes,No,Yes,Two year,Yes,Electronic check,61.76,1332.34,0
CUST-06392,Male,0,No,No,6,Yes,No,DSL,No,Yes,No,No,No,No,Month-to-month,Yes,Mailed check,55.34,334.32,1
CUST-06393,Female,0,No,No,1,Yes,No,No,No internet service,No internet service,No internet service,No internet service,No internet service,No internet service,One year,Yes,Electronic check,28.01,28.43,1
CUST-06394,Male,0,Yes,Yes,12,Yes,No,Fiber optic,Yes,No,Yes,Yes,Yes,No,Two year,Yes,Bank transfer (automatic),99.93,1153.03,0
CUST-06395,Male,1,No,No,52,Yes,No,DSL,No,No,Yes,Yes,Yes,No,Month-to-month,Yes,Credit card (automatic),44.52,2275.0,0
CUST-06396,Male,0,No,No,17,No,No phone service,Fiber optic,No,No,No,No,No,No,Month-to-month,Yes,Bank transfer (automatic),80.11,1297.01,1
CUST-06397,Male,1,No,No,9,Yes,Yes,Fiber optic,Yes,No,Yes,Yes,No,No,Two year,Yes,Electronic check,89.84,834.29,0
CUST-06398,Male,0,Yes,No,1,Yes,No,DSL,No,No,Yes,No,No,Yes,Month-to-month,Yes,Bank transfer (automatic),56.94,59.5,0
CUST-06399,Female,0,Yes,Yes,21,Yes,Yes,DSL,No,No,Yes,No,No,No,Two year,Yes,Bank transfer (automatic),49.39,1060.85,0
CUST-06400,Male,0,Yes,No,36,No,No phone service,DSL,Yes,No,No,No,No,Yes,Month-to-month,No,Bank transfer (automatic),41.21,1531.19,1
CUST-06401,Male,0,No,No,6,Yes,Yes,Fiber optic,No,Yes,Yes,Yes,Yes,No,One year,Yes,Bank transfer (automatic),77.19,460.24,0
CUST-06402,Male,0,Yes,No,24,Yes,No,No,No internet service,No internet service,No internet service,No internet service,No internet service,No internet service,One year,Yes,Mailed check,25.99,614.63,0
CUST-06403,Male,0,No,No,17,Yes,No,Fiber optic,No,No,No,No,No,Yes,Month-to-month,No,Electronic check,97.2,1722.18,1
CUST-06404,Female,0,No,No,38,Yes,No,No,No internet service,No internet service,No internet service,No internet service,No internet service,No internet service,Two year,Yes,Electronic check,18.57,681.64,0
CUST-06405,Male,0,No,No,63,Yes,Yes,No,No internet service,No internet service,No internet service,No internet service,No internet service,No internet service,One year,Yes,Electronic check,20.09,1257.7,0
CUST-06406,Female,0,Yes,No,11,Yes,Yes,Fiber optic,No,No,No,No,Yes,No,Month-to-month,Yes,Electronic check,64.14,676.0,1
CUST-06407,Male,0,Yes,Yes,72,Yes,No,Fiber optic,Yes,No,Yes,No,No,Yes,Two year,No,Credit card (automatic),118.41,8773.06,0
CUST-06408,Female,0,No,No,39,Yes,No,Fiber optic,Yes,No,No,Yes,Yes,Yes,One year,No,Bank transfer (automatic),87.07,3336.15,0
CUST-06409,Male,0,No,No,1,Yes,No,No,No internet service,No internet service,No internet service,No internet service,No internet service,No internet service,Two year,No,Bank transfer (automatic),20.21,20.48,0
CUST-06410,Male,1,Yes,Yes,50,Yes,No,No,No internet service,No internet service,No internet service,No internet service,No internet service,No internet service,Two year,No,Mailed check,21.55,1110.91,0
CUST-06411,Female,1,No,No,21,Yes,No,Fiber optic,No,No,Yes,No,No,Yes,Month-to-month,No,Credit card (automatic),85.65,1750.92,1
CUST-06412,Male,1,No,Yes,72,Yes,No,Fiber optic,No,Yes,No,No,Yes,Yes,One year,Yes,Electronic check,66.8,5032.23,0
CUST-06413,Female,0,Yes,No,12,Yes,Yes,Fiber optic,Yes,No,No,No,No,Yes,One year,Yes,Bank transfer (automatic),108.43,1322.56,0
CUST-06414,Male,0,Yes,Yes,28,Yes,Yes,DSL,No,No,No,No,Yes,Yes,Two year,Yes,Mailed check,28.76,821.3,0
CUST-06415,Female,0,No,No,72,Yes,No,DSL,No,No,Yes,No,No,No,Month-to-month,Yes,Bank transfer (automatic),64.81,4866.5,0
CUST-06416,Male,0,Yes,No,10,Yes,No,DSL,No,Yes,Yes,No,No,Yes,Two year,Yes,Bank transfer (automatic),50.59,514.33,0
CUST-06417,Male,0,Yes,Yes,20,Yes,No,No,No internet service,No internet service,No internet service,No internet service,No internet service,No internet service,One year,No,Electronic check,24.29,480.81,0
CUST-06418,Female,0,Yes,No,44,Yes,Yes,DSL,No,No,Yes,No,No,No,Month-to-month,No,Credit card (automatic),83.74,3670.57,0
CUST-06419,Male,0,No,No,37,Yes,No,DSL,No,No,No,Yes,Yes,No,Month-to-month,No,Mailed check,61.97,2350.3,0
CUST-06420,Male,0,No,Yes,58,Yes,No,Fiber optic,Yes,No,Yes,No,No,Yes,Month-to-month,No,Electronic check,72.65,4002.91,0
CUST-06421,Male,0,Yes,No,23,Yes,Yes,DSL,No,Yes,Yes,No,No,No,Two year,No,Bank transfer (automatic),45.94,1090.72,0
CUST-06422,Male,0,Yes,Yes,12,Yes,No,No,No internet service,No internet service,No internet service,No internet service,No internet service,No internet service,Month-to-month,Yes,Bank transfer (automatic),22.07,264.21,0
CUST-06423,Male,0,Yes,Yes,24,Yes,No,No,No internet service,No internet service,No internet service,No internet service,No internet service,No internet service,Two year,No,Credit card (automatic),23.22,555.22,0
CUST-06424,Male,0,No,Yes,13,Yes,No,Fiber optic,No,No,No,No,Yes,Yes,Month-to-month,Yes,Electronic check,46.39,595.56,1
CUST-06425,Female,0,Yes,No,6,Yes,No,No,No internet service,No internet service,No internet service,No internet service,No internet service,No internet service,Month-to-month,Yes,Mailed check,20.75,123.84,1
CUST-06426,Female,1,No,No,25,No,No phone service,DSL,Yes,No,No,Yes,No,Yes,Two year,Yes,Mailed check,45.61,1140.52,0
CUST-06427,Female,0,Yes,Yes,1,Yes,Yes,Fiber optic,Yes,No,No,No,Yes,No,Month-to-month,No,Electronic check,97.06,96.96,1
CUST-06428,Male,0,Yes,Yes,1,Yes,Yes,No,No internet service,No internet service,No internet service,No internet service,No internet service,No internet service,One year,No,Bank transfer (automatic),18.0,18.04,0
CUST-06429,Female,1,Yes,No,2,Yes,No,DSL,No,No,No,Yes,Yes,No,Month-to-month,No,Electronic check,50.01,95.97,0
CUST-06430,Male,0,No,No,35,Yes,No,No,No internet service,No internet service,No internet service,No internet service,No internet service,No internet service,Month-to-month,No,Electronic check,22.66,765.01,0
CUST-06431,Male,0,No,No,16,Yes,Yes,DSL,No,No,Yes,No,No,Yes,Month-to-month,No,Bank transfer (automatic),33.76,522.58,0
CUST-06432,Male,0,No,No,21,Yes,Yes,Fiber optic,No,No,No,No,No,No,Two year,No,Mailed check,83.91,1771.1,0
CUST-06433,Male,0,Yes,No,13,Yes,Yes,No,No internet service,No internet service,No internet service,No internet service,No internet service,No internet service,Month-to-month,Yes,Electronic check,20.42,273.61,1
CUST-06434,Female,0,Yes,Yes,9,Yes,No,Fiber optic,No,Yes,No,Yes,Yes,Yes,Two year,Yes,Credit card (automatic),71.88,644.92,0
CUST-06435,Male,0,No,No,14,Yes,No,DSL,Yes,Yes,No,Yes,No,No,One year,Yes,Bank transfer (automatic),77.62,1112.35,1
CUST-06436,Female,0,No,No,6,Yes,No,No,No internet service,No internet service,No internet service,No internet service,No internet service,No internet service,Month-to-month,Yes,Mailed check,28.45,165.63,0
CUST-06437,Male,0,No,No,36,Yes,No,DSL,Yes,No,No,No,Yes,No,Two year,No,Bank transfer (automatic),71.41,2447.25,0
CUST-06438,Female,1,Yes,No,3,Yes,No,Fiber optic,No,No,No,No,Yes,No,Month-to-month,Yes,Bank transfer (automatic),78.35,245.24,1
CUST-06439,Female,0,Yes,No,23,Yes,No,DSL,No,No,Yes,No,Yes,No,Two year,No,Mailed check,34.8,808.54,0
CUST-06440,Female,0,Yes,No,20,No,No phone service,Fiber optic,No,No,No,No,Yes,No,Two year,No,Bank transfer (automatic),57.71,1117.87,0
CUST-06441,Female,1,No,No,11,Yes,No,Fiber optic,No,Yes,No,Yes,No,No,Month-to-month,Yes,Bank transfer (automatic),80.96,909.84,1
CUST-06442,Female,0,No,No,3,Yes,Yes,DSL,No,Yes,Yes,Yes,Yes,No,Month-to-month,Yes,Electronic check,59.15,183.98,0
CUST-06443,Female,0,No,No,38,Yes,No,Fiber optic,Yes,Yes,Yes,Yes,No,No,Month-to-month,Yes,Electronic check,89.62,3327.22,0
CUST-06444,Male,0,Yes,No,26,Yes,Yes,DSL,No,No,No,No,No,Yes,Month-to-month,Yes,Electronic check,32.84,844.22,1
CUST-06445,Female,0,No,No,53,Yes,No,Fiber optic,No,No,No,No,Yes,No,Month-to-month,Yes,Electronic check,68.12,3457.53,1
CUST-06446,Male,0,Yes,Yes,8,Yes,No,No,No internet service,No internet service,No internet service,No internet service,No internet service,No internet service,Two year,No,Electronic check,21.15,173.04,0
CUST-06447,Female,0,Yes,Yes,50,Yes,Yes,Fiber optic,No,Yes,No,No,No,No,Month-to-month,Yes,Electronic check,48.05,2456.41,1
CUST-06448,Male,0,No,Yes,11,Yes,No,No,No internet service,No internet service,No internet service,No internet service,No internet service,No internet service,One year,Yes,Mailed check,21.65,239.28,0
CUST-06449,Female,0,No,No,3,Yes,No,Fiber optic,No,Yes,Yes,No,No,Yes,One year,Yes,Bank transfer (automatic),71.33,211.48,0
CUST-06450,Female,0,No,No,4,Yes,Yes,No,No internet service,No internet service,No internet service,No internet service,No internet service,No internet service,One year,No,Credit card (automatic),25.29,103.11,0
CUST-06451,Male,1,No,No,7,Yes,Yes,DSL,Yes,Yes,No,No,No,No,Month-to-month,No,Bank transfer (automatic),71.08,522.37,0
CUST-06452,Female,0,Yes,No,36,Yes,Yes,No,No internet service,No internet service,No internet service,No internet service,No internet service,No internet service,Month-to-month,No,Electronic check,18.0,641.77,1
CUST-06453,Female,1,No,No,8,Yes,No,Fiber optic,No,Yes,No,Yes,Yes,Yes,Month-to-month,Yes,Mailed check,60.98,497.28,0
CUST-06454,Female,0,No,No,29,Yes,Yes,Fiber optic,No,No,Yes,Yes,Yes,Yes,Month-to-month,Yes,Bank transfer (automatic),63.47,1898.77,1
CUST-06455,Male,0,Yes,No,9,Yes,Yes,DSL,No,Yes,Yes,No,No,No,Month-to-month,No,Electronic check,47.2,443.55,1
CUST-06456,Female,0,No,No,14,Yes,No,Fiber optic,No,No,No,Yes,Yes,Yes,One year,No,Mailed check,79.5,1119.99,0
CUST-06457,Male,0,No,No,70,Yes,Yes,Fiber optic,Yes,Yes,No,No,No,Yes,Month-to-month,Yes,Credit card (automatic),80.96,5759.27,0
CUST-06458,Female,0,Yes,No,22,Yes,Yes,DSL,No,No,Yes,No,No,Yes,Two year,No,Electronic check,60.65,1297.9,0
CUST-06459,Female,0,Yes,No,29,Yes,No,No,No internet service,No internet service,No internet service,No internet service,No internet service,No internet service,Month-to-month,No,Mailed check,22.3,620.02,1
CUST-06460,Male,0,Yes,No,6,No,No phone service,Fiber optic,No,No,Yes,Yes,No,No,One year,Yes,Credit card (automatic),58.71,366.76,0
CUST-06461,Female,0,No,No,4,No,No phone service,DSL,No,No,Yes,Yes,Yes,No,One year,Yes,Credit card (automatic),59.44,243.91,0
CUST-06462,Female,1,No,No,17,Yes,No,Fiber optic,No,No,Yes,No,No,Yes,Month-to-month,No,Electronic check,74.67,1317.91,1
CUST-06463,Male,0,No,No,61,Yes,Yes,DSL,No,Yes,Yes,No,No,Yes,Month-to-month,No,Credit card (automatic),75.49,4433.9,1
CUST-06464,Female,0,Yes,No,8,Yes,No,DSL,No,Yes,No,No,Yes,No,Month-to-month,Yes,Electronic check,63.46,504.71,1
CUST-06465,Male,0,No,Yes,31,Yes,Yes,No,No internet service,No internet service,No internet service,No internet service,No internet service,No internet service,One year,Yes,Credit card (automatic),23.13,730.53,0
CUST-06466,Male,0,No,No,65,Yes,No,Fiber optic,No,No,No,No,No,No,Two year,Yes,Electronic check,47.89,3262.13,0
CUST-06467,Male,0,Yes,No,72,Yes,No,DSL,No,No,Yes,Yes,No,No,Two year,No,Electronic check,56.19,3987.62,0
CUST-06468,Female,0,No,No,72,Yes,Yes,Fiber optic,Yes,Yes,Yes,No,Yes,No,Month-to-month,No,Electronic check,88.9,6638.92,0
CUST-06469,Male,0,No,Yes,46,Yes,No,No,No internet service,No internet service,No internet service,No internet service,No internet service,No internet service,Two year,No,Mailed check,25.77,1238.68,1
CUST-06470,Male,1,Yes,Yes,2,Yes,No,DSL,No,No,No,Yes,No,No,One year,Yes,Mailed check,45.25,89.68,0
CUST-06471,Female,0,Yes,No,65,Yes,No,No,No internet service,No internet service,No internet service,No internet service,No internet service,No internet service,Month-to-month,Yes,Mailed check,21.03,1410.1,0
CUST-06472,Male,1,No,No,69,Yes,No,No,No internet service,No internet service,No internet service,No internet service,No internet service,No internet service,Month-to-month,Yes,Bank transfer (automatic),18.0,1191.21,0
CUST-06473,Female,0,No,No,26,Yes,No,No,No internet service,No internet service,No internet service,No internet service,No internet service,No internet service,Month-to-month,No,Mailed check,20.76,550.93,0
CUST-06474,Female,0,No,No,2,Yes,No,Fiber optic,Yes,Yes,Yes,Yes,No,No,One year,No,Credit card (automatic),52.5,104.64,0
CUST-06475,Female,0,No,No,20,Yes,No,DSL,Yes,No,No,No,Yes,No,Two year,No,Electronic check,59.1,1129.13,0
CUST-06476,Female,0,Yes,No,7,Yes,No,DSL,Yes,No,No,Yes,No,Yes,Month-to-month,No,Electronic check,68.69,494.7,0
CUST-06477,Male,0,Yes,No,18,Yes,No,DSL,No,No,No,Yes,Yes,Yes,Month-to-month,No,Bank transfer (automatic),54.73,999.18,0
CUST-06478,Male,0,No,No,41,Yes,No,No,No internet service,No internet service,No internet service,No internet service,No internet service,No internet service,Month-to-month,No,Electronic check,21.71,885.59,0
CUST-06479,Male,0,Yes,No,35,Yes,Yes,DSL,Yes,No,No,No,No,Yes,Month-to-month,Yes,Electronic check,82.32,2808.06,0
CUST-06480,Male,0,No,No,48,Yes,Yes,Fiber optic,Yes,Yes,Yes,No,Yes,No,Two year,No,Credit card (automatic),88.16,4268.82,0
CUST-06481,Male,1,Yes,Yes,20,Yes,Yes,No,No internet service,No internet service,No internet service,No internet service,No internet service,No internet service,Month-to-month,No,Electronic check,22.73,439.81,1
CUST-06482,Female,0,Yes,Yes,22,Yes,Yes,No,No internet service,No internet service,No internet service,No internet service,No internet service,No internet service,Month-to-month,No,Bank transfer (automatic),27.14,573.21,1
CUST-06483,Male,1,Yes,No,72,Yes,Yes,Fiber optic,No,Yes,Yes,No,Yes,Yes,Two year,No,Electronic check,84.68,6146.36,0
CUST-06484,Male,0,Yes,No,31,Yes,Yes,Fiber optic,Yes,Yes,No,No,Yes,Yes,Month-to-month,Yes,Credit card (automatic),115.47,3471.43,0
CUST-06485,Male,1,No,No,44,Yes,Yes,Fiber optic,No,No,No,No,No,No,Month-to-month,No,Electronic check,82.15,3720.61,1
CUST-06486,Female,0,Yes,Yes,34,No,No phone service,Fiber optic,No,Yes,Yes,No,Yes,No,One year,Yes,Bank transfer (automatic),68.74,2240.19,1
CUST-06487,Female,0,No,No,32,Yes,Yes,Fiber optic,Yes,No,No,No,Yes,No,Month-to-month,Yes,Credit card (automatic),83.95,2598.94,0
CUST-06488,Male,0,No,No,72,Yes,Yes,DSL,Yes,No,No,Yes,Yes,No,Two year,Yes,Electronic check,39.92,2946.96,0
CUST-06489,Female,0,No,No,14,Yes,No,Fiber optic,Yes,No,Yes,No,No,No,One year,Yes,Electronic check,76.31,1106.8,0
CUST-06490,Male,0,Yes,No,17,Yes,Yes,DSL,Yes,No,Yes,No,No,Yes,Month-to-month,No,Bank transfer (automatic),61.52,1021.79,1
CUST-06491,Male,0,No,No,15,Yes,No,DSL,No,No,No,No,Yes,No,Month-to-month,No,Bank transfer (automatic),58.48,842.64,1
CUST-06492,Female,0,Yes,No,46,Yes,No,DSL,No,Yes,No,No,Yes,No,Two year,Yes,Bank transfer (automatic),60.1,2710.51,0
CUST-06493,Female,0,No,No,64,Yes,Yes,DSL,No,Yes,No,No,No,Yes,Month-to-month,No,Mailed check,56.58,3485.04,0
CUST-06494,Male,0,No,No,14,Yes,No,No,No internet service,No internet service,No internet service,No internet service,No internet service,No internet service,Two year,Yes,Credit card (automatic),21.16,285.33,0
CUST-06495,Male,0,Yes,No,4,Yes,Yes,No,No internet service,No internet service,No internet service,No internet service,No internet service,No internet service,Month-to-month,No,Bank transfer (automatic),18.58,75.75,1
CUST-06496,Female,0,No,No,21,Yes,Yes,Fiber optic,No,Yes,No,Yes,Yes,Yes,Two year,No,Electronic check,39.6,849.01,0
CUST-06497,Male,1,Yes,Yes,72,Yes,No,No,No internet service,No internet service,No internet service,No internet service,No internet service,No internet service,Two year,No,Bank transfer (automatic),18.0,1347.94,0
CUST-06498,Female,0,Yes,No,7,No,No phone service,Fiber optic,Yes,Yes,No,No,No,No,Month-to-month,Yes,Electronic check,76.78,549.63,1
CUST-06499,Male,0,No,No,19,Yes,Yes,Fiber optic,Yes,No,Yes,No,No,Yes,Month-to-month,No,Bank transfer (automatic),47.96,881.12,1
CUST-06500,Female,1,Yes,Yes,10,No,No phone service,No,No internet service,No internet service,No internet service,No internet service,No internet service,No internet service,One year,No,Electronic check,20.49,210.4,0
CUST-06501,Male,0,No,No,72,Yes,Yes,DSL,No,No,No,Yes,No,Yes,Month-to-month,Yes,Bank transfer (automatic),56.69,4121.15,0
CUST-06502,Male,0,No,No,25,No,No phone service,Fiber optic,No,No,Yes,No,No,No,One year,Yes,Mailed check,65.5,1653.42,0
CUST-06503,Female,0,Yes,No,27,Yes,No,Fiber optic,No,No,No,No,Yes,No,Month-to-month,No,Bank transfer (automatic),59.89,1609.1,1
CUST-06504,Male,0,Yes,Yes,1,Yes,No,DSL,Yes,No,Yes,Yes,Yes,No,One year,No,Mailed check,45.35,43.69,0
CUST-06505,Male,0,Yes,No,33,Yes,Yes,DSL,Yes,No,Yes,No,Yes,No,Month-to-month,Yes,Credit card (automatic),50.89,1747.39,0
CUST-06506,Female,0,Yes,Yes,11,Yes,No,No,No internet service,No internet service,No internet service,No internet service,No internet service,No internet service,Month-to-month,Yes,Credit card (automatic),22.58,236.11,0
CUST-06507,Male,0,Yes,Yes,23,Yes,Yes,No,No internet service,No internet service,No internet service,No internet service,No internet service,No internet service,Month-to-month,No,Bank transfer (automatic),20.78,475.0,0
CUST-06508,Male,0,No,No,24,Yes,No,Fiber optic,Yes,Yes,No,No,No,Yes,Month-to-month,Yes,Bank transfer (automatic),59.79,1394.35,0
CUST-06509,Male,0,No,No,28,Yes,Yes,DSL,No,No,No,No,Yes,No,Two year,Yes,Electronic check,56.36,1530.91,0
CUST-06510,Female,1,No,No,55,No,No phone service,Fiber optic,No,No,No,No,Yes,Yes,Month-to-month,Yes,Mailed check,31.23,1724.58,0
CUST-06511,Female,0,Yes,No,11,Yes,No,DSL,Yes,No,Yes,No,No,No,Month-to-month,Yes,Electronic check,89.42,945.33,1
CUST-06512,Female,1,No,Yes,9,Yes,No,No,No internet service,No internet service,No internet service,No internet service,No internet service,No internet service,One year,Yes,Mailed check,18.0,154.63,0
CUST-06513,Male,1,No,No,50,Yes,Yes,No,No internet service,No internet service,No internet service,No internet service,No internet service,No internet service,Month-to-month,Yes,Mailed check,19.6,988.64,0
CUST-06514,Male,0,Yes,No,40,Yes,Yes,Fiber optic,Yes,Yes,No,No,Yes,Yes,Two year,Yes,Electronic check,68.14,2757.0,0
CUST-06515,Male,0,Yes,No,8,Yes,No,Fiber optic,No,Yes,No,No,No,No,Month-to-month,Yes,Electronic check,55.31,424.79,0
CUST-06516,Male,0,Yes,No,1,Yes,No,DSL,No,Yes,Yes,No,No,Yes,Two year,Yes,Credit card (automatic),45.86,44.31,0
CUST-06517,Female,1,No,No,35,Yes,Yes,Fiber optic,No,No,No,Yes,Yes,No,Month-to-month,Yes,Bank transfer (automatic),70.79,2385.77,0
CUST-06518,Male,0,No,No,5,Yes,No,DSL,No,No,No,Yes,No,No,Month-to-month,Yes,Electronic check,50.57,262.15,1
CUST-06519,Male,1,No,No,72,Yes,No,Fiber optic,No,Yes,No,Yes,Yes,No,Two year,No,Mailed check,117.84,8782.58,0
CUST-06520,Male,0,No,Yes,29,Yes,No,DSL,No,No,No,No,No,Yes,One year,No,Mailed check,65.27,1854.53,1
CUST-06521,Female,0,No,No,60,Yes,No,No,No internet service,No internet service,No internet service,No internet service,No internet service,No internet service,One year,No,Credit card (automatic),18.0,1085.46,0
CUST-06522,Male,0,Yes,No,52,Yes,No,Fiber optic,No,Yes,Yes,No,Yes,No,Month-to-month,Yes,Electronic check,103.43,5500.69,1
CUST-06523,Male,0,No,No,26,Yes,Yes,No,No internet service,No internet service,No internet service,No internet service,No internet service,No internet service,Month-to-month,No,Credit card (automatic),18.0,489.74,0
CUST-06524,Male,0,No,No,18,Yes,No,No,No internet service,No internet service,No internet service,No internet service,No internet service,No internet service,Month-to-month,No,Electronic check,23.61,407.98,1
CUST-06525,Male,0,Yes,Yes,21,Yes,Yes,DSL,Yes,No,No,No,No,Yes,Month-to-month,No,Credit card (automatic),43.61,940.78,0
CUST-06526,Male,0,No,No,51,Yes,Yes,Fiber optic,No,No,Yes,No,No,Yes,Month-to-month,Yes,Credit card (automatic),87.02,4300.29,0
CUST-06527,Female,0,Yes,Yes,32,Yes,Yes,DSL,Yes,No,No,No,No,No,Two year,No,Bank transfer (automatic),57.87,1939.99,0
CUST-06528,Male,1,Yes,Yes,7,Yes,No,Fiber optic,No,Yes,No,No,Yes,No,Two year,Yes,Credit card (automatic),91.2,650.89,1
CUST-06529,Male,1,No,No,30,Yes,No,Fiber optic,Yes,Yes,Yes,No,Yes,Yes,Two year,No,Bank transfer (automatic),85.12,2602.0,0
CUST-06530,Male,0,No,No,16,Yes,No,Fiber optic,No,Yes,Yes,Yes,No,Yes,One year,Yes,Electronic check,71.34,1109.67,1
CUST-06531,Male,0,Yes,No,2,Yes,No,No,No internet service,No internet service,No internet service,No internet service,No internet service,No internet service,Month-to-month,No,Credit card (automatic),22.27,44.23,0
CUST-06532,Male,0,No,No,15,Yes,No,Fiber optic,No,No,Yes,No,No,Yes,Month-to-month,Yes,Electronic check,73.35,1052.98,0
CUST-06533,Male,0,No,No,8,Yes,Yes,No,No internet service,No internet service,No internet service,No internet service,No internet service,No internet service,Two year,Yes,Mailed check,20.76,157.88,0
CUST-06534,Male,0,No,No,58,Yes,No,Fiber optic,No,No,No,No,Yes,Yes,Month-to-month,Yes,Mailed check,55.04,3115.36,1
CUST-06535,Male,0,Yes,No,3,Yes,No,DSL,Yes,No,Yes,No,Yes,No,One year,Yes,Mailed check,60.49,188.52,0
CUST-06536,Male,0,Yes,Yes,14,Yes,Yes,Fiber optic,No,No,No,No,No,Yes,Month-to-month,Yes,Bank transfer (automatic),82.09,1136.16,1
CUST-06537,Male,1,Yes,Yes,38,Yes,Yes,No,No internet service,No internet service,No internet service,No internet service,No internet service,No internet service,Month-to-month,Yes,Electronic check,23.64,887.71,1
CUST-06538,Female,0,Yes,No,72,Yes,No,DSL,No,No,No,No,No,No,Two year,Yes,Mailed check,83.03,5748.2,0
CUST-06539,Female,0,Yes,No,13,Yes,Yes,DSL,No,No,No,Yes,No,Yes,One year,No,Electronic check,84.75,1067.0,0
CUST-06540,Female,0,No,No,29,Yes,Yes,DSL,No,No,Yes,No,No,No,Two year,Yes,Credit card (automatic),26.84,795.92,0
CUST-06541,Female,0,Yes,Yes,14,Yes,No,No,No internet service,No internet service,No internet service,No internet service,No internet service,No internet service,Month-to-month,Yes,Electronic check,18.08,252.42,0
CUST-06542,Male,0,Yes,No,7,Yes,No,Fiber optic,No,Yes,No,No,No,No,Month-to-month,Yes,Electronic check,86.2,577.53,1
CUST-06543,Female,0,Yes,No,12,Yes,Yes,DSL,No,No,No,Yes,Yes,No,Month-to-month,No,Electronic check,65.7,787.76,1
CUST-06544,Female,0,Yes,No,32,Yes,No,No,No internet service,No internet service,No internet service,No internet service,No internet service,No internet service,Month-to-month,Yes,Bank transfer (automatic),18.0,599.22,0
CUST-06545,Male,1,Yes,No,40,Yes,No,No,No internet service,No internet service,No internet service,No internet service,No internet service,No internet service,Two year,Yes,Electronic check,18.0,714.07,0
CUST-06546,Female,0,Yes,Yes,14,Yes,Yes,No,No internet service,No internet service,No internet service,No internet service,No internet service,No internet service,Month-to-month,Yes,Mailed check,18.83,254.64,0
CUST-06547,Female,1,No,No,5,Yes,Yes,No,No internet service,No internet service,No internet service,No internet service,No internet service,No internet service,Two year,Yes,Bank transfer (automatic),18.0,87.42,0
CUST-06548,Male,0,Yes,Yes,4,Yes,Yes,No,No internet service,No internet service,No internet service,No internet service,No internet service,No internet service,Two year,No,Electronic check,19.69,80.15,0
CUST-06549,Male,1,No,No,53,Yes,No,No,No internet service,No internet service,No internet service,No internet service,No internet service,No internet service,Month-to-month,No,Credit card (automatic),25.42,1338.41,0
CUST-06550,Male,0,No,No,33,Yes,No,Fiber optic,No,No,No,No,Yes,No,Month-to-month,Yes,Electronic check,57.39,1900.92,0
CUST-06551,Female,0,Yes,Yes,41,Yes,Yes,DSL,No,Yes,Yes,No,Yes,No,Month-to-month,Yes,Credit card (automatic),68.45,2883.08,0
CUST-06552,Female,0,Yes,No,21,Yes,Yes,DSL,No,No,Yes,No,Yes,Yes,Month-to-month,No,Credit card (automatic),49.35,1048.84,0
CUST-06553,Male,0,Yes,No,19,Yes,Yes,Fiber optic,Yes,No,Yes,Yes,No,No,Month-to-month,No,Mailed check,79.3,1505.99,1
CUST-06554,Male,0,Yes,Yes,7,Yes,No,Fiber optic,No,No,No,Yes,No,No,Month-to-month,Yes,Mailed check,66.22,480.35,1
CUST-06555,Female,0,Yes,No,5,Yes,No,DSL,No,Yes,Yes,Yes,Yes,Yes,Month-to-month,Yes,Bank transfer (automatic),49.27,257.04,1
CUST-06556,Male,0,No,Yes,5,Yes,Yes,No,No internet service,No internet service,No internet service,No internet service,No internet service,No internet service,One year,Yes,Mailed check,21.85,109.96,0
CUST-06557,Female,0,Yes,Yes,72,No,No phone service,Fiber optic,No,Yes,Yes,No,No,Yes,Two year,No,Mailed check,69.0,5158.55,0
CUST-06558,Male,1,No,No,55,Yes,No,Fiber optic,Yes,No,No,No,No,Yes,Month-to-month,Yes,Credit card (automatic),64.66,3413.53,0
CUST-06559,Male,0,Yes,Yes,31,Yes,Yes,Fiber optic,No,Yes,No,No,Yes,No,Month-to-month,No,Electronic check,93.95,2849.13,1
CUST-06560,Female,0,No,Yes,7,Yes,No,Fiber optic,No,No,No,No,No,No,Month-to-month,Yes,Credit card (automatic),82.39,580.73,1
CUST-06561,Male,0,No,No,13,Yes,No,No,No internet service,No internet service,No internet service,No internet service,No internet service,No internet service,Month-to-month,Yes,Electronic check,18.0,241.58,0
CUST-06562,Male,0,Yes,No,13,Yes,No,No,No internet service,No internet service,No internet service,No internet service,No internet service,No internet service,Two year,No,Bank transfer (automatic),23.06,285.91,0
CUST-06563,Male,0,Yes,No,20,No,No phone service,Fiber optic,No,Yes,No,No,Yes,Yes,Two year,Yes,Electronic check,30.98,642.57,0
CUST-06564,Female,0,No,No,17,Yes,No,DSL,No,No,No,No,No,No,Month-to-month,Yes,Credit card (automatic),79.79,1316.84,0
CUST-06565,Male,0,No,No,72,Yes,No,DSL,No,Yes,No,No,No,Yes,Month-to-month,Yes,Bank transfer (automatic),52.45,3929.61,0
CUST-06566,Male,0,Yes,No,40,Yes,No,Fiber optic,No,No,No,No,Yes,Yes,Month-to-month,No,Mailed check,70.46,2797.26,0
CUST-06567,Male,0,Yes,Yes,2,Yes,No,DSL,No,No,No,No,Yes,No,Month-to-month,Yes,Electronic check,56.54,110.85,1
CUST-06568,Male,0,Yes,Yes,14,Yes,No,Fiber optic,No,No,No,No,No,No,Two year,No,Mailed check,62.44,890.06,1
CUST-06569,Male,0,Yes,Yes,4,Yes,Yes,Fiber optic,Yes,No,Yes,Yes,Yes,Yes,Two year,No,Electronic check,57.56,236.02,0
CUST-06570,Male,0,No,No,10,Yes,Yes,DSL,No,Yes,No,Yes,No,No,Two year,Yes,Electronic check,53.48,516.34,0
CUST-06571,Female,0,No,No,72,Yes,No,Fiber optic,No,No,No,Yes,No,No,Two year,No,Electronic check,47.69,3489.57,0
CUST-06572,Female,1,Yes,No,39,Yes,Yes,DSL,No,No,No,Yes,Yes,Yes,Month-to-month,No,Credit card (automatic),83.75,3320.03,1
CUST-06573,Male,1,Yes,No,1,Yes,No,DSL,No,No,No,No,No,Yes,Month-to-month,Yes,Mailed check,41.48,39.86,0
CUST-06574,Female,0,Yes,Yes,12,Yes,No,No,No internet service,No internet service,No internet service,No internet service,No internet service,No internet service,Month-to-month,Yes,Mailed check,18.0,208.53,0
CUST-06575,Female,0,No,No,18,Yes,Yes,DSL,Yes,Yes,No,Yes,Yes,No,One year,Yes,Bank transfer (automatic),79.82,1381.63,0
CUST-06576,Male,0,No,No,29,Yes,No,Fiber optic,Yes,No,No,Yes,No,No,Month-to-month,No,Bank transfer (automatic),94.66,2680.44,1
CUST-06577,Female,0,Yes,Yes,22,Yes,Yes,Fiber optic,No,Yes,No,No,No,Yes,Month-to-month,Yes,Bank transfer (automatic),98.52,2240.26,0
CUST-06578,Female,0,Yes,No,2,Yes,Yes,Fiber optic,No,No,No,No,No,Yes,Month-to-month,No,Bank transfer (automatic),44.44,91.33,1
CUST-06579,Female,0,No,Yes,23,Yes,No,Fiber optic,Yes,No,Yes,Yes,No,No,Month-to-month,Yes,Electronic check,43.96,999.83,0
CUST-06580,Female,0,Yes,Yes,4,Yes,No,DSL,Yes,Yes,Yes,No,Yes,No,Month-to-month,Yes,Mailed check,51.44,211.47,0
CUST-06581,Female,0,Yes,No,23,Yes,Yes,Fiber optic,No,No,No,No,Yes,Yes,Two year,No,Credit card (automatic),83.47,1836.3,0
CUST-06582,Female,0,Yes,No,9,Yes,No,No,No internet service,No internet service,No internet service,No internet service,No internet service,No internet service,One year,No,Credit card (automatic),24.28,227.66,0
CUST-06583,Female,0,Yes,Yes,4,Yes,No,No,No internet service,No internet service,No internet service,No internet service,No internet service,No internet service,One year,No,Mailed check,18.0,71.43,0
CUST-06584,Female,0,Yes,Yes,10,Yes,Yes,Fiber optic,No,Yes,No,No,Yes,No,Month-to-month,Yes,Electronic check,58.29,609.02,1
CUST-06585,Male,0,No,No,3,Yes,No,Fiber optic,No,Yes,No,No,No,Yes,Two year,Yes,Mailed check,62.07,178.81,0
CUST-06586,Male,0,No,No,10,No,No phone service,No,No internet service,No internet service,No internet service,No internet service,No internet service,No internet service,One year,Yes,Electronic check,20.43,206.33,1
CUST-06587,Female,0,Yes,Yes,64,No,No phone service,DSL,Yes,No,Yes,No,Yes,No,One year,Yes,Electronic check,60.82,4018.68,0
CUST-06588,Female,0,Yes,Yes,11,Yes,Yes,DSL,No,Yes,No,No,Yes,No,Month-to-month,No,Electronic check,44.92,513.35,1
CUST-06589,Male,0,No,No,20,Yes,Yes,Fiber optic,No,Yes,No,No,No,No,Two year,No,Electronic check,80.57,1570.68,0
CUST-06590,Female,0,Yes,No,23,Yes,No,DSL,No,No,No,Yes,Yes,Yes,Two year,No,Electronic check,66.58,1474.44,0
CUST-06591,Female,0,Yes,No,6,Yes,No,DSL,No,No,No,Yes,Yes,Yes,Two year,No,Mailed check,36.53,223.89,0
CUST-06592,Male,0,Yes,Yes,18,Yes,No,DSL,Yes,Yes,No,Yes,Yes,No,Month-to-month,Yes,Electronic check,57.33,994.06,1
CUST-06593,Male,0,No,No,61,Yes,Yes,Fiber optic,Yes,No,No,No,No,Yes,Month-to-month,No,Electronic check,66.81,3968.95,0
CUST-06594,Male,0,Yes,No,2,Yes,No,Fiber optic,No,No,Yes,No,No,Yes,Month-to-month,No,Electronic check,100.13,210.2,1
CUST-06595,Female,0,Yes,No,72,Yes,No,DSL,No,Yes,No,No,Yes,No,Month-to-month,Yes,Mailed check,78.67,5724.34,0
CUST-06596,Female,1,Yes,No,65,Yes,No,Fiber optic,No,No,No,No,Yes,Yes,Month-to-month,No,Bank transfer (automatic),77.78,5254.87,1
CUST-06597,Male,1,Yes,No,61,No,No phone service,Fiber optic,No,No,No,No,No,No,Month-to-month,Yes,Bank transfer (automatic),54.86,3398.42,0
CUST-06598,Male,0,No,No,7,Yes,Yes,Fiber optic,Yes,Yes,Yes,No,Yes,Yes,Month-to-month,No,Credit card (automatic),59.11,416.4,1
CUST-06599,Female,1,No,Yes,21,Yes,No,DSL,No,No,Yes,Yes,No,No,Two year,No,Credit card (automatic),69.99,1486.35,0
CUST-06600,Male,0,Yes,No,30,Yes,No,No,No internet service,No internet service,No internet service,No internet service,No internet service,No internet service,Month-to-month,Yes,Mailed check,18.0,565.4,0
CUST-06601,Female,0,Yes,No,3,Yes,Yes,DSL,No,No,Yes,Yes,No,No,Two year,Yes,Credit card (automatic),47.9,150.47,0
CUST-06602,Female,0,No,No,26,Yes,No,DSL,Yes,No,No,Yes,No,No,Month-to-month,No,Electronic check,86.63,2357.1,1
CUST-06603,Male,1,Yes,No,58,Yes,No,Fiber optic,No,No,No,Yes,Yes,No,Month-to-month,Yes,Electronic check,60.4,3410.62,0
CUST-06604,Male,0,No,No,72,Yes,No,No,No internet service,No internet service,No internet service,No internet service,No internet service,No internet service,Month-to-month,Yes,Bank transfer (automatic),20.74,1427.75,0
CUST-06605,Female,0,No,No,10,No,No phone service,DSL,No,No,Yes,Yes,No,No,Two year,Yes,Electronic check,67.68,690.23,0
CUST-06606,Male,0,Yes,Yes,10,Yes,No,Fiber optic,No,No,No,No,No,No,Month-to-month,Yes,Mailed check,94.25,940.99,1
CUST-06607,Male,0,No,No,10,Yes,No,Fiber optic,No,No,Yes,Yes,Yes,Yes,Month-to-month,Yes,Electronic check,63.56,660.95,1
CUST-06608,Male,0,Yes,Yes,5,Yes,Yes,Fiber optic,No,Yes,Yes,Yes,No,No,Month-to-month,No,Electronic check,49.53,248.68,1
CUST-06609,Male,0,Yes,No,18,No,No phone service,No,No internet service,No internet service,No internet service,No internet service,No internet service,No internet service,One year,No,Electronic check,25.8,459.87,0
CUST-06610,Female,0,No,No,49,Yes,Yes,Fiber optic,No,No,Yes,No,No,No,Month-to-month,Yes,Bank transfer (automatic),70.54,3392.62,0
CUST-06611,Female,0,No,Yes,39,Yes,No,DSL,Yes,No,Yes,Yes,No,Yes,Month-to-month,Yes,Electronic check,54.97,2061.95,0
CUST-06612,Female,0,No,No,72,Yes,Yes,Fiber optic,No,No,No,No,No,No,Month-to-month,No,Bank transfer (automatic),89.55,6271.3,0
CUST-06613,Female,0,No,No,14,Yes,Yes,DSL,No,No,No,Yes,Yes,Yes,One year,Yes,Credit card (automatic),73.47,1026.19,0
CUST-06614,Male,0,Yes,No,27,Yes,No,DSL,No,No,No,No,Yes,No,Month-to-month,Yes,Mailed check,59.7,1570.3,1
CUST-06615,Male,0,Yes,Yes,46,No,No phone service,Fiber optic,No,No,No,Yes,No,No,One year,Yes,Mailed check,79.51,3809.95,0
CUST-06616,Female,0,Yes,Yes,72,Yes,No,Fiber optic,Yes,Yes,No,No,No,No,Month-to-month,Yes,Bank transfer (automatic),73.4,5503.33,0
CUST-06617,Female,0,No,No,65,No,No phone service,No,No internet service,No internet service,No internet service,No internet service,No internet service,No internet service,Two year,Yes,Bank transfer (automatic),26.74,1747.21,0
CUST-06618,Male,0,Yes,No,20,Yes,Yes,No,No internet service,No internet service,No internet service,No internet service,No internet service,No internet service,One year,Yes,Mailed check,19.94,385.78,0
CUST-06619,Female,0,Yes,No,72,Yes,No,DSL,No,Yes,No,No,No,Yes,One year,No,Bank transfer (automatic),84.91,6005.71,0
CUST-06620,Female,1,No,No,18,Yes,No,Fiber optic,No,No,No,No,No,No,Month-to-month,Yes,Credit card (automatic),68.42,1266.32,1
CUST-06621,Male,1,Yes,Yes,72,Yes,No,Fiber optic,Yes,No,No,No,No,No,One year,Yes,Credit card (automatic),65.34,4788.32,0
CUST-06622,Female,0,Yes,No,48,Yes,No,Fiber optic,Yes,Yes,No,Yes,Yes,No,Two year,Yes,Mailed check,52.19,2567.4,0
CUST-06623,Male,0,Yes,Yes,8,Yes,Yes,Fiber optic,Yes,Yes,No,No,Yes,Yes,One year,Yes,Bank transfer (automatic),78.73,615.38,0
CUST-06624,Male,1,Yes,Yes,72,No,No phone service,DSL,No,Yes,No,Yes,No,No,Two year,No,Mailed check,70.98,4858.44,0
CUST-06625,Female,1,Yes,Yes,8,No,No phone service,No,No internet service,No internet service,No internet service,No internet service,No internet service,No internet service,Month-to-month,Yes,Electronic check,20.63,157.02,1
CUST-06626,Male,1,Yes,No,72,Yes,Yes,Fiber optic,No,Yes,No,Yes,No,No,Month-to-month,No,Credit card (automatic),74.25,5438.31,0
CUST-06627,Female,1,Yes,No,30,Yes,Yes,No,No internet service,No internet service,No internet service,No internet service,No internet service,No internet service,Month-to-month,No,Electronic check,20.29,611.87,1
CUST-06628,Male,0,Yes,Yes,35,Yes,No,Fiber optic,Yes,No,No,Yes,No,Yes,Month-to-month,No,Electronic check,74.12,2571.08,1
CUST-06629,Female,0,Yes,Yes,3,Yes,No,DSL,Yes,No,No,No,No,No,Month-to-month,Yes,Bank transfer (automatic),75.97,234.06,1
CUST-06630,Female,0,Yes,No,2,No,No phone service,No,No internet service,No internet service,No internet service,No internet service,No internet service,No internet service,Month-to-month,Yes,Bank transfer (automatic),22.33,46.41,1
CUST-06631,Female,0,Yes,Yes,72,Yes,Yes,No,No internet service,No internet service,No internet service,No internet service,No internet service,No internet service,Month-to-month,No,Bank transfer (automatic),23.65,1767.05,0
CUST-06632,Male,0,Yes,No,13,Yes,No,No,No internet service,No internet service,No internet service,No internet service,No internet service,No internet service,Two year,No,Bank transfer (automatic),20.52,273.37,0
CUST-06633,Male,0,Yes,No,59,Yes,No,No,No internet service,No internet service,No internet service,No internet service,No internet service,No internet service,One year,Yes,Bank transfer (automatic),18.15,1123.98,0
CUST-06634,Female,0,No,No,39,Yes,Yes,DSL,Yes,No,Yes,No,No,Yes,One year,No,Bank transfer (automatic),82.44,3058.97,0
CUST-06635,Male,0,No,No,29,Yes,Yes,No,No internet service,No internet service,No internet service,No internet service,No internet service,No internet service,One year,Yes,Mailed check,23.31,658.32,0
CUST-06636,Female,0,Yes,No,36,Yes,No,Fiber optic,No,No,No,No,No,Yes,One year,No,Mailed check,67.65,2506.23,0
CUST-06637,Female,0,Yes,No,2,Yes,No,Fiber optic,Yes,Yes,Yes,No,No,Yes,One year,No,Bank transfer (automatic),78.61,154.64,1
CUST-06638,Male,0,No,No,17,Yes,Yes,DSL,No,No,Yes,No,Yes,Yes,Month-to-month,No,Bank transfer (automatic),68.27,1206.04,0
CUST-06639,Female,0,No,Yes,29,No,No phone service,Fiber optic,Yes,No,No,No,Yes,Yes,Two year,Yes,Electronic check,63.16,1867.21,0
CUST-06640,Male,0,No,Yes,64,Yes,Yes,No,No internet service,No internet service,No internet service,No internet service,No internet service,No internet service,One year,Yes,Electronic check,24.95,1520.38,0
CUST-06641,Female,0,Yes,Yes,40,Yes,No,Fiber optic,Yes,Yes,Yes,No,No,No,One year,Yes,Electronic check,60.06,2394.0,0
CUST-06642,Male,0,No,Yes,9,Yes,No,DSL,Yes,No,Yes,No,No,Yes,Month-to-month,Yes,Mailed check,76.29,660.24,0
CUST-06643,Female,0,No,No,72,Yes,Yes,DSL,No,No,Yes,No,No,No,Month-to-month,No,Mailed check,75.16,5623.54,0
CUST-06644,Female,0,Yes,No,32,Yes,Yes,Fiber optic,No,Yes,Yes,No,Yes,Yes,Two year,No,Mailed check,96.98,3010.2,1
CUST-06645,Male,0,Yes,No,22,Yes,No,Fiber optic,No,No,No,No,No,Yes,Two year,No,Credit card (automatic),81.14,1717.56,0
CUST-06646,Female,0,Yes,Yes,48,Yes,No,Fiber optic,No,No,No,No,Yes,Yes,Two year,Yes,Mailed check,72.82,3568.22,0
CUST-06647,Female,1,Yes,Yes,29,Yes,Yes,Fiber optic,No,Yes,Yes,No,Yes,No,Two year,Yes,Electronic check,107.56,3057.84,0
CUST-06648,Male,0,Yes,No,39,Yes,Yes,Fiber optic,No,No,No,No,Yes,Yes,Month-to-month,Yes,Electronic check,67.07,2650.47,1
CUST-06649,Female,0,No,No,30,Yes,Yes,Fiber optic,No,No,No,Yes,Yes,Yes,Month-to-month,No,Electronic check,86.18,2650.12,0
CUST-06650,Male,0,Yes,No,6,Yes,Yes,Fiber optic,No,No,Yes,No,No,No,Two year,No,Electronic check,60.49,366.6,0
CUST-06651,Female,0,Yes,No,25,Yes,No,Fiber optic,No,Yes,Yes,No,No,No,Month-to-month,Yes,Electronic check,57.97,1460.68,1
CUST-06652,Male,0,No,Yes,10,Yes,No,Fiber optic,No,No,Yes,No,No,No,Month-to-month,Yes,Electronic check,111.71,1076.74,1
CUST-06653,Female,1,Yes,Yes,27,Yes,No,Fiber optic,No,No,Yes,Yes,No,Yes,Two year,No,Credit card (automatic),76.97,1981.3,0
CUST-06654,Female,0,Yes,No,4,Yes,No,DSL,No,No,No,Yes,Yes,Yes,One year,Yes,Bank transfer (automatic),64.68,267.17,0
CUST-06655,Female,0,Yes,No,8,Yes,No,Fiber optic,Yes,No,Yes,No,No,Yes,Month-to-month,No,Mailed check,87.55,694.03,1
CUST-06656,Male,0,Yes,No,52,Yes,No,DSL,No,Yes,Yes,No,No,No,One year,No,Mailed check,72.65,3674.22,0
CUST-06657,Male,0,Yes,Yes,16,No,No phone service,Fiber optic,Yes,Yes,No,No,No,No,Two year,Yes,Mailed check,65.6,1091.84,0
CUST-06658,Male,0,No,No,35,Yes,No,Fiber optic,Yes,No,Yes,No,No,Yes,One year,No,Electronic check,81.87,2983.38,0
CUST-06659,Male,0,Yes,No,22,Yes,No,DSL,No,Yes,No,No,Yes,No,One year,No,Credit card (automatic),66.86,1533.14,0
CUST-06660,Female,0,No,No,13,Yes,No,Fiber optic,No,Yes,No,No,Yes,No,Two year,Yes,Electronic check,75.17,952.61,0
CUST-06661,Female,0,Yes,No,21,No,No phone service,DSL,Yes,No,Yes,No,No,Yes,Month-to-month,Yes,Credit card (automatic),70.87,1516.01,1
CUST-06662,Male,1,No,No,53,Yes,Yes,Fiber optic,No,Yes,No,No,Yes,Yes,Month-to-month,No,Bank transfer (automatic),96.47,5128.62,0
CUST-06663,Male,0,No,No,10,Yes,No,Fiber optic,No,Yes,Yes,No,No,No,Month-to-month,No,Electronic check,67.42,678.36,1
CUST-06664,Male,0,No,Yes,17,Yes,No,Fiber optic,Yes,Yes,No,Yes,Yes,Yes,Month-to-month,Yes,Electronic check,59.0,997.0,0
CUST-06665,Female,0,Yes,Yes,7,Yes,Yes,Fiber optic,No,No,No,No,Yes,Yes,Month-to-month,No,Mailed check,84.0,569.04,1
CUST-06666,Male,0,No,Yes,13,Yes,Yes,Fiber optic,Yes,Yes,No,No,No,No,Month-to-month,Yes,Electronic check,77.43,995.33,1
CUST-06667,Male,0,No,No,69,Yes,Yes,No,No internet service,No internet service,No internet service,No internet service,No internet service,No internet service,Month-to-month,No,Mailed check,20.58,1359.04,0
CUST-06668,Female,0,No,No,49,No,No phone service,DSL,No,No,No,No,No,No,Month-to-month,No,Electronic check,79.08,3979.66,0
CUST-06669,Female,0,Yes,No,14,Yes,Yes,Fiber optic,No,No,Yes,No,Yes,No,Month-to-month,Yes,Bank transfer (automatic),78.95,1103.37,1
CUST-06670,Male,0,Yes,No,4,Yes,Yes,No,No internet service,No internet service,No internet service,No internet service,No internet service,No internet service,Month-to-month,Yes,Mailed check,23.21,89.7,0
CUST-06671,Female,0,Yes,No,17,Yes,No,No,No internet service,No internet service,No internet service,No internet service,No internet service,No internet service,Month-to-month,No,Mailed check,18.0,308.05,0
CUST-06672,Male,0,Yes,No,47,Yes,No,Fiber optic,No,Yes,Yes,No,No,No,Month-to-month,Yes,Electronic check,94.2,4234.17,1
CUST-06673,Female,0,No,No,1,Yes,Yes,Fiber optic,Yes,No,Yes,Yes,No,No,Month-to-month,No,Credit card (automatic),107.21,103.06,0
CUST-06674,Male,0,No,No,43,Yes,Yes,DSL,Yes,No,No,No,No,Yes,Month-to-month,Yes,Bank transfer (automatic),58.41,2544.85,0
CUST-06675,Male,1,No,No,36,Yes,No,No,No internet service,No internet service,No internet service,No internet service,No internet service,No internet service,One year,Yes,Bank transfer (automatic),25.87,898.08,0
CUST-06676,Male,0,Yes,No,2,Yes,Yes,DSL,No,No,Yes,Yes,No,No,Month-to-month,Yes,Mailed check,68.11,133.14,1
CUST-06677,Male,0,Yes,No,32,No,No phone service,DSL,No,No,No,Yes,Yes,Yes,Month-to-month,Yes,Credit card (automatic),63.68,2069.52,0
CUST-06678,Female,0,Yes,Yes,11,Yes,No,DSL,No,No,Yes,No,No,No,One year,No,Mailed check,74.29,816.87,0
CUST-06679,Female,0,Yes,Yes,6,Yes,Yes,Fiber optic,No,No,No,No,No,Yes,Month-to-month,Yes,Electronic check,66.29,384.92,1
CUST-06680,Female,0,No,No,15,Yes,No,Fiber optic,No,No,No,No,No,No,Month-to-month,Yes,Mailed check,74.48,1090.14,1
CUST-06681,Female,1,Yes,Yes,7,Yes,Yes,Fiber optic,Yes,Yes,No,No,No,No,Month-to-month,No,Mailed check,82.37,600.9,0
CUST-06682,Male,0,No,No,55,Yes,Yes,No,No internet service,No internet service,No internet service,No internet service,No internet service,No internet service,Two year,Yes,Electronic check,18.61,1044.91,0
CUST-06683,Male,1,No,No,43,Yes,Yes,DSL,No,Yes,No,No,No,No,Two year,No,Bank transfer (automatic),62.75,2642.49,0
CUST-06684,Female,0,No,Yes,72,Yes,No,DSL,No,No,No,No,Yes,No,Month-to-month,Yes,Credit card (automatic),67.73,4650.73,0
CUST-06685,Female,0,Yes,No,24,Yes,No,DSL,No,Yes,No,Yes,No,No,Month-to-month,Yes,Mailed check,31.78,789.52,0
CUST-06686,Female,0,Yes,No,2,Yes,No,DSL,Yes,No,No,No,No,Yes,Month-to-month,No,Bank transfer (automatic),60.88,125.94,1
CUST-06687,Female,0,Yes,Yes,14,Yes,No,No,No internet service,No internet service,No internet service,No internet service,No internet service,No internet service,Month-to-month,No,Bank transfer (automatic),19.27,263.47,0
CUST-06688,Female,0,Yes,No,58,Yes,No,DSL,No,Yes,No,No,Yes,No,One year,No,Electronic check,72.74,4224.62,0
CUST-06689,Male,1,No,No,16,Yes,Yes,Fiber optic,Yes,Yes,No,No,No,Yes,Two year,No,Mailed check,99.67,1551.83,0
CUST-06690,Male,0,No,No,19,Yes,Yes,Fiber optic,Yes,Yes,Yes,No,No,No,Two year,No,Credit card (automatic),90.4,1705.01,0
CUST-06691,Male,1,Yes,No,16,Yes,No,DSL,Yes,Yes,No,No,No,Yes,One year,Yes,Electronic check,43.95,673.27,0
CUST-06692,Female,1,Yes,Yes,8,Yes,Yes,No,No internet service,No internet service,No internet service,No internet service,No internet service,No internet service,Month-to-month,Yes,Electronic check,19.44,148.81,0
CUST-06693,Female,1,No,No,2,Yes,No,Fiber optic,No,No,No,No,No,Yes,Month-to-month,Yes,Electronic check,54.34,105.26,0
CUST-06694,Female,0,Yes,No,6,Yes,Yes,DSL,Yes,No,No,Yes,No,Yes,One year,No,Credit card (automatic),79.54,456.2,0
CUST-06695,Female,0,No,No,14,Yes,Yes,Fiber optic,No,Yes,Yes,No,No,Yes,One year,No,Bank transfer (automatic),110.7,1613.4,0
CUST-06696,Male,0,No,No,9,Yes,Yes,DSL,Yes,No,No,Yes,Yes,No,Month-to-month,Yes,Electronic check,42.19,381.23,0
CUST-06697,Male,0,No,No,27,Yes,No,Fiber optic,No,No,No,No,Yes,No,Month-to-month,Yes,Bank transfer (automatic),90.47,2501.64,1
CUST-06698,Female,0,No,No,30,Yes,Yes,Fiber optic,No,Yes,Yes,No,No,Yes,One year,No,Bank transfer (automatic),114.26,3353.51,1
CUST-06699,Male,0,No,No,27,Yes,Yes,No,No internet service,No internet service,No internet service,No internet service,No internet service,No internet service,One year,No,Credit card (automatic),19.86,516.43,0
CUST-06700,Male,0,No,Yes,2,Yes,No,Fiber optic,No,No,No,No,No,No,Month-to-month,Yes,Mailed check,73.93,151.29,1
CUST-06701,Female,1,No,Yes,35,Yes,No,No,No internet service,No internet service,No internet service,No internet service,No internet service,No internet service,One year,No,Mailed check,21.15,709.21,0
CUST-06702,Female,1,Yes,Yes,15,Yes,No,No,No internet service,No internet service,No internet service,No internet service,No internet service,No internet service,Month-to-month,Yes,Electronic check,25.6,383.26,0
CUST-06703,Female,0,Yes,No,67,No,No phone service,DSL,No,No,No,No,Yes,Yes,Month-to-month,Yes,Electronic check,56.19,3894.93,0
CUST-06704,Female,0,No,No,23,No,No phone service,Fiber optic,No,Yes,No,Yes,No,Yes,Two year,Yes,Bank transfer (automatic),75.42,1789.31,1
CUST-06705,Female,0,Yes,No,2,Yes,Yes,DSL,No,Yes,Yes,No,Yes,No,One year,Yes,Mailed check,50.81,105.84,1
CUST-06706,Female,0,No,No,1,Yes,Yes,DSL,No,No,No,Yes,No,No,Month-to-month,Yes,Bank transfer (automatic),49.66,51.39,1
CUST-06707,Male,0,No,Yes,38,Yes,Yes,DSL,Yes,No,No,No,No,Yes,Month-to-month,No,Bank transfer (automatic),43.48,1605.19,0
CUST-06708,Male,0,No,No,16,Yes,No,Fiber optic,No,Yes,Yes,No,No,No,Month-to-month,Yes,Credit card (automatic),65.53,1062.91,1
CUST-06709,Female,0,Yes,No,10,Yes,Yes,No,No internet service,No internet service,No internet service,No internet service,No internet service,No internet service,Month-to-month,No,Mailed check,22.1,230.53,0
CUST-06710,Male,0,Yes,No,18,No,No phone service,DSL,No,Yes,Yes,No,No,Yes,Month-to-month,Yes,Electronic check,37.45,657.53,0
CUST-06711,Female,0,Yes,No,2,Yes,No,Fiber optic,No,No,No,No,Yes,Yes,Two year,Yes,Electronic check,68.92,135.97,0
CUST-06712,Female,0,Yes,No,15,Yes,Yes,DSL,No,No,No,No,No,No,Month-to-month,No,Electronic check,59.23,920.35,1
CUST-06713,Female,1,No,No,12,No,No phone service,Fiber optic,Yes,No,No,Yes,No,No,One year,No,Credit card (automatic),70.81,841.92,0
CUST-06714,Female,0,No,No,51,Yes,No,DSL,No,No,Yes,No,Yes,No,Month-to-month,Yes,Bank transfer (automatic),53.46,2734.39,0
CUST-06715,Male,0,No,Yes,6,No,No phone service,Fiber optic,No,No,Yes,No,No,Yes,Month-to-month,Yes,Mailed check,72.19,449.66,1
CUST-06716,Female,0,Yes,Yes,45,No,No phone service,No,No internet service,No internet service,No internet service,No internet service,No internet service,No internet service,Two year,Yes,Electronic check,21.65,985.04,0
CUST-06717,Male,0,Yes,Yes,22,Yes,No,Fiber optic,No,No,No,No,No,Yes,Month-to-month,No,Bank transfer (automatic),62.73,1417.76,1
CUST-06718,Female,0,Yes,Yes,2,Yes,No,Fiber optic,Yes,No,No,No,Yes,Yes,Month-to-month,No,Bank transfer (automatic),43.29,87.41,1
CUST-06719,Female,0,Yes,No,72,Yes,No,No,No internet service,No internet service,No internet service,No internet service,No internet service,No internet service,Month-to-month,Yes,Electronic check,20.75,1557.52,0
CUST-06720,Female,0,No,No,42,Yes,Yes,Fiber optic,No,No,No,Yes,No,Yes,Month-to-month,No,Bank transfer (automatic),63.17,2645.67,1
CUST-06721,Male,0,Yes,Yes,9,Yes,Yes,Fiber optic,No,No,No,Yes,Yes,Yes,One year,No,Electronic check,74.78,684.93,1
CUST-06722,Female,0,Yes,Yes,27,Yes,Yes,Fiber optic,No,No,No,Yes,No,No,One year,Yes,Electronic check,75.32,2029.52,1
CUST-06723,Female,0,No,Yes,72,Yes,Yes,Fiber optic,Yes,No,No,No,No,No,One year,Yes,Electronic check,57.86,4036.04,0
CUST-06724,Female,0,No,No,72,Yes,Yes,Fiber optic,No,Yes,Yes,No,No,Yes,Month-to-month,Yes,Credit card (automatic),72.35,5340.49,1
CUST-06725,Male,0,Yes,No,42,Yes,No,Fiber optic,No,No,No,No,Yes,Yes,Month-to-month,Yes,Electronic check,70.4,2972.63,0
CUST-06726,Male,0,No,Yes,41,Yes,Yes,Fiber optic,No,Yes,Yes,Yes,Yes,No,Month-to-month,Yes,Bank transfer (automatic),70.85,2765.04,0
CUST-06727,Male,0,Yes,No,10,Yes,Yes,Fiber optic,No,No,Yes,No,No,No,Two year,Yes,Electronic check,58.66,570.14,1
CUST-06728,Female,1,Yes,Yes,72,Yes,Yes,Fiber optic,No,No,Yes,No,No,No,Month-to-month,No,Mailed check,102.62,7579.33,0
CUST-06729,Male,0,Yes,No,8,Yes,Yes,DSL,Yes,No,Yes,Yes,No,No,Month-to-month,Yes,Electronic check,31.74,242.26,0
CUST-06730,Female,1,No,No,2,Yes,Yes,Fiber optic,No,No,No,No,No,Yes,Month-to-month,No,Credit card (automatic),70.88,137.6,1
CUST-06731,Male,0,Yes,No,72,Yes,No,No,No internet service,No internet service,No internet service,No internet service,No internet service,No internet service,Month-to-month,No,Mailed check,18.0,1257.25,0
CUST-06732,Male,1,Yes,Yes,5,Yes,No,DSL,Yes,No,Yes,No,Yes,No,Month-to-month,No,Credit card (automatic),68.19,332.77,1
CUST-06733,Female,0,No,No,23,No,No phone service,Fiber optic,No,No,No,No,No,No,Two year,Yes,Mailed check,68.2,1568.53,0
CUST-06734,Male,0,Yes,Yes,20,Yes,No,No,No internet service,No internet service,No internet service,No internet service,No internet service,No internet service,Month-to-month,Yes,Electronic check,18.0,375.3,0
CUST-06735,Female,1,Yes,Yes,60,Yes,Yes,Fiber optic,No,Yes,No,Yes,No,No,Two year,Yes,Mailed check,51.37,3160.75,0
CUST-06736,Female,0,Yes,No,16,Yes,No,DSL,No,No,No,Yes,No,No,One year,No,Electronic check,62.15,986.17,0
CUST-06737,Male,0,Yes,Yes,22,Yes,No,DSL,No,No,Yes,No,No,No,Two year,Yes,Credit card (automatic),78.62,1721.89,0
CUST-06738,Female,0,No,No,1,Yes,Yes,Fiber optic,No,Yes,No,Yes,No,Yes,Month-to-month,Yes,Electronic check,90.14,86.6,1
CUST-06739,Female,0,No,No,7,Yes,Yes,DSL,No,No,No,Yes,No,Yes,Month-to-month,No,Electronic check,56.78,403.15,0
CUST-06740,Male,0,Yes,No,57,Yes,No,Fiber optic,No,No,No,No,Yes,Yes,One year,Yes,Bank transfer (automatic),101.4,5949.97,0
CUST-06741,Male,0,Yes,No,20,Yes,No,DSL,No,No,No,No,Yes,No,Month-to-month,Yes,Electronic check,52.77,1085.35,0
CUST-06742,Female,1,No,No,8,Yes,Yes,No,No internet service,No internet service,No internet service,No internet service,No internet service,No internet service,Two year,No,Electronic check,20.36,165.47,0
CUST-06743,Male,0,Yes,No,14,Yes,Yes,No,No internet service,No internet service,No internet service,No internet service,No internet service,No internet service,Month-to-month,No,Mailed check,22.38,315.22,0
CUST-06744,Female,1,No,No,10,Yes,No,DSL,No,Yes,Yes,No,No,No,One year,Yes,Electronic check,68.12,648.94,0
CUST-06745,Female,1,Yes,Yes,25,Yes,No,No,No internet service,No internet service,No internet service,No internet service,No internet service,No internet service,Two year,Yes,Electronic check,19.13,499.35,0
CUST-06746,Male,0,No,No,1,No,No phone service,Fiber optic,No,Yes,Yes,No,No,Yes,Month-to-month,No,Bank transfer (automatic),76.73,78.51,1
CUST-06747,Male,0,No,No,8,Yes,No,Fiber optic,No,No,No,No,Yes,No,Two year,Yes,Electronic check,87.54,679.59,1
CUST-06748,Male,0,No,No,14,Yes,No,DSL,No,No,No,No,No,No,Month-to-month,Yes,Bank transfer (automatic),74.96,1005.74,1
CUST-06749,Male,0,Yes,No,72,Yes,No,Fiber optic,No,Yes,Yes,No,Yes,Yes,One year,No,Mailed check,93.93,6546.23,0
CUST-06750,Female,0,No,No,31,Yes,No,DSL,Yes,Yes,Yes,Yes,No,Yes,Two year,No,Bank transfer (automatic),57.58,1825.51,0
CUST-06751,Female,0,No,No,22,Yes,No,Fiber optic,Yes,Yes,Yes,Yes,Yes,Yes,Month-to-month,No,Bank transfer (automatic),66.21,1493.79,1
CUST-06752,Male,0,No,No,6,Yes,No,DSL,Yes,No,No,No,Yes,No,Month-to-month,Yes,Electronic check,68.84,433.03,1
CUST-06753,Male,0,Yes,Yes,26,Yes,No,No,No internet service,No internet service,No internet service,No internet service,No internet service,No internet service,Month-to-month,No,Credit card (automatic),18.0,488.85,1
CUST-06754,Female,0,No,No,72,Yes,Yes,Fiber optic,Yes,No,Yes,No,No,No,Month-to-month,Yes,Credit card (automatic),68.3,4925.56,0
CUST-06755,Female,0,Yes,No,26,Yes,Yes,Fiber optic,No,Yes,No,No,Yes,No,Month-to-month,Yes,Mailed check,73.38,1878.27,1
CUST-06756,Female,0,Yes,No,5,No,No phone service,Fiber optic,No,No,No,No,No,No,Month-to-month,Yes,Mailed check,39.82,193.18,0
CUST-06757,Female,0,No,No,72,Yes,No,No,No internet service,No internet service,No internet service,No internet service,No internet service,No internet service,Month-to-month,Yes,Credit card (automatic),23.22,1622.18,0
CUST-06758,Male,0,Yes,No,22,Yes,Yes,DSL,No,No,No,No,No,No,Month-to-month,Yes,Mailed check,54.26,1153.58,0
CUST-06759,Female,1,No,No,12,Yes,Yes,No,No internet service,No internet service,No internet service,No internet service,No internet service,No internet service,Two year,Yes,Mailed check,20.0,241.37,0
CUST-06760,Female,0,No,No,22,Yes,No,Fiber optic,Yes,Yes,No,No,Yes,Yes,One year,Yes,Bank transfer (automatic),100.67,2109.54,0
CUST-06761,Male,0,No,No,9,Yes,No,Fiber optic,No,No,No,No,No,No,Month-to-month,Yes,Electronic check,83.45,736.29,1
CUST-06762,Female,0,No,No,1,Yes,No,No,No internet service,No internet service,No internet service,No internet service,No internet service,No internet service,One year,No,Bank transfer (automatic),26.47,26.18,0
CUST-06763,Female,1,No,No,70,Yes,No,Fiber optic,No,Yes,No,No,No,Yes,Two year,Yes,Electronic check,96.24,6507.63,0
CUST-06764,Male,0,Yes,Yes,17,Yes,No,DSL,No,No,Yes,No,No,No,Month-to-month,No,Electronic check,25.47,447.67,1
CUST-06765,Male,0,No,Yes,44,Yes,Yes,Fiber optic,Yes,No,No,No,Yes,No,Two year,Yes,Credit card (automatic),90.99,3884.53,0
CUST-06766,Male,1,Yes,No,72,Yes,No,Fiber optic,No,No,No,No,No,No,One year,No,Mailed check,60.56,4459.02,1
CUST-06767,Female,0,Yes,No,32,No,No phone service,Fiber optic,No,Yes,Yes,Yes,No,No,Two year,Yes,Mailed check,86.13,2856.72,0
CUST-06768,Female,0,No,No,37,Yes,Yes,Fiber optic,No,No,Yes,Yes,No,Yes,One year,No,Electronic check,81.87,3036.91,0
CUST-06769,Male,0,Yes,No,72,Yes,No,DSL,Yes,Yes,No,No,No,Yes,One year,No,Electronic check,19.89,1456.58,0
CUST-06770,Male,1,Yes,No,23,Yes,No,Fiber optic,No,Yes,No,Yes,No,Yes,Month-to-month,No,Mailed check,60.87,1380.63,0
CUST-06771,Female,0,No,No,12,Yes,No,DSL,No,No,No,No,No,Yes,Month-to-month,No,Bank transfer (automatic),78.09,972.97,0
CUST-06772,Male,0,Yes,Yes,72,Yes,No,DSL,No,No,No,Yes,No,No,Month-to-month,Yes,Bank transfer (automatic),61.08,4207.67,0
CUST-06773,Male,0,Yes,No,2,Yes,Yes,Fiber optic,No,No,Yes,No,Yes,No,Month-to-month,Yes,Credit card (automatic),42.8,86.87,1
CUST-06774,Male,0,Yes,No,7,Yes,No,DSL,No,Yes,No,Yes,No,No,Month-to-month,Yes,Credit card (automatic),27.45,189.5,0
CUST-06775,Female,0,No,Yes,13,Yes,Yes,Fiber optic,No,Yes,Yes,No,No,No,Month-to-month,No,Credit card (automatic),84.6,1116.68,1
CUST-06776,Female,0,No,Yes,48,Yes,Yes,DSL,No,Yes,No,No,No,Yes,Month-to-month,Yes,Bank transfer (automatic),70.92,3472.5,1
CUST-06777,Female,0,No,Yes,72,Yes,No,No,No internet service,No internet service,No internet service,No internet service,No internet service,No internet service,Month-to-month,Yes,Electronic check,19.95,1455.92,1
CUST-06778,Female,0,Yes,Yes,19,Yes,No,DSL,Yes,Yes,Yes,No,Yes,Yes,Month-to-month,No,Credit card (automatic),48.58,961.22,0
CUST-06779,Female,0,No,No,10,Yes,No,Fiber optic,No,No,No,Yes,Yes,Yes,One year,Yes,Credit card (automatic),81.98,834.78,0
CUST-06780,Female,0,No,No,13,Yes,No,Fiber optic,Yes,No,No,No,No,No,Month-to-month,Yes,Mailed check,55.59,729.63,0
CUST-06781,Male,0,Yes,Yes,34,Yes,Yes,Fiber optic,No,Yes,No,No,No,No,Month-to-month,Yes,Electronic check,62.68,2055.54,0
CUST-06782,Female,0,Yes,Yes,5,Yes,Yes,Fiber optic,No,No,Yes,No,No,Yes,Month-to-month,No,Electronic check,69.39,339.59,1
CUST-06783,Female,0,No,No,25,Yes,No,Fiber optic,Yes,No,Yes,No,No,No,Two year,Yes,Bank transfer (automatic),74.48,1775.35,0
CUST-06784,Male,0,No,No,28,Yes,No,Fiber optic,No,No,Yes,Yes,No,No,One year,Yes,Bank transfer (automatic),73.14,2026.25,0
CUST-06785,Female,0,No,No,39,Yes,No,DSL,No,No,No,Yes,No,No,Month-to-month,No,Electronic check,66.06,2477.47,0
CUST-06786,Female,0,Yes,Yes,29,Yes,No,DSL,No,No,Yes,No,No,No,Month-to-month,No,Credit card (automatic),47.62,1418.76,1
CUST-06787,Male,0,No,Yes,3,Yes,No,Fiber optic,Yes,No,No,No,No,No,One year,Yes,Mailed check,68.1,201.2,0
CUST-06788,Male,0,Yes,No,37,Yes,No,No,No internet service,No internet service,No internet service,No internet service,No internet service,No internet service,Two year,No,Bank transfer (automatic),21.28,802.2,0
CUST-06789,Male,0,Yes,No,1,Yes,Yes,Fiber optic,No,No,Yes,No,No,No,Month-to-month,No,Mailed check,75.04,77.84,1
CUST-06790,Female,1,Yes,No,15,Yes,No,Fiber optic,Yes,No,Yes,No,Yes,No,One year,No,Electronic check,70.24,1065.02,1
CUST-06791,Male,0,No,No,17,Yes,No,DSL,No,Yes,No,No,No,No,Month-to-month,Yes,Credit card (automatic),83.12,1374.2,1
CUST-06792,Female,0,No,No,3,Yes,No,No,No internet service,No internet service,No internet service,No internet service,No internet service,No internet service,Month-to-month,Yes,Electronic check,18.0,52.04,1
CUST-06793,Female,1,No,No,1,Yes,No,Fiber optic,Yes,No,No,No,No,Yes,One year,Yes,Bank transfer (automatic),44.89,44.54,0
CUST-06794,Female,0,No,No,2,Yes,No,Fiber optic,No,Yes,Yes,Yes,No,No,Month-to-month,Yes,Mailed check,87.67,166.97,1
CUST-06795,Female,0,Yes,Yes,18,Yes,Yes,DSL,No,Yes,No,No,No,Yes,One year,Yes,Electronic check,65.46,1144.9,0
CUST-06796,Male,0,No,No,8,Yes,No,Fiber optic,No,Yes,No,No,No,No,Month-to-month,No,Mailed check,51.01,388.62,1
CUST-06797,Male,0,No,Yes,2,Yes,Yes,DSL,Yes,No,No,Yes,No,No,One year,Yes,Electronic check,72.4,146.37,0
CUST-06798,Female,0,Yes,No,9,Yes,Yes,Fiber optic,Yes,No,No,No,Yes,Yes,Month-to-month,Yes,Credit card (automatic),56.99,522.75,0
CUST-06799,Male,0,Yes,Yes,24,Yes,Yes,DSL,No,No,No,No,No,Yes,Month-to-month,No,Credit card (automatic),32.56,798.32,0
CUST-06800,Female,0,Yes,No,43,Yes,Yes,DSL,Yes,No,No,No,No,No,Month-to-month,No,Credit card (automatic),50.56,2192.15,0
CUST-06801,Female,0,Yes,No,16,No,No phone service,DSL,No,Yes,No,No,Yes,No,Month-to-month,Yes,Credit card (automatic),55.05,874.49,1
CUST-06802,Female,0,Yes,No,30,No,No phone service,No,No internet service,No internet service,No internet service,No internet service,No internet service,No internet service,Month-to-month,No,Credit card (automatic),20.85,616.21,0
CUST-06803,Male,1,Yes,No,29,No,No phone service,Fiber optic,No,Yes,Yes,No,No,No,Month-to-month,No,Bank transfer (automatic),68.14,1932.37,0
CUST-06804,Female,0,No,No,72,Yes,Yes,Fiber optic,No,Yes,No,No,No,No,Month-to-month,No,Credit card (automatic),107.4,8009.18,0
CUST-06805,Female,0,Yes,Yes,6,Yes,No,Fiber optic,Yes,No,No,No,No,Yes,Two year,No,Electronic check,83.86,509.71,0
CUST-06806,Male,0,Yes,No,20,Yes,No,Fiber optic,No,Yes,Yes,No,No,Yes,One year,No,Electronic check,90.83,1809.55,0
CUST-06807,Male,0,No,No,31,Yes,No,DSL,No,Yes,Yes,No,Yes,No,Month-to-month,Yes,Electronic check,41.15,1273.39,0
CUST-06808,Male,0,Yes,No,23,Yes,Yes,DSL,No,No,No,Yes,No,Yes,Month-to-month,Yes,Electronic check,41.39,923.03,0
CUST-06809,Male,0,No,No,19,Yes,No,DSL,No,No,No,No,No,No,One year,No,Electronic check,60.09,1089.59,0
CUST-06810,Female,0,No,No,72,Yes,No,DSL,No,No,No,Yes,No,Yes,Two year,No,Mailed check,63.86,4519.39,0
CUST-06811,Male,0,Yes,Yes,72,Yes,Yes,DSL,No,No,No,No,No,No,Month-to-month,Yes,Bank transfer (automatic),62.59,4288.29,0
CUST-06812,Female,0,Yes,Yes,30,Yes,No,No,No internet service,No internet service,No internet service,No internet service,No internet service,No internet service,Month-to-month,Yes,Bank transfer (automatic),23.45,676.82,0
CUST-06813,Male,0,Yes,Yes,18,Yes,Yes,DSL,No,Yes,No,No,No,Yes,One year,Yes,Bank transfer (automatic),44.44,772.58,0
CUST-06814,Male,1,Yes,No,45,Yes,No,DSL,Yes,No,Yes,Yes,No,Yes,Month-to-month,No,Credit card (automatic),43.62,2009.28,0
CUST-06815,Male,1,Yes,Yes,23,Yes,Yes,DSL,No,Yes,No,No,No,Yes,Month-to-month,Yes,Credit card (automatic),45.03,999.4,0
CUST-06816,Male,0,Yes,No,72,Yes,No,Fiber optic,No,Yes,Yes,No,Yes,Yes,One year,Yes,Bank transfer (automatic),73.21,5138.42,1
CUST-06817,Male,0,Yes,Yes,37,Yes,Yes,Fiber optic,No,No,Yes,No,No,Yes,Month-to-month,No,Electronic check,56.34,2023.65,0
CUST-06818,Male,0,No,No,2,No,No phone service,DSL,No,No,No,No,No,No,Month-to-month,Yes,Bank transfer (automatic),53.08,102.26,0
CUST-06819,Female,0,Yes,Yes,16,Yes,No,DSL,No,No,No,Yes,Yes,Yes,One year,No,Mailed check,54.11,896.27,0
CUST-06820,Male,1,No,No,41,Yes,Yes,DSL,No,No,Yes,No,No,No,Month-to-month,Yes,Electronic check,50.99,2022.51,0
CUST-06821,Male,0,Yes,Yes,59,Yes,Yes,Fiber optic,No,Yes,No,No,Yes,No,One year,Yes,Electronic check,103.44,6170.37,0
CUST-06822,Male,0,No,No,53,Yes,No,Fiber optic,Yes,Yes,No,No,Yes,No,Two year,Yes,Electronic check,104.39,5288.86,0
CUST-06823,Male,1,Yes,Yes,72,Yes,Yes,No,No internet service,No internet service,No internet service,No internet service,No internet service,No internet service,Month-to-month,Yes,Bank transfer (automatic),20.84,1514.47,0
CUST-06824,Female,1,No,No,21,Yes,Yes,Fiber optic,No,No,Yes,Yes,No,Yes,One year,Yes,Mailed check,83.5,1742.93,0
CUST-06825,Male,0,Yes,No,4,Yes,Yes,Fiber optic,Yes,Yes,No,No,No,Yes,Month-to-month,Yes,Mailed check,66.79,272.53,1
CUST-06826,Male,0,No,No,33,Yes,Yes,DSL,No,No,No,Yes,Yes,No,Two year,No,Bank transfer (automatic),55.13,1806.27,0
CUST-06827,Male,0,Yes,No,2,Yes,Yes,No,No internet service,No internet service,No internet service,No internet service,No internet service,No internet service,Month-to-month,No,Credit card (automatic),18.54,37.19,1
CUST-06828,Male,0,No,No,72,Yes,Yes,DSL,No,Yes,Yes,No,Yes,No,Month-to-month,No,Mailed check,58.94,4358.4,0
CUST-06829,Female,0,Yes,No,45,No,No phone service,Fiber optic,No,No,Yes,Yes,No,No,Two year,Yes,Mailed check,70.53,3216.78,0
CUST-06830,Male,0,No,Yes,72,Yes,Yes,Fiber optic,No,No,Yes,No,No,No,One year,No,Electronic check,72.1,5164.05,1
CUST-06831,Female,0,Yes,No,15,Yes,No,DSL,No,No,No,No,No,Yes,Month-to-month,Yes,Mailed check,73.83,1145.52,1
CUST-06832,Male,0,Yes,Yes,1,No,No phone service,DSL,Yes,Yes,No,Yes,Yes,No,Two year,No,Bank transfer (automatic),55.09,56.75,0
CUST-06833,Female,0,Yes,No,23,Yes,Yes,Fiber optic,No,No,No,Yes,No,Yes,Month-to-month,Yes,Electronic check,79.18,1897.51,1
CUST-06834,Female,0,Yes,No,4,Yes,Yes,Fiber optic,Yes,Yes,Yes,Yes,No,Yes,One year,Yes,Electronic check,97.71,382.25,0
CUST-06835,Male,0,No,No,36,Yes,Yes,Fiber optic,Yes,No,No,No,No,No,Two year,Yes,Credit card (automatic),70.62,2466.51,0
CUST-06836,Male,0,No,No,22,Yes,No,No,No internet service,No internet service,No internet service,No internet service,No internet service,No internet service,One year,Yes,Electronic check,23.33,507.15,0
CUST-06837,Female,0,Yes,Yes,44,Yes,No,DSL,No,No,Yes,Yes,Yes,No,Two year,Yes,Credit card (automatic),80.83,3729.09,0
CUST-06838,Female,0,No,No,11,Yes,No,No,No internet service,No internet service,No internet service,No internet service,No internet service,No internet service,One year,Yes,Electronic check,18.39,198.53,0
CUST-06839,Male,0,No,Yes,56,Yes,Yes,DSL,Yes,Yes,No,No,Yes,Yes,Two year,No,Electronic check,59.88,3499.27,0
CUST-06840,Female,0,No,No,33,Yes,No,DSL,No,No,No,No,No,Yes,Two year,No,Mailed check,76.97,2567.4,0
CUST-06841,Female,0,Yes,Yes,72,Yes,No,No,No internet service,No internet service,No internet service,No internet service,No internet service,No internet service,Month-to-month,No,Electronic check,18.0,1255.33,0
CUST-06842,Female,0,Yes,No,6,Yes,No,DSL,Yes,Yes,Yes,No,Yes,No,Month-to-month,No,Bank transfer (automatic),70.47,434.27,0
CUST-06843,Male,0,No,No,1,Yes,Yes,Fiber optic,Yes,Yes,No,No,Yes,No,One year,Yes,Mailed check,74.18,70.54,1
CUST-06844,Female,0,Yes,No,60,Yes,Yes,DSL,No,No,Yes,Yes,No,Yes,Two year,No,Credit card (automatic),45.55,2788.05,0
CUST-06845,Female,0,No,No,13,Yes,No,DSL,Yes,No,No,No,No,No,Month-to-month,No,Credit card (automatic),85.55,1149.28,0
CUST-06846,Female,0,No,No,18,Yes,No,Fiber optic,Yes,Yes,No,No,Yes,No,Two year,No,Bank transfer (automatic),73.76,1341.01,1
CUST-06847,Male,0,Yes,No,72,No,No phone service,Fiber optic,No,No,No,Yes,Yes,Yes,Two year,Yes,Electronic check,70.2,5171.2,0
CUST-06848,Male,0,Yes,No,18,Yes,Yes,Fiber optic,No,No,No,Yes,Yes,No,Month-to-month,Yes,Electronic check,57.28,1057.07,1
CUST-06849,Female,1,No,No,11,Yes,Yes,DSL,No,No,Yes,No,No,Yes,Month-to-month,Yes,Electronic check,46.76,499.47,0
CUST-06850,Male,0,Yes,No,1,Yes,No,No,No internet service,No internet service,No internet service,No internet service,No internet service,No internet service,Month-to-month,Yes,Credit card (automatic),20.61,20.42,1
CUST-06851,Female,0,Yes,No,18,Yes,Yes,DSL,No,Yes,Yes,No,No,No,Month-to-month,Yes,Bank transfer (automatic),80.1,1425.63,1
CUST-06852,Male,0,Yes,Yes,34,Yes,No,Fiber optic,Yes,No,No,No,No,No,Two year,No,Electronic check,90.42,3011.42,0
CUST-06853,Male,0,No,No,10,Yes,Yes,Fiber optic,Yes,No,Yes,No,No,Yes,Month-to-month,Yes,Mailed check,86.67,850.74,1
CUST-06854,Female,0,Yes,No,40,Yes,No,No,No internet service,No internet service,No internet service,No internet service,No internet service,No internet service,Two year,No,Credit card (automatic),25.98,1060.46,0
CUST-06855,Male,0,No,No,20,Yes,Yes,No,No internet service,No internet service,No internet service,No internet service,No internet service,No internet service,Month-to-month,Yes,Bank transfer (automatic),24.08,471.79,1
CUST-06856,Male,0,Yes,Yes,62,Yes,No,Fiber optic,No,No,No,No,No,Yes,Month-to-month,No,Credit card (automatic),81.16,5189.14,1
CUST-06857,Male,0,Yes,No,5,Yes,No,Fiber optic,No,No,No,No,Yes,Yes,Month-to-month,Yes,Credit card (automatic),101.65,529.21,1
CUST-06858,Female,0,No,No,45,Yes,Yes,No,No internet service,No internet service,No internet service,No internet service,No internet service,No internet service,Two year,Yes,Bank transfer (automatic),22.98,1072.04,0
CUST-06859,Male,1,No,No,72,Yes,No,DSL,No,No,No,Yes,No,Yes,Month-to-month,Yes,Credit card (automatic),65.89,4908.94,0
CUST-06860,Male,0,Yes,Yes,43,Yes,No,No,No internet service,No internet service,No internet service,No internet service,No internet service,No internet service,One year,Yes,Bank transfer (automatic),20.3,880.8,0
CUST-06861,Female,0,No,No,16,Yes,Yes,DSL,No,No,No,No,Yes,No,Month-to-month,Yes,Mailed check,42.16,663.81,1
CUST-06862,Male,0,Yes,No,8,No,No phone service,Fiber optic,No,No,Yes,No,Yes,Yes,Month-to-month,No,Bank transfer (automatic),80.72,659.28,0
CUST-06863,Male,0,No,No,3,Yes,No,No,No internet service,No internet service,No internet service,No internet service,No internet service,No internet service,Month-to-month,Yes,Electronic check,18.0,51.66,0
CUST-06864,Male,0,Yes,No,32,Yes,No,No,No internet service,No internet service,No internet service,No internet service,No internet service,No internet service,Month-to-month,Yes,Mailed check,18.0,575.66,1
CUST-06865,Male,0,No,No,4,Yes,No,Fiber optic,No,Yes,Yes,No,No,Yes,Month-to-month,Yes,Credit card (automatic),58.26,238.54,1
CUST-06866,Male,0,No,No,58,Yes,Yes,DSL,No,Yes,Yes,Yes,No,No,One year,Yes,Credit card (automatic),76.38,4449.93,0
CUST-06867,Female,0,Yes,No,72,Yes,Yes,DSL,No,No,Yes,No,No,Yes,Month-to-month,No,Credit card (automatic),61.33,4292.33,0
CUST-06868,Female,0,No,Yes,4,Yes,Yes,Fiber optic,Yes,Yes,No,No,Yes,No,Month-to-month,No,Credit card (automatic),77.04,298.97,1
CUST-06869,Male,0,No,No,15,Yes,No,No,No internet service,No internet service,No internet service,No internet service,No internet service,No internet service,Month-to-month,No,Bank transfer (automatic),18.0,257.36,0
CUST-06870,Male,0,Yes,No,72,Yes,Yes,DSL,No,No,Yes,No,Yes,No,Month-to-month,No,Electronic check,66.73,4999.59,0
CUST-06871,Male,0,No,No,20,Yes,Yes,No,No internet service,No internet service,No internet service,No internet service,No internet service,No internet service,One year,Yes,Bank transfer (automatic),20.72,404.65,0
CUST-06872,Female,1,No,No,24,Yes,No,Fiber optic,Yes,No,No,No,No,Yes,Month-to-month,Yes,Electronic check,50.77,1196.83,1
CUST-06873,Female,1,No,No,44,Yes,Yes,No,No internet service,No internet service,No internet service,No internet service,No internet service,No internet service,Month-to-month,No,Electronic check,25.67,1087.22,0
CUST-06874,Male,0,No,No,7,Yes,Yes,No,No internet service,No internet service,No internet service,No internet service,No internet service,No internet service,Two year,No,Electronic check,21.33,147.16,0
CUST-06875,Male,0,No,No,72,No,No phone service,DSL,Yes,No,Yes,No,No,Yes,Month-to-month,No,Electronic check,85.32,6058.67,0
CUST-06876,Female,0,No,No,48,Yes,No,Fiber optic,No,No,No,Yes,Yes,No,Month-to-month,Yes,Bank transfer (automatic),95.25,4705.73,1
CUST-06877,Male,0,No,No,5,Yes,Yes,Fiber optic,No,No,No,No,No,Yes,Month-to-month,Yes,Credit card (automatic),110.95,548.79,1
CUST-06878,Female,0,Yes,No,3,Yes,No,DSL,Yes,No,No,No,No,Yes,Two year,Yes,Bank transfer (automatic),60.0,186.63,0
CUST-06879,Female,1,No,No,72,Yes,No,Fiber optic,Yes,No,No,No,Yes,No,One year,No,Electronic check,101.64,7362.5,0
CUST-06880,Male,0,Yes,No,36,Yes,No,Fiber optic,No,No,Yes,No,Yes,No,Month-to-month,No,Credit card (automatic),79.45,2988.93,0
CUST-06881,Female,0,No,No,1,Yes,Yes,No,No internet service,No internet service,No internet service,No internet service,No internet service,No internet service,Month-to-month,No,Credit card (automatic),18.0,18.88,0
CUST-06882,Male,0,No,No,4,Yes,No,DSL,No,No,No,No,Yes,Yes,Month-to-month,Yes,Electronic check,36.72,142.03,0
CUST-06883,Male,0,Yes,No,1,Yes,No,Fiber optic,Yes,No,No,Yes,No,Yes,Two year,Yes,Mailed check,61.43,59.71,0
CUST-06884,Male,0,Yes,No,72,No,No phone service,No,No internet service,No internet service,No internet service,No internet service,No internet service,No internet service,Two year,Yes,Bank transfer (automatic),22.6,1681.56,0
CUST-06885,Male,0,Yes,Yes,22,Yes,No,DSL,No,No,Yes,No,No,No,Month-to-month,No,Mailed check,52.01,1161.55,0
CUST-06886,Male,0,Yes,No,19,Yes,Yes,Fiber optic,Yes,No,Yes,No,No,No,Month-to-month,Yes,Credit card (automatic),80.3,1543.23,1
CUST-06887,Male,0,No,No,72,Yes,No,DSL,No,No,Yes,No,No,Yes,Month-to-month,Yes,Mailed check,84.96,6410.99,1
CUST-06888,Female,1,Yes,No,22,Yes,No,No,No internet service,No internet service,No internet service,No internet service,No internet service,No internet service,Two year,Yes,Electronic check,20.01,454.6,0
CUST-06889,Female,0,No,Yes,23,Yes,No,Fiber optic,No,No,Yes,Yes,No,Yes,One year,No,Mailed check,88.58,2017.44,0
CUST-06890,Female,1,No,Yes,72,Yes,Yes,DSL,No,No,No,No,No,No,Two year,No,Bank transfer (automatic),86.08,6244.42,0
CUST-06891,Female,0,No,Yes,3,No,No phone service,No,No internet service,No internet service,No internet service,No internet service,No internet service,No internet service,Month-to-month,No,Credit card (automatic),24.78,74.03,0
CUST-06892,Male,0,Yes,No,72,Yes,No,DSL,Yes,Yes,Yes,No,No,No,Two year,Yes,Mailed check,55.03,4025.8,0
CUST-06893,Female,0,No,Yes,5,Yes,Yes,DSL,No,No,No,No,Yes,Yes,Month-to-month,Yes,Credit card (automatic),42.85,212.44,1
CUST-06894,Female,0,Yes,Yes,20,No,No phone service,Fiber optic,Yes,No,Yes,No,No,No,Month-to-month,Yes,Electronic check,87.6,1738.99,1
CUST-06895,Female,0,No,No,13,Yes,No,Fiber optic,No,Yes,Yes,No,No,Yes,Month-to-month,Yes,Mailed check,70.94,941.35,1
CUST-06896,Male,0,No,No,72,Yes,No,No,No internet service,No internet service,No internet service,No internet service,No internet service,No internet service,Two year,No,Bank transfer (automatic),19.54,1342.85,0
CUST-06897,Female,0,Yes,No,21,Yes,Yes,Fiber optic,Yes,Yes,Yes,No,No,No,Month-to-month,No,Credit card (automatic),64.82,1335.22,1
CUST-06898,Male,0,Yes,No,1,Yes,No,Fiber optic,No,No,No,No,No,No,Month-to-month,No,Bank transfer (automatic),90.38,89.08,1
CUST-06899,Female,0,Yes,No,8,Yes,No,DSL,Yes,Yes,Yes,Yes,Yes,No,One year,Yes,Electronic check,67.24,547.09,0
CUST-06900,Male,0,No,No,18,Yes,Yes,DSL,No,No,No,No,No,Yes,Two year,Yes,Electronic check,45.27,781.26,0
CUST-06901,Male,0,Yes,No,36,Yes,No,DSL,No,No,No,Yes,No,Yes,Two year,Yes,Electronic check,62.37,2189.2,0
CUST-06902,Female,0,No,No,26,Yes,No,Fiber optic,No,No,Yes,No,No,No,Month-to-month,No,Bank transfer (automatic),70.07,1794.54,0
CUST-06903,Male,0,Yes,No,60,Yes,Yes,No,No internet service,No internet service,No internet service,No internet service,No internet service,No internet service,Two year,No,Mailed check,20.18,1248.27,0
CUST-06904,Male,0,No,No,56,Yes,No,DSL,No,Yes,Yes,No,Yes,No,One year,Yes,Credit card (automatic),74.73,4128.68,0
CUST-06905,Female,0,Yes,Yes,28,Yes,No,No,No internet service,No internet service,No internet service,No internet service,No internet service,No internet service,Two year,No,Credit card (automatic),18.0,521.43,0
CUST-06906,Female,1,Yes,No,27,Yes,No,No,No internet service,No internet service,No internet service,No internet service,No internet service,No internet service,Two year,Yes,Credit card (automatic),18.24,508.09,0
CUST-06907,Female,0,Yes,No,10,Yes,Yes,No,No internet service,No internet service,No internet service,No internet service,No internet service,No internet service,Month-to-month,No,Electronic check,23.98,244.03,1
CUST-06908,Male,0,No,Yes,72,Yes,No,Fiber optic,Yes,No,No,No,No,No,Month-to-month,Yes,Credit card (automatic),73.05,5179.24,0
CUST-06909,Male,1,No,No,2,Yes,Yes,DSL,No,No,No,No,Yes,Yes,One year,Yes,Electronic check,39.95,83.76,0
CUST-06910,Male,1,Yes,No,16,Yes,No,Fiber optic,Yes,No,Yes,No,No,Yes,Two year,No,Mailed check,95.8,1484.53,0
CUST-06911,Female,0,Yes,Yes,34,No,No phone service,DSL,No,No,Yes,No,No,Yes,Month-to-month,Yes,Electronic check,72.26,2393.15,0
CUST-06912,Male,1,Yes,No,72,Yes,No,No,No internet service,No internet service,No internet service,No internet service,No internet service,No internet service,Month-to-month,No,Electronic check,22.18,1644.29,0
CUST-06913,Male,0,No,No,22,Yes,Yes,Fiber optic,Yes,No,Yes,No,No,No,One year,No,Electronic check,66.7,1492.64,1
CUST-06914,Male,0,Yes,No,72,Yes,No,No,No internet service,No internet service,No internet service,No internet service,No internet service,No internet service,One year,Yes,Mailed check,20.61,1512.35,0
CUST-06915,Male,0,No,No,3,No,No phone service,Fiber optic,No,No,Yes,No,No,No,Two year,Yes,Electronic check,50.14,143.79,0
CUST-06916,Male,0,No,No,24,No,No phone service,No,No internet service,No internet service,No internet service,No internet service,No internet service,No internet service,One year,No,Electronic check,20.98,521.05,0
CUST-06917,Male,0,No,No,12,No,No phone service,DSL,No,Yes,Yes,No,No,No,Month-to-month,Yes,Bank transfer (automatic),47.68,553.22,0
CUST-06918,Male,0,No,No,50,Yes,No,Fiber optic,Yes,No,No,Yes,No,No,Two year,No,Bank transfer (automatic),87.67,4337.34,0
CUST-06919,Female,1,Yes,No,18,Yes,Yes,Fiber optic,No,Yes,No,Yes,No,No,One year,No,Electronic check,100.1,1878.54,1
CUST-06920,Female,0,No,No,20,Yes,No,Fiber optic,No,No,No,Yes,No,No,One year,Yes,Mailed check,42.2,805.0,1
CUST-06921,Female,0,Yes,Yes,2,Yes,No,Fiber optic,No,No,Yes,Yes,No,No,Two year,Yes,Bank transfer (automatic),75.94,149.53,0
CUST-06922,Male,0,Yes,No,18,Yes,No,Fiber optic,Yes,No,No,No,No,No,One year,No,Electronic check,80.46,1408.62,0
CUST-06923,Male,0,No,Yes,2,Yes,Yes,DSL,No,Yes,No,No,Yes,No,Month-to-month,No,Credit card (automatic),82.55,171.2,1
CUST-06924,Female,0,Yes,No,11,Yes,No,Fiber optic,Yes,Yes,Yes,No,No,No,Month-to-month,Yes,Credit card (automatic),65.3,721.17,1
CUST-06925,Male,0,Yes,No,4,Yes,No,DSL,No,No,No,No,Yes,No,Two year,No,Electronic check,73.04,299.31,1
CUST-06926,Female,1,Yes,No,13,Yes,No,Fiber optic,No,No,No,No,Yes,No,Month-to-month,No,Mailed check,87.08,1179.63,1
CUST-06927,Male,0,Yes,Yes,8,Yes,No,Fiber optic,No,No,No,No,No,Yes,Month-to-month,Yes,Mailed check,82.64,689.28,1
CUST-06928,Male,0,Yes,No,10,No,No phone service,Fiber optic,No,No,No,Yes,No,Yes,Two year,Yes,Electronic check,68.74,667.48,0
CUST-06929,Female,0,Yes,No,5,Yes,Yes,Fiber optic,No,No,Yes,No,No,Yes,Month-to-month,Yes,Bank transfer (automatic),66.48,324.19,1
CUST-06930,Female,0,Yes,Yes,18,Yes,Yes,Fiber optic,No,Yes,No,No,Yes,No,Month-to-month,No,Bank transfer (automatic),80.36,1426.59,0
CUST-06931,Female,1,No,No,22,Yes,No,No,No internet service,No internet service,No internet service,No internet service,No internet service,No internet service,Month-to-month,Yes,Credit card (automatic),18.0,415.56,0
CUST-06932,Female,0,No,No,57,Yes,No,DSL,No,Yes,No,Yes,No,No,Two year,No,Electronic check,43.32,2532.52,0
CUST-06933,Female,0,No,No,24,Yes,No,DSL,No,No,No,No,No,Yes,One year,No,Bank transfer (automatic),36.72,886.85,0
CUST-06934,Male,0,No,No,8,Yes,Yes,Fiber optic,No,Yes,No,No,No,Yes,Month-to-month,Yes,Credit card (automatic),77.82,632.1,1
CUST-06935,Male,0,No,No,42,No,No phone service,DSL,No,No,No,Yes,No,No,Two year,No,Bank transfer (automatic),85.33,3423.5,0
CUST-06936,Male,0,No,No,11,Yes,No,No,No internet service,No internet service,No internet service,No internet service,No internet service,No internet service,Month-to-month,Yes,Mailed check,20.01,219.2,1
CUST-06937,Female,0,No,No,45,Yes,No,No,No internet service,No internet service,No internet service,No internet service,No internet service,No internet service,Month-to-month,No,Electronic check,18.0,835.18,0
CUST-06938,Female,0,No,No,15,Yes,Yes,DSL,Yes,No,No,No,Yes,Yes,Month-to-month,Yes,Mailed check,66.04,949.15,0
CUST-06939,Female,0,Yes,No,23,No,No phone service,Fiber optic,Yes,No,No,Yes,No,No,One year,Yes,Mailed check,55.77,1295.19,0
CUST-06940,Female,0,No,No,22,Yes,Yes,No,No internet service,No internet service,No internet service,No internet service,No internet service,No internet service,One year,Yes,Bank transfer (automatic),25.34,580.28,0
CUST-06941,Female,0,No,No,72,Yes,No,DSL,Yes,Yes,No,No,No,Yes,Month-to-month,No,Electronic check,79.25,5506.49,0
CUST-06942,Female,0,No,No,5,Yes,No,DSL,Yes,No,No,No,Yes,No,One year,No,Mailed check,27.94,138.58,0
CUST-06943,Male,0,No,No,72,No,No phone service,No,No internet service,No internet service,No internet service,No internet service,No internet service,No internet service,Month-to-month,Yes,Credit card (automatic),27.89,1956.69,0
CUST-06944,Male,1,Yes,Yes,26,Yes,No,Fiber optic,Yes,No,No,No,No,No,Two year,Yes,Bank transfer (automatic),66.23,1708.6,0
CUST-06945,Male,0,Yes,No,72,Yes,No,Fiber optic,No,Yes,No,No,Yes,No,Month-to-month,Yes,Mailed check,63.09,4643.55,0
CUST-06946,Male,0,No,No,27,Yes,Yes,Fiber optic,Yes,No,Yes,No,Yes,No,One year,Yes,Electronic check,90.86,2531.02,1
CUST-06947,Male,0,No,No,34,No,No phone service,Fiber optic,Yes,Yes,Yes,Yes,No,Yes,One year,No,Electronic check,97.35,3260.04,1
CUST-06948,Female,0,Yes,No,44,Yes,No,DSL,No,Yes,No,No,Yes,Yes,One year,No,Bank transfer (automatic),78.45,3364.28,0
CUST-06949,Female,0,Yes,No,55,Yes,Yes,Fiber optic,Yes,No,No,Yes,Yes,Yes,Month-to-month,No,Mailed check,78.03,4108.74,0
CUST-06950,Female,1,No,Yes,20,Yes,No,Fiber optic,No,No,No,Yes,Yes,No,Month-to-month,Yes,Electronic check,74.86,1540.7,1
CUST-06951,Female,0,Yes,No,36,No,No phone service,Fiber optic,No,No,No,No,No,No,Two year,Yes,Credit card (automatic),102.03,3557.4,1
CUST-06952,Female,0,Yes,No,30,Yes,Yes,No,No internet service,No internet service,No internet service,No internet service,No internet service,No internet service,Month-to-month,Yes,Electronic check,18.66,586.41,0
CUST-06953,Female,0,Yes,Yes,16,Yes,Yes,DSL,No,No,No,Yes,No,No,Two year,Yes,Electronic check,40.54,669.87,0
CUST-06954,Male,1,Yes,No,55,No,No phone service,DSL,No,No,No,Yes,No,No,Month-to-month,No,Mailed check,71.55,3920.01,1
CUST-06955,Female,0,Yes,No,6,Yes,Yes,DSL,No,Yes,Yes,Yes,Yes,No,Month-to-month,Yes,Electronic check,67.38,405.22,0
CUST-06956,Female,0,No,No,5,Yes,No,No,No internet service,No internet service,No internet service,No internet service,No internet service,No internet service,One year,Yes,Electronic check,18.0,94.38,0
CUST-06957,Female,1,Yes,No,42,Yes,No,DSL,No,Yes,No,Yes,No,No,Month-to-month,Yes,Mailed check,34.31,1402.16,0
CUST-06958,Female,0,Yes,Yes,32,Yes,No,Fiber optic,No,No,No,No,Yes,No,Two year,No,Credit card (automatic),72.41,2348.98,0
CUST-06959,Male,0,No,Yes,12,Yes,No,DSL,No,No,No,No,No,Yes,Two year,No,Bank transfer (automatic),65.69,816.29,0
CUST-06960,Male,0,No,Yes,32,Yes,Yes,DSL,No,No,No,No,Yes,No,Two year,No,Electronic check,60.08,1937.7,0
CUST-06961,Female,0,Yes,No,47,Yes,Yes,DSL,Yes,No,Yes,Yes,Yes,Yes,One year,Yes,Mailed check,29.39,1377.44,0
CUST-06962,Male,0,No,No,7,Yes,Yes,DSL,Yes,Yes,Yes,No,Yes,No,Month-to-month,Yes,Electronic check,32.99,234.89,0
CUST-06963,Male,0,No,No,27,Yes,No,Fiber optic,No,No,Yes,No,Yes,No,Month-to-month,Yes,Bank transfer (automatic),45.72,1291.6,1
CUST-06964,Female,0,No,Yes,55,Yes,No,DSL,No,Yes,No,No,Yes,No,Two year,Yes,Mailed check,57.76,3140.24,0
CUST-06965,Female,0,No,No,16,Yes,No,Fiber optic,No,No,No,No,Yes,No,Month-to-month,Yes,Electronic check,50.09,838.34,1
CUST-06966,Female,0,No,No,27,Yes,No,Fiber optic,Yes,No,No,Yes,No,No,Two year,Yes,Mailed check,51.88,1447.86,0
CUST-06967,Female,0,Yes,No,2,Yes,Yes,DSL,Yes,Yes,No,No,No,No,One year,Yes,Credit card (automatic),45.56,90.79,1
CUST-06968,Female,0,No,No,56,Yes,Yes,DSL,No,No,Yes,No,Yes,Yes,One year,Yes,Mailed check,62.19,3513.97,0
CUST-06969,Male,0,No,Yes,50,Yes,Yes,DSL,No,No,No,No,Yes,No,One year,Yes,Credit card (automatic),40.91,1998.42,0
CUST-06970,Female,0,Yes,Yes,19,Yes,Yes,DSL,No,Yes,No,No,No,No,Two year,Yes,Mailed check,72.41,1376.47,0
CUST-06971,Female,0,No,No,4,Yes,No,Fiber optic,No,No,No,Yes,Yes,No,Month-to-month,No,Bank transfer (automatic),70.15,290.31,0
CUST-06972,Female,0,No,Yes,34,Yes,Yes,Fiber optic,Yes,No,No,No,No,No,Month-to-month,Yes,Bank transfer (automatic),73.83,2498.3,1
CUST-06973,Male,0,No,No,27,Yes,No,No,No internet service,No internet service,No internet service,No internet service,No internet service,No internet service,Month-to-month,No,Bank transfer (automatic),18.0,500.85,0
CUST-06974,Female,0,Yes,Yes,72,Yes,No,No,No internet service,No internet service,No internet service,No internet service,No internet service,No internet service,Month-to-month,Yes,Bank transfer (automatic),18.11,1260.92,0
CUST-06975,Female,0,Yes,No,10,Yes,No,Fiber optic,Yes,No,No,No,No,No,Two year,Yes,Credit card (automatic),63.77,614.76,0
CUST-06976,Female,0,No,No,1,Yes,Yes,DSL,No,No,Yes,No,No,No,Month-to-month,No,Credit card (automatic),21.46,20.42,1
CUST-06977,Male,0,Yes,No,9,Yes,Yes,DSL,No,No,Yes,Yes,No,No,Two year,Yes,Electronic check,56.72,486.89,0
CUST-06978,Female,0,No,No,17,No,No phone service,Fiber optic,No,No,No,No,Yes,Yes,One year,No,Bank transfer (automatic),81.33,1345.89,0
CUST-06979,Female,0,Yes,No,5,Yes,Yes,Fiber optic,No,Yes,No,No,No,No,One year,Yes,Bank transfer (automatic),75.36,393.14,1
CUST-06980,Female,0,No,No,72,Yes,Yes,DSL,No,Yes,No,No,No,Yes,Month-to-month,Yes,Electronic check,74.66,5636.89,1
CUST-06981,Male,0,No,No,8,Yes,Yes,Fiber optic,Yes,Yes,No,Yes,Yes,No,One year,Yes,Electronic check,93.03,712.11,1
CUST-06982,Female,0,Yes,No,36,Yes,Yes,DSL,No,Yes,No,No,Yes,Yes,One year,Yes,Electronic check,61.89,2258.83,0
CUST-06983,Female,0,Yes,No,19,Yes,Yes,Fiber optic,No,Yes,Yes,No,Yes,No,Month-to-month,No,Electronic check,79.45,1500.34,1
CUST-06984,Female,0,Yes,No,25,Yes,Yes,No,No internet service,No internet service,No internet service,No internet service,No internet service,No internet service,One year,Yes,Credit card (automatic),19.46,497.79,0
CUST-06985,Male,1,Yes,No,72,Yes,Yes,DSL,No,No,No,No,No,Yes,Month-to-month,Yes,Bank transfer (automatic),58.14,3979.16,0
CUST-06986,Female,0,No,No,24,Yes,Yes,No,No internet service,No internet service,No internet service,No internet service,No internet service,No internet service,One year,Yes,Credit card (automatic),18.57,466.53,0
CUST-06987,Female,0,No,No,11,No,No phone service,DSL,No,Yes,No,No,No,No,One year,No,Credit card (automatic),60.89,673.82,0
CUST-06988,Female,0,Yes,No,7,Yes,No,Fiber optic,No,Yes,No,No,No,No,One year,Yes,Mailed check,82.01,601.07,0
CUST-06989,Male,0,Yes,No,71,No,No phone service,Fiber optic,No,No,Yes,Yes,Yes,Yes,Month-to-month,Yes,Credit card (automatic),44.8,3292.88,0
CUST-06990,Male,0,Yes,Yes,72,Yes,Yes,DSL,No,No,No,No,No,Yes,Month-to-month,Yes,Bank transfer (automatic),56.6,3947.76,0
CUST-06991,Female,0,No,Yes,9,Yes,No,Fiber optic,No,No,Yes,Yes,No,No,Two year,Yes,Mailed check,73.34,665.98,0
CUST-06992,Male,0,Yes,Yes,40,Yes,Yes,Fiber optic,No,No,No,Yes,No,Yes,Month-to-month,No,Electronic check,92.45,3616.03,1
CUST-06993,Male,0,No,No,22,Yes,No,No,No internet service,No internet service,No internet service,No internet service,No internet service,No internet service,Two year,No,Mailed check,18.0,391.85,0
CUST-06994,Male,0,No,No,38,Yes,No,DSL,No,No,No,No,Yes,No,Month-to-month,No,Electronic check,59.48,2314.36,1
CUST-06995,Female,0,No,Yes,72,No,No phone service,Fiber optic,No,No,No,Yes,No,No,Two year,No,Electronic check,77.82,5859.05,0
CUST-06996,Female,1,No,No,10,Yes,No,No,No internet service,No internet service,No internet service,No internet service,No internet service,No internet service,Month-to-month,Yes,Electronic check,22.72,219.69,1
CUST-06997,Male,0,No,No,43,Yes,Yes,No,No internet service,No internet service,No internet service,No internet service,No internet service,No internet service,Month-to-month,Yes,Bank transfer (automatic),27.6,1174.03,0
CUST-06998,Male,1,No,No,18,Yes,No,Fiber optic,No,No,Yes,No,Yes,No,Two year,Yes,Mailed check,41.41,733.98,0
CUST-06999,Male,0,No,No,33,Yes,No,DSL,No,Yes,Yes,No,Yes,No,Month-to-month,Yes,Credit card (automatic),56.24,1884.9,0
CUST-07000,Female,1,Yes,Yes,16,Yes,Yes,Fiber optic,No,No,Yes,No,No,No,Month-to-month,No,Credit card (automatic),70.34,1119.96,1
CUST-07001,Female,0,No,No,39,Yes,Yes,Fiber optic,No,No,No,No,Yes,Yes,Month-to-month,Yes,Bank transfer (automatic),45.47,1830.49,0
CUST-07002,Male,0,Yes,Yes,13,Yes,No,DSL,No,Yes,No,Yes,No,Yes,Two year,Yes,Mailed check,41.12,509.82,0
CUST-07003,Male,0,No,Yes,21,Yes,No,Fiber optic,No,No,Yes,Yes,Yes,No,Month-to-month,No,Credit card (automatic),70.68,1550.71,1
CUST-07004,Male,1,No,Yes,39,Yes,No,Fiber optic,No,No,No,No,No,No,Two year,Yes,Mailed check,36.77,1504.83,0
CUST-07005,Male,0,No,No,1,Yes,No,Fiber optic,No,No,Yes,Yes,No,No,One year,Yes,Credit card (automatic),79.56,83.41,0
CUST-07006,Female,0,No,No,12,Yes,Yes,DSL,Yes,No,Yes,Yes,Yes,Yes,Month-to-month,Yes,Electronic check,59.2,696.23,0
CUST-07007,Male,1,Yes,No,25,Yes,No,DSL,Yes,No,No,No,Yes,Yes,Month-to-month,Yes,Mailed check,56.93,1385.18,0
CUST-07008,Female,0,No,No,2,Yes,No,No,No internet service,No internet service,No internet service,No internet service,No internet service,No internet service,Month-to-month,Yes,Electronic check,19.1,36.62,1
CUST-07009,Male,0,Yes,No,38,Yes,No,Fiber optic,No,No,Yes,No,No,No,One year,Yes,Bank transfer (automatic),97.0,3801.7,0
CUST-07010,Male,1,Yes,No,53,Yes,No,DSL,No,Yes,No,No,No,No,One year,Yes,Bank transfer (automatic),43.44,2393.96,0
CUST-07011,Male,0,Yes,No,5,Yes,No,No,No internet service,No internet service,No internet service,No internet service,No internet service,No internet service,Month-to-month,Yes,Mailed check,19.5,95.96,0
CUST-07012,Male,0,Yes,Yes,42,Yes,Yes,DSL,No,No,Yes,Yes,No,No,One year,Yes,Bank transfer (automatic),70.84,2876.47,0
CUST-07013,Male,0,No,No,33,Yes,No,No,No internet service,No internet service,No internet service,No internet service,No internet service,No internet service,Month-to-month,No,Mailed check,20.19,684.29,1
CUST-07014,Female,0,No,No,16,Yes,No,No,No internet service,No internet service,No internet service,No internet service,No internet service,No internet service,Month-to-month,Yes,Electronic check,24.57,387.91,0
CUST-07015,Male,0,No,No,5,Yes,Yes,Fiber optic,No,No,No,No,No,No,Two year,Yes,Credit card (automatic),90.57,461.45,1
CUST-07016,Male,1,Yes,No,72,Yes,No,DSL,No,No,Yes,No,No,No,Two year,Yes,Mailed check,54.7,3909.82,0
CUST-07017,Male,0,No,No,19,Yes,Yes,No,No internet service,No internet service,No internet service,No internet service,No internet service,No internet service,Month-to-month,Yes,Credit card (automatic),18.0,349.28,0
CUST-07018,Female,0,No,No,6,Yes,Yes,No,No internet service,No internet service,No internet service,No internet service,No internet service,No internet service,Two year,Yes,Mailed check,18.17,111.28,0
CUST-07019,Female,0,No,No,40,Yes,Yes,No,No internet service,No internet service,No internet service,No internet service,No internet service,No internet service,Two year,Yes,Mailed check,18.55,767.83,0
CUST-07020,Female,0,No,Yes,29,Yes,Yes,DSL,Yes,Yes,No,No,No,No,Month-to-month,No,Bank transfer (automatic),69.46,2050.82,1
CUST-07021,Female,0,No,No,54,No,No phone service,Fiber optic,Yes,No,No,No,No,No,Month-to-month,Yes,Bank transfer (automatic),55.08,3074.67,0
CUST-07022,Male,0,Yes,No,72,Yes,Yes,No,No internet service,No internet service,No internet service,No internet service,No internet service,No internet service,One year,No,Electronic check,24.0,1683.03,0
CUST-07023,Male,0,No,No,1,Yes,No,Fiber optic,Yes,No,No,No,No,Yes,Two year,No,Electronic check,29.19,28.82,0
CUST-07024,Male,0,No,No,43,Yes,No,Fiber optic,No,Yes,No,Yes,Yes,Yes,Two year,No,Electronic check,96.93,4319.04,0
CUST-07025,Female,0,No,No,72,Yes,Yes,Fiber optic,Yes,No,Yes,No,No,Yes,Month-to-month,Yes,Electronic check,106.24,7821.66,0
CUST-07026,Male,0,Yes,Yes,24,Yes,No,Fiber optic,No,No,No,No,No,No,Month-to-month,No,Electronic check,57.09,1335.15,1
CUST-07027,Male,0,No,No,40,Yes,No,No,No internet service,No internet service,No internet service,No internet service,No internet service,No internet service,Month-to-month,Yes,Bank transfer (automatic),20.51,802.89,0
CUST-07028,Female,0,No,No,18,Yes,No,Fiber optic,No,Yes,Yes,No,Yes,Yes,Month-to-month,No,Mailed check,73.43,1308.58,1
CUST-07029,Female,0,No,No,14,Yes,No,No,No internet service,No internet service,No internet service,No internet service,No internet service,No internet service,Month-to-month,No,Credit card (automatic),21.97,295.82,0
CUST-07030,Female,0,No,No,38,No,No phone service,Fiber optic,No,No,Yes,No,No,Yes,One year,No,Electronic check,94.99,3728.09,0
CUST-07031,Male,0,Yes,No,72,Yes,No,DSL,No,No,No,No,No,No,Month-to-month,Yes,Bank transfer (automatic),46.75,3254.93,0
CUST-07032,Male,0,Yes,No,3,Yes,Yes,DSL,No,No,No,No,Yes,No,Month-to-month,Yes,Electronic check,67.25,209.4,1
CUST-07033,Female,0,No,No,17,No,No phone service,Fiber optic,No,Yes,No,No,Yes,No,Two year,No,Credit card (automatic),71.29,1195.74,0
CUST-07034,Male,0,No,No,72,Yes,No,No,No internet service,No internet service,No internet service,No internet service,No internet service,No internet service,Month-to-month,Yes,Credit card (automatic),20.39,1398.03,0
CUST-07035,Female,0,No,Yes,3,Yes,No,No,No internet service,No internet service,No internet service,No internet service,No internet service,No internet service,Month-to-month,Yes,Bank transfer (automatic),19.14,56.63,0
CUST-07036,Female,0,Yes,No,33,Yes,Yes,No,No internet service,No internet service,No internet service,No internet service,No internet service,No internet service,One year,No,Bank transfer (automatic),20.98,686.64,0
CUST-07037,Male,0,No,No,17,Yes,No,Fiber optic,No,No,No,No,Yes,No,Month-to-month,Yes,Credit card (automatic),52.72,856.84,0
CUST-07038,Female,0,Yes,No,15,Yes,No,DSL,No,Yes,Yes,No,No,Yes,One year,No,Mailed check,58.88,870.94,0
CUST-07039,Female,0,No,No,7,Yes,No,Fiber optic,No,Yes,Yes,No,No,No,Two year,Yes,Electronic check,71.61,501.61,0
CUST-07040,Female,0,Yes,Yes,6,Yes,Yes,No,No internet service,No internet service,No internet service,No internet service,No internet service,No internet service,Month-to-month,No,Bank transfer (automatic),22.22,139.31,0
CUST-07041,Male,1,No,No,23,Yes,No,DSL,No,No,No,Yes,No,No,Two year,Yes,Electronic check,53.87,1206.44,0
CUST-07042,Female,0,Yes,No,15,Yes,No,Fiber optic,Yes,No,No,No,No,Yes,Month-to-month,No,Mailed check,81.05,1191.37,0
